<?xml version="1.0" encoding="UTF-8"?>
<metadata xml:lang="en"><Esri><CreaDate>20130826</CreaDate><CreaTime>17314600</CreaTime><ArcGISFormat>1.0</ArcGISFormat><SyncOnce>FALSE</SyncOnce><DataProperties><itemProps><itemName Sync="TRUE">FL_pct_20121106_v5</itemName><imsContentType Sync="TRUE">002</imsContentType><itemLocation><linkage Sync="TRUE">file://\\flsen.gov\committees\re\VTDs\_SplitBlocks\FL_pct_20121106_v5\commondata\_splitblocks\FL_pct_20121106_v5</linkage><protocol Sync="TRUE">Local Area Network</protocol></itemLocation><itemSize Sync="TRUE">0.000</itemSize></itemProps><coordRef><type Sync="TRUE">Geographic</type><geogcsn Sync="TRUE">GCS_North_American_1983</geogcsn><csUnits Sync="TRUE">Angular Unit: Degree (0.017453)</csUnits><peXml Sync="TRUE">&lt;GeographicCoordinateSystem xsi:type='typens:GeographicCoordinateSystem' xmlns:xsi='http://www.w3.org/2001/XMLSchema-instance' xmlns:xs='http://www.w3.org/2001/XMLSchema' xmlns:typens='http://www.esri.com/schemas/ArcGIS/10.1'&gt;&lt;WKT&gt;GEOGCS[&amp;quot;GCS_North_American_1983&amp;quot;,DATUM[&amp;quot;D_North_American_1983&amp;quot;,SPHEROID[&amp;quot;GRS_1980&amp;quot;,6378137.0,298.257222101]],PRIMEM[&amp;quot;Greenwich&amp;quot;,0.0],UNIT[&amp;quot;Degree&amp;quot;,0.0174532925199433],METADATA[&amp;quot;North America - NAD83&amp;quot;,167.65,14.93,-47.74,86.45,0.0,0.0174532925199433,0.0,1350],AUTHORITY[&amp;quot;EPSG&amp;quot;,4269]]&lt;/WKT&gt;&lt;XOrigin&gt;-400&lt;/XOrigin&gt;&lt;YOrigin&gt;-400&lt;/YOrigin&gt;&lt;XYScale&gt;11258999068426.238&lt;/XYScale&gt;&lt;ZOrigin&gt;-100000&lt;/ZOrigin&gt;&lt;ZScale&gt;10000&lt;/ZScale&gt;&lt;MOrigin&gt;-100000&lt;/MOrigin&gt;&lt;MScale&gt;10000&lt;/MScale&gt;&lt;XYTolerance&gt;8.9831528411952133e-009&lt;/XYTolerance&gt;&lt;ZTolerance&gt;0.001&lt;/ZTolerance&gt;&lt;MTolerance&gt;0.001&lt;/MTolerance&gt;&lt;HighPrecision&gt;true&lt;/HighPrecision&gt;&lt;LeftLongitude&gt;-180&lt;/LeftLongitude&gt;&lt;WKID&gt;4269&lt;/WKID&gt;&lt;LatestWKID&gt;4269&lt;/LatestWKID&gt;&lt;/GeographicCoordinateSystem&gt;</peXml></coordRef><lineage><Process ToolSource="c:\program files (x86)\arcgis\desktop10.0\ArcToolbox\Toolboxes\Data Management Tools.tbx\CopyFeatures" Date="20120627" Time="162611">CopyFeatures R:\VTDs\_SplitBlocks\ala_pctblock.shp R:\VTDs\_SplitBlocks\Splits.mdb\ala_pctblock # 0 0 0</Process><Process ToolSource="c:\program files\arcgis\desktop10.0\ArcToolbox\Toolboxes\Data Management Tools.tbx\Merge" Date="20121202" Time="220524">Merge R:\VTDs\_SplitBlocks\Splits.mdb\ala_pctblock;R:\VTDs\_SplitBlocks\Splits.mdb\bak_pctblock;R:\VTDs\_SplitBlocks\Splits.mdb\bay_pctblock;R:\VTDs\_SplitBlocks\Splits.mdb\bra_pctblock;R:\VTDs\_SplitBlocks\Splits.mdb\bre_pctblock;R:\VTDs\_SplitBlocks\Splits.mdb\bro_pctblock;R:\VTDs\_SplitBlocks\Splits.mdb\cal_pctblock;R:\VTDs\_SplitBlocks\Splits.mdb\cha_pctblock;R:\VTDs\_SplitBlocks\Splits.mdb\cit_pctblock;R:\VTDs\_SplitBlocks\Splits.mdb\cla_pctblock;R:\VTDs\_SplitBlocks\Splits.mdb\cll_pctblock;R:\VTDs\_SplitBlocks\Splits.mdb\clm_pctblock;R:\VTDs\_SplitBlocks\Splits.mdb\dad_pctblock;R:\VTDs\_SplitBlocks\Splits.mdb\des_pctblock;R:\VTDs\_SplitBlocks\Splits.mdb\dix_pctblock;R:\VTDs\_SplitBlocks\Splits.mdb\duv_pctblock;R:\VTDs\_SplitBlocks\Splits.mdb\esc_pctblock;R:\VTDs\_SplitBlocks\Splits.mdb\fla_pctblock;R:\VTDs\_SplitBlocks\Splits.mdb\fra_pctblock;R:\VTDs\_SplitBlocks\Splits.mdb\gad_pctblock;R:\VTDs\_SplitBlocks\Splits.mdb\gil_pctblock;R:\VTDs\_SplitBlocks\Splits.mdb\gla_pctblock;R:\VTDs\_SplitBlocks\Splits.mdb\gul_pctblock;R:\VTDs\_SplitBlocks\Splits.mdb\ham_pctblock;R:\VTDs\_SplitBlocks\Splits.mdb\har_pctblock;R:\VTDs\_SplitBlocks\Splits.mdb\hen_pctblock;R:\VTDs\_SplitBlocks\Splits.mdb\her_pctblock;R:\VTDs\_SplitBlocks\Splits.mdb\hig_pctblock;R:\VTDs\_SplitBlocks\Splits.mdb\hil_pctblock;R:\VTDs\_SplitBlocks\Splits.mdb\hol_pctblock;R:\VTDs\_SplitBlocks\Splits.mdb\ind_pctblock;R:\VTDs\_SplitBlocks\Splits.mdb\jac_pctblock;R:\VTDs\_SplitBlocks\Splits.mdb\jef_pctblock;R:\VTDs\_SplitBlocks\Splits.mdb\laf_pctblock;R:\VTDs\_SplitBlocks\Splits.mdb\lak_pctblock;R:\VTDs\_SplitBlocks\Splits.mdb\lee_pctblock;R:\VTDs\_SplitBlocks\Splits.mdb\leo_pctblock;R:\VTDs\_SplitBlocks\Splits.mdb\lev_pctblock;R:\VTDs\_SplitBlocks\Splits.mdb\lib_pctblock;R:\VTDs\_SplitBlocks\Splits.mdb\mad_pctblock;R:\VTDs\_SplitBlocks\Splits.mdb\man_pctblock;R:\VTDs\_SplitBlocks\Splits.mdb\mon_pctblock;R:\VTDs\_SplitBlocks\Splits.mdb\mrn_pctblock;R:\VTDs\_SplitBlocks\Splits.mdb\mrt_pctblock;R:\VTDs\_SplitBlocks\Splits.mdb\nas_pctblock;R:\VTDs\_SplitBlocks\Splits.mdb\oka_pctblock;R:\VTDs\_SplitBlocks\Splits.mdb\oke_pctblock;R:\VTDs\_SplitBlocks\Splits.mdb\ora_pctblock;R:\VTDs\_SplitBlocks\Splits.mdb\osc_pctblock;R:\VTDs\_SplitBlocks\Splits.mdb\pal_pctblock;R:\VTDs\_SplitBlocks\Splits.mdb\pas_pctblock;R:\VTDs\_SplitBlocks\Splits.mdb\pin_pctblock;R:\VTDs\_SplitBlocks\Splits.mdb\pol_pctblock;R:\VTDs\_SplitBlocks\Splits.mdb\put_pctblock;R:\VTDs\_SplitBlocks\Splits.mdb\san_pctblock;R:\VTDs\_SplitBlocks\Splits.mdb\sar_pctblock;R:\VTDs\_SplitBlocks\Splits.mdb\sem_pctblock;R:\VTDs\_SplitBlocks\Splits.mdb\sjc_pctblock;R:\VTDs\_SplitBlocks\Splits.mdb\stl_pctblock;R:\VTDs\_SplitBlocks\Splits.mdb\sum_pctblock;R:\VTDs\_SplitBlocks\Splits.mdb\suw_pctblock;R:\VTDs\_SplitBlocks\Splits.mdb\tay_pctblock;R:\VTDs\_SplitBlocks\Splits.mdb\uni_pctblk;R:\VTDs\_SplitBlocks\Splits.mdb\wak_pctblock;R:\VTDs\_SplitBlocks\Splits.mdb\was_pctblock R:\VTDs\_SplitBlocks\pctblock_Merge.gdb\pctblock_merge "County "County" true true false 254 Text 0 0 ,First,#,R:\VTDs\_SplitBlocks\Splits.mdb\ala_pctblock,County,-1,-1,R:\VTDs\_SplitBlocks\Splits.mdb\bak_pctblock,County,-1,-1,R:\VTDs\_SplitBlocks\Splits.mdb\bay_pctblock,County,-1,-1,R:\VTDs\_SplitBlocks\Splits.mdb\bra_pctblock,County,-1,-1,R:\VTDs\_SplitBlocks\Splits.mdb\bre_pctblock,County,-1,-1,R:\VTDs\_SplitBlocks\Splits.mdb\bro_pctblock,County,-1,-1,R:\VTDs\_SplitBlocks\Splits.mdb\cal_pctblock,County,-1,-1,R:\VTDs\_SplitBlocks\Splits.mdb\cha_pctblock,County,-1,-1,R:\VTDs\_SplitBlocks\Splits.mdb\cit_pctblock,County,-1,-1,R:\VTDs\_SplitBlocks\Splits.mdb\cla_pctblock,County,-1,-1,R:\VTDs\_SplitBlocks\Splits.mdb\cll_pctblock,County,-1,-1,R:\VTDs\_SplitBlocks\Splits.mdb\clm_pctblock,County,-1,-1,R:\VTDs\_SplitBlocks\Splits.mdb\dad_pctblock,County,-1,-1,R:\VTDs\_SplitBlocks\Splits.mdb\des_pctblock,County,-1,-1,R:\VTDs\_SplitBlocks\Splits.mdb\dix_pctblock,County,-1,-1,R:\VTDs\_SplitBlocks\Splits.mdb\duv_pctblock,County,-1,-1,R:\VTDs\_SplitBlocks\Splits.mdb\esc_pctblock,County,-1,-1,R:\VTDs\_SplitBlocks\Splits.mdb\fla_pctblock,County,-1,-1,R:\VTDs\_SplitBlocks\Splits.mdb\fra_pctblock,County,-1,-1,R:\VTDs\_SplitBlocks\Splits.mdb\gad_pctblock,County,-1,-1,R:\VTDs\_SplitBlocks\Splits.mdb\gil_pctblock,County,-1,-1,R:\VTDs\_SplitBlocks\Splits.mdb\gla_pctblock,County,-1,-1,R:\VTDs\_SplitBlocks\Splits.mdb\gul_pctblock,County,-1,-1,R:\VTDs\_SplitBlocks\Splits.mdb\ham_pctblock,County,-1,-1,R:\VTDs\_SplitBlocks\Splits.mdb\har_pctblock,County,-1,-1,R:\VTDs\_SplitBlocks\Splits.mdb\hen_pctblock,County,-1,-1,R:\VTDs\_SplitBlocks\Splits.mdb\her_pctblock,County,-1,-1,R:\VTDs\_SplitBlocks\Splits.mdb\hig_pctblock,County,-1,-1,R:\VTDs\_SplitBlocks\Splits.mdb\hil_pctblock,County,-1,-1,R:\VTDs\_SplitBlocks\Splits.mdb\hol_pctblock,County,-1,-1,R:\VTDs\_SplitBlocks\Splits.mdb\ind_pctblock,County,-1,-1,R:\VTDs\_SplitBlocks\Splits.mdb\jac_pctblock,County,-1,-1,R:\VTDs\_SplitBlocks\Splits.mdb\jef_pctblock,County,-1,-1,R:\VTDs\_SplitBlocks\Splits.mdb\laf_pctblock,County,-1,-1,R:\VTDs\_SplitBlocks\Splits.mdb\lak_pctblock,County,-1,-1,R:\VTDs\_SplitBlocks\Splits.mdb\lee_pctblock,County,-1,-1,R:\VTDs\_SplitBlocks\Splits.mdb\leo_pctblock,County,-1,-1,R:\VTDs\_SplitBlocks\Splits.mdb\lev_pctblock,County,-1,-1,R:\VTDs\_SplitBlocks\Splits.mdb\lib_pctblock,County,-1,-1,R:\VTDs\_SplitBlocks\Splits.mdb\mad_pctblock,County,-1,-1,R:\VTDs\_SplitBlocks\Splits.mdb\man_pctblock,County,-1,-1,R:\VTDs\_SplitBlocks\Splits.mdb\mon_pctblock,County,-1,-1,R:\VTDs\_SplitBlocks\Splits.mdb\mrn_pctblock,County,-1,-1,R:\VTDs\_SplitBlocks\Splits.mdb\mrt_pctblock,County,-1,-1,R:\VTDs\_SplitBlocks\Splits.mdb\nas_pctblock,County,-1,-1,R:\VTDs\_SplitBlocks\Splits.mdb\oka_pctblock,County,-1,-1,R:\VTDs\_SplitBlocks\Splits.mdb\oke_pctblock,County,-1,-1,R:\VTDs\_SplitBlocks\Splits.mdb\ora_pctblock,County,-1,-1,R:\VTDs\_SplitBlocks\Splits.mdb\osc_pctblock,County,-1,-1,R:\VTDs\_SplitBlocks\Splits.mdb\pal_pctblock,County,-1,-1,R:\VTDs\_SplitBlocks\Splits.mdb\pas_pctblock,County,-1,-1,R:\VTDs\_SplitBlocks\Splits.mdb\pin_pctblock,County,-1,-1,R:\VTDs\_SplitBlocks\Splits.mdb\pol_pctblock,County,-1,-1,R:\VTDs\_SplitBlocks\Splits.mdb\put_pctblock,County,-1,-1,R:\VTDs\_SplitBlocks\Splits.mdb\san_pctblock,County,-1,-1,R:\VTDs\_SplitBlocks\Splits.mdb\sar_pctblock,County,-1,-1,R:\VTDs\_SplitBlocks\Splits.mdb\sem_pctblock,County,-1,-1,R:\VTDs\_SplitBlocks\Splits.mdb\sjc_pctblock,County,-1,-1,R:\VTDs\_SplitBlocks\Splits.mdb\stl_pctblock,County,-1,-1,R:\VTDs\_SplitBlocks\Splits.mdb\sum_pctblock,County,-1,-1,R:\VTDs\_SplitBlocks\Splits.mdb\suw_pctblock,County,-1,-1,R:\VTDs\_SplitBlocks\Splits.mdb\tay_pctblock,County,-1,-1,R:\VTDs\_SplitBlocks\Splits.mdb\uni_pctblk,County,-1,-1,R:\VTDs\_SplitBlocks\Splits.mdb\wak_pctblock,County,-1,-1,R:\VTDs\_SplitBlocks\Splits.mdb\was_pctblock,County,-1,-1;Precinct "Precinct" true true false 254 Text 0 0 ,First,#,R:\VTDs\_SplitBlocks\Splits.mdb\ala_pctblock,Precinct,-1,-1,R:\VTDs\_SplitBlocks\Splits.mdb\bak_pctblock,Precinct,-1,-1,R:\VTDs\_SplitBlocks\Splits.mdb\bay_pctblock,Precinct,-1,-1,R:\VTDs\_SplitBlocks\Splits.mdb\bra_pctblock,Precinct,-1,-1,R:\VTDs\_SplitBlocks\Splits.mdb\bre_pctblock,Precinct,-1,-1,R:\VTDs\_SplitBlocks\Splits.mdb\bro_pctblock,PRECINCT,-1,-1,R:\VTDs\_SplitBlocks\Splits.mdb\cal_pctblock,Precinct,-1,-1,R:\VTDs\_SplitBlocks\Splits.mdb\cha_pctblock,Precinct,-1,-1,R:\VTDs\_SplitBlocks\Splits.mdb\cit_pctblock,Precinct,-1,-1,R:\VTDs\_SplitBlocks\Splits.mdb\cla_pctblock,Precinct,-1,-1,R:\VTDs\_SplitBlocks\Splits.mdb\cll_pctblock,Precinct,-1,-1,R:\VTDs\_SplitBlocks\Splits.mdb\clm_pctblock,Precinct,-1,-1,R:\VTDs\_SplitBlocks\Splits.mdb\dad_pctblock,Precinct,-1,-1,R:\VTDs\_SplitBlocks\Splits.mdb\des_pctblock,Precinct,-1,-1,R:\VTDs\_SplitBlocks\Splits.mdb\dix_pctblock,Precinct,-1,-1,R:\VTDs\_SplitBlocks\Splits.mdb\duv_pctblock,Precinct,-1,-1,R:\VTDs\_SplitBlocks\Splits.mdb\esc_pctblock,Precinct,-1,-1,R:\VTDs\_SplitBlocks\Splits.mdb\fla_pctblock,Precinct,-1,-1,R:\VTDs\_SplitBlocks\Splits.mdb\fra_pctblock,Precinct,-1,-1,R:\VTDs\_SplitBlocks\Splits.mdb\gad_pctblock,Precinct,-1,-1,R:\VTDs\_SplitBlocks\Splits.mdb\gil_pctblock,Precinct,-1,-1,R:\VTDs\_SplitBlocks\Splits.mdb\gla_pctblock,Precinct,-1,-1,R:\VTDs\_SplitBlocks\Splits.mdb\gul_pctblock,Precinct,-1,-1,R:\VTDs\_SplitBlocks\Splits.mdb\ham_pctblock,Precinct,-1,-1,R:\VTDs\_SplitBlocks\Splits.mdb\har_pctblock,Precinct,-1,-1,R:\VTDs\_SplitBlocks\Splits.mdb\hen_pctblock,Precinct,-1,-1,R:\VTDs\_SplitBlocks\Splits.mdb\her_pctblock,Precinct,-1,-1,R:\VTDs\_SplitBlocks\Splits.mdb\hig_pctblock,Precinct,-1,-1,R:\VTDs\_SplitBlocks\Splits.mdb\hil_pctblock,Precinct,-1,-1,R:\VTDs\_SplitBlocks\Splits.mdb\hol_pctblock,Precinct,-1,-1,R:\VTDs\_SplitBlocks\Splits.mdb\ind_pctblock,Precinct,-1,-1,R:\VTDs\_SplitBlocks\Splits.mdb\jac_pctblock,Precinct,-1,-1,R:\VTDs\_SplitBlocks\Splits.mdb\jef_pctblock,Precinct,-1,-1,R:\VTDs\_SplitBlocks\Splits.mdb\laf_pctblock,Precinct,-1,-1,R:\VTDs\_SplitBlocks\Splits.mdb\lak_pctblock,Precinct,-1,-1,R:\VTDs\_SplitBlocks\Splits.mdb\lee_pctblock,Precinct,-1,-1,R:\VTDs\_SplitBlocks\Splits.mdb\leo_pctblock,Precinct,-1,-1,R:\VTDs\_SplitBlocks\Splits.mdb\lev_pctblock,Precinct,-1,-1,R:\VTDs\_SplitBlocks\Splits.mdb\lib_pctblock,Precinct,-1,-1,R:\VTDs\_SplitBlocks\Splits.mdb\mad_pctblock,Precinct,-1,-1,R:\VTDs\_SplitBlocks\Splits.mdb\man_pctblock,Precinct,-1,-1,R:\VTDs\_SplitBlocks\Splits.mdb\mon_pctblock,Precinct,-1,-1,R:\VTDs\_SplitBlocks\Splits.mdb\mrn_pctblock,Precinct,-1,-1,R:\VTDs\_SplitBlocks\Splits.mdb\mrt_pctblock,Precinct,-1,-1,R:\VTDs\_SplitBlocks\Splits.mdb\nas_pctblock,Precinct,-1,-1,R:\VTDs\_SplitBlocks\Splits.mdb\oka_pctblock,Precinct,-1,-1,R:\VTDs\_SplitBlocks\Splits.mdb\oke_pctblock,Precinct,-1,-1,R:\VTDs\_SplitBlocks\Splits.mdb\ora_pctblock,Precinct,-1,-1,R:\VTDs\_SplitBlocks\Splits.mdb\osc_pctblock,Precinct,-1,-1,R:\VTDs\_SplitBlocks\Splits.mdb\pal_pctblock,Precinct,-1,-1,R:\VTDs\_SplitBlocks\Splits.mdb\pas_pctblock,Precinct,-1,-1,R:\VTDs\_SplitBlocks\Splits.mdb\pin_pctblock,Precinct,-1,-1,R:\VTDs\_SplitBlocks\Splits.mdb\pol_pctblock,Precinct,-1,-1,R:\VTDs\_SplitBlocks\Splits.mdb\put_pctblock,Precinct,-1,-1,R:\VTDs\_SplitBlocks\Splits.mdb\san_pctblock,Precinct,-1,-1,R:\VTDs\_SplitBlocks\Splits.mdb\sar_pctblock,PRECINCT,-1,-1,R:\VTDs\_SplitBlocks\Splits.mdb\sem_pctblock,Precinct,-1,-1,R:\VTDs\_SplitBlocks\Splits.mdb\sjc_pctblock,Precinct,-1,-1,R:\VTDs\_SplitBlocks\Splits.mdb\stl_pctblock,Precinct,-1,-1,R:\VTDs\_SplitBlocks\Splits.mdb\sum_pctblock,Precinct,-1,-1,R:\VTDs\_SplitBlocks\Splits.mdb\suw_pctblock,Precinct,-1,-1,R:\VTDs\_SplitBlocks\Splits.mdb\tay_pctblock,Precinct,-1,-1,R:\VTDs\_SplitBlocks\Splits.mdb\uni_pctblk,Precinct,-1,-1,R:\VTDs\_SplitBlocks\Splits.mdb\wak_pctblock,Precinct,-1,-1,R:\VTDs\_SplitBlocks\Splits.mdb\was_pctblock,Precinct,-1,-1;Block "Block" true true false 254 Text 0 0 ,First,#,R:\VTDs\_SplitBlocks\Splits.mdb\ala_pctblock,Block,-1,-1,R:\VTDs\_SplitBlocks\Splits.mdb\bak_pctblock,Block,-1,-1,R:\VTDs\_SplitBlocks\Splits.mdb\bay_pctblock,Block,-1,-1,R:\VTDs\_SplitBlocks\Splits.mdb\bra_pctblock,Block,-1,-1,R:\VTDs\_SplitBlocks\Splits.mdb\bre_pctblock,Block,-1,-1,R:\VTDs\_SplitBlocks\Splits.mdb\bro_pctblock,Block,-1,-1,R:\VTDs\_SplitBlocks\Splits.mdb\cal_pctblock,Block,-1,-1,R:\VTDs\_SplitBlocks\Splits.mdb\cha_pctblock,Block,-1,-1,R:\VTDs\_SplitBlocks\Splits.mdb\cit_pctblock,Block,-1,-1,R:\VTDs\_SplitBlocks\Splits.mdb\cla_pctblock,Block,-1,-1,R:\VTDs\_SplitBlocks\Splits.mdb\cll_pctblock,Block,-1,-1,R:\VTDs\_SplitBlocks\Splits.mdb\clm_pctblock,Block,-1,-1,R:\VTDs\_SplitBlocks\Splits.mdb\dad_pctblock,Block,-1,-1,R:\VTDs\_SplitBlocks\Splits.mdb\des_pctblock,Block,-1,-1,R:\VTDs\_SplitBlocks\Splits.mdb\dix_pctblock,Block,-1,-1,R:\VTDs\_SplitBlocks\Splits.mdb\duv_pctblock,Block,-1,-1,R:\VTDs\_SplitBlocks\Splits.mdb\esc_pctblock,Block,-1,-1,R:\VTDs\_SplitBlocks\Splits.mdb\fla_pctblock,Block,-1,-1,R:\VTDs\_SplitBlocks\Splits.mdb\fra_pctblock,Block,-1,-1,R:\VTDs\_SplitBlocks\Splits.mdb\gad_pctblock,Block,-1,-1,R:\VTDs\_SplitBlocks\Splits.mdb\gil_pctblock,Block,-1,-1,R:\VTDs\_SplitBlocks\Splits.mdb\gla_pctblock,Block,-1,-1,R:\VTDs\_SplitBlocks\Splits.mdb\gul_pctblock,Block,-1,-1,R:\VTDs\_SplitBlocks\Splits.mdb\ham_pctblock,Block,-1,-1,R:\VTDs\_SplitBlocks\Splits.mdb\har_pctblock,Block,-1,-1,R:\VTDs\_SplitBlocks\Splits.mdb\hen_pctblock,Block,-1,-1,R:\VTDs\_SplitBlocks\Splits.mdb\her_pctblock,Block,-1,-1,R:\VTDs\_SplitBlocks\Splits.mdb\hig_pctblock,Block,-1,-1,R:\VTDs\_SplitBlocks\Splits.mdb\hil_pctblock,Block,-1,-1,R:\VTDs\_SplitBlocks\Splits.mdb\hol_pctblock,Block,-1,-1,R:\VTDs\_SplitBlocks\Splits.mdb\ind_pctblock,Block,-1,-1,R:\VTDs\_SplitBlocks\Splits.mdb\jac_pctblock,Block,-1,-1,R:\VTDs\_SplitBlocks\Splits.mdb\jef_pctblock,Block,-1,-1,R:\VTDs\_SplitBlocks\Splits.mdb\laf_pctblock,Block,-1,-1,R:\VTDs\_SplitBlocks\Splits.mdb\lak_pctblock,Block,-1,-1,R:\VTDs\_SplitBlocks\Splits.mdb\lee_pctblock,Block,-1,-1,R:\VTDs\_SplitBlocks\Splits.mdb\leo_pctblock,Block,-1,-1,R:\VTDs\_SplitBlocks\Splits.mdb\lev_pctblock,Block,-1,-1,R:\VTDs\_SplitBlocks\Splits.mdb\lib_pctblock,Block,-1,-1,R:\VTDs\_SplitBlocks\Splits.mdb\mad_pctblock,Block,-1,-1,R:\VTDs\_SplitBlocks\Splits.mdb\man_pctblock,Block,-1,-1,R:\VTDs\_SplitBlocks\Splits.mdb\mon_pctblock,Block,-1,-1,R:\VTDs\_SplitBlocks\Splits.mdb\mrn_pctblock,Block,-1,-1,R:\VTDs\_SplitBlocks\Splits.mdb\mrt_pctblock,Block,-1,-1,R:\VTDs\_SplitBlocks\Splits.mdb\nas_pctblock,Block,-1,-1,R:\VTDs\_SplitBlocks\Splits.mdb\oka_pctblock,Block,-1,-1,R:\VTDs\_SplitBlocks\Splits.mdb\oke_pctblock,Block,-1,-1,R:\VTDs\_SplitBlocks\Splits.mdb\ora_pctblock,Block,-1,-1,R:\VTDs\_SplitBlocks\Splits.mdb\osc_pctblock,Block,-1,-1,R:\VTDs\_SplitBlocks\Splits.mdb\pal_pctblock,Block,-1,-1,R:\VTDs\_SplitBlocks\Splits.mdb\pas_pctblock,Block,-1,-1,R:\VTDs\_SplitBlocks\Splits.mdb\pin_pctblock,Block,-1,-1,R:\VTDs\_SplitBlocks\Splits.mdb\pol_pctblock,Block,-1,-1,R:\VTDs\_SplitBlocks\Splits.mdb\put_pctblock,Block,-1,-1,R:\VTDs\_SplitBlocks\Splits.mdb\san_pctblock,Block,-1,-1,R:\VTDs\_SplitBlocks\Splits.mdb\sar_pctblock,Block,-1,-1,R:\VTDs\_SplitBlocks\Splits.mdb\sem_pctblock,Block,-1,-1,R:\VTDs\_SplitBlocks\Splits.mdb\sjc_pctblock,Block,-1,-1,R:\VTDs\_SplitBlocks\Splits.mdb\stl_pctblock,Block,-1,-1,R:\VTDs\_SplitBlocks\Splits.mdb\sum_pctblock,Block,-1,-1,R:\VTDs\_SplitBlocks\Splits.mdb\suw_pctblock,Block,-1,-1,R:\VTDs\_SplitBlocks\Splits.mdb\tay_pctblock,Block,-1,-1,R:\VTDs\_SplitBlocks\Splits.mdb\uni_pctblk,Block,-1,-1,R:\VTDs\_SplitBlocks\Splits.mdb\wak_pctblock,Block,-1,-1,R:\VTDs\_SplitBlocks\Splits.mdb\was_pctblock,Block,-1,-1;Split "Split" true true false 254 Text 0 0 ,First,#,R:\VTDs\_SplitBlocks\Splits.mdb\ala_pctblock,Split,-1,-1,R:\VTDs\_SplitBlocks\Splits.mdb\bak_pctblock,Split,-1,-1,R:\VTDs\_SplitBlocks\Splits.mdb\bay_pctblock,Split,-1,-1,R:\VTDs\_SplitBlocks\Splits.mdb\bra_pctblock,Split,-1,-1,R:\VTDs\_SplitBlocks\Splits.mdb\bre_pctblock,Split,-1,-1,R:\VTDs\_SplitBlocks\Splits.mdb\bro_pctblock,Split,-1,-1,R:\VTDs\_SplitBlocks\Splits.mdb\cal_pctblock,Split,-1,-1,R:\VTDs\_SplitBlocks\Splits.mdb\cha_pctblock,Split,-1,-1,R:\VTDs\_SplitBlocks\Splits.mdb\cit_pctblock,Split,-1,-1,R:\VTDs\_SplitBlocks\Splits.mdb\cla_pctblock,Split,-1,-1,R:\VTDs\_SplitBlocks\Splits.mdb\cll_pctblock,Split,-1,-1,R:\VTDs\_SplitBlocks\Splits.mdb\clm_pctblock,Split,-1,-1,R:\VTDs\_SplitBlocks\Splits.mdb\dad_pctblock,Split,-1,-1,R:\VTDs\_SplitBlocks\Splits.mdb\des_pctblock,Split,-1,-1,R:\VTDs\_SplitBlocks\Splits.mdb\dix_pctblock,Split,-1,-1,R:\VTDs\_SplitBlocks\Splits.mdb\duv_pctblock,Split,-1,-1,R:\VTDs\_SplitBlocks\Splits.mdb\esc_pctblock,Split,-1,-1,R:\VTDs\_SplitBlocks\Splits.mdb\fla_pctblock,Split,-1,-1,R:\VTDs\_SplitBlocks\Splits.mdb\fra_pctblock,Split,-1,-1,R:\VTDs\_SplitBlocks\Splits.mdb\gad_pctblock,Split,-1,-1,R:\VTDs\_SplitBlocks\Splits.mdb\gil_pctblock,Split,-1,-1,R:\VTDs\_SplitBlocks\Splits.mdb\gla_pctblock,Split,-1,-1,R:\VTDs\_SplitBlocks\Splits.mdb\gul_pctblock,Split,-1,-1,R:\VTDs\_SplitBlocks\Splits.mdb\ham_pctblock,Split,-1,-1,R:\VTDs\_SplitBlocks\Splits.mdb\har_pctblock,Split,-1,-1,R:\VTDs\_SplitBlocks\Splits.mdb\hen_pctblock,Split,-1,-1,R:\VTDs\_SplitBlocks\Splits.mdb\her_pctblock,Split,-1,-1,R:\VTDs\_SplitBlocks\Splits.mdb\hig_pctblock,Split,-1,-1,R:\VTDs\_SplitBlocks\Splits.mdb\hil_pctblock,Split,-1,-1,R:\VTDs\_SplitBlocks\Splits.mdb\hol_pctblock,Split,-1,-1,R:\VTDs\_SplitBlocks\Splits.mdb\ind_pctblock,Split,-1,-1,R:\VTDs\_SplitBlocks\Splits.mdb\jac_pctblock,Split,-1,-1,R:\VTDs\_SplitBlocks\Splits.mdb\jef_pctblock,Split,-1,-1,R:\VTDs\_SplitBlocks\Splits.mdb\laf_pctblock,Split,-1,-1,R:\VTDs\_SplitBlocks\Splits.mdb\lak_pctblock,Split,-1,-1,R:\VTDs\_SplitBlocks\Splits.mdb\lee_pctblock,Split,-1,-1,R:\VTDs\_SplitBlocks\Splits.mdb\leo_pctblock,Split,-1,-1,R:\VTDs\_SplitBlocks\Splits.mdb\lev_pctblock,Split,-1,-1,R:\VTDs\_SplitBlocks\Splits.mdb\lib_pctblock,Split,-1,-1,R:\VTDs\_SplitBlocks\Splits.mdb\mad_pctblock,Split,-1,-1,R:\VTDs\_SplitBlocks\Splits.mdb\man_pctblock,Split,-1,-1,R:\VTDs\_SplitBlocks\Splits.mdb\mon_pctblock,Split,-1,-1,R:\VTDs\_SplitBlocks\Splits.mdb\mrn_pctblock,Split,-1,-1,R:\VTDs\_SplitBlocks\Splits.mdb\mrt_pctblock,Split,-1,-1,R:\VTDs\_SplitBlocks\Splits.mdb\nas_pctblock,Split,-1,-1,R:\VTDs\_SplitBlocks\Splits.mdb\oka_pctblock,Split,-1,-1,R:\VTDs\_SplitBlocks\Splits.mdb\oke_pctblock,Split,-1,-1,R:\VTDs\_SplitBlocks\Splits.mdb\ora_pctblock,Split,-1,-1,R:\VTDs\_SplitBlocks\Splits.mdb\osc_pctblock,Split,-1,-1,R:\VTDs\_SplitBlocks\Splits.mdb\pal_pctblock,Split,-1,-1,R:\VTDs\_SplitBlocks\Splits.mdb\pas_pctblock,Split,-1,-1,R:\VTDs\_SplitBlocks\Splits.mdb\pin_pctblock,Split,-1,-1,R:\VTDs\_SplitBlocks\Splits.mdb\pol_pctblock,Split,-1,-1,R:\VTDs\_SplitBlocks\Splits.mdb\put_pctblock,Split,-1,-1,R:\VTDs\_SplitBlocks\Splits.mdb\san_pctblock,Split,-1,-1,R:\VTDs\_SplitBlocks\Splits.mdb\sar_pctblock,Split,-1,-1,R:\VTDs\_SplitBlocks\Splits.mdb\sem_pctblock,Split,-1,-1,R:\VTDs\_SplitBlocks\Splits.mdb\sjc_pctblock,Split,-1,-1,R:\VTDs\_SplitBlocks\Splits.mdb\stl_pctblock,Split,-1,-1,R:\VTDs\_SplitBlocks\Splits.mdb\sum_pctblock,Split,-1,-1,R:\VTDs\_SplitBlocks\Splits.mdb\suw_pctblock,Split,-1,-1,R:\VTDs\_SplitBlocks\Splits.mdb\tay_pctblock,Split,-1,-1,R:\VTDs\_SplitBlocks\Splits.mdb\uni_pctblk,Split,-1,-1,R:\VTDs\_SplitBlocks\Splits.mdb\wak_pctblock,Split,-1,-1,R:\VTDs\_SplitBlocks\Splits.mdb\was_pctblock,Split,-1,-1"</Process><Process ToolSource="c:\program files\arcgis\desktop10.0\ArcToolbox\Toolboxes\Data Management Tools.tbx\Merge" Date="20121210" Time="171527">Merge pctblock_merge;R:\VTDs\_SplitBlocks\Splits_VOL.gdb\VOL_Union_pctblock R:\VTDs\_SplitBlocks\Splits_VOL.gdb\FL_pctblock_wVol "County "County" true true false 254 Text 0 0 ,First,#,pctblock_merge,County,-1,-1,R:\VTDs\_SplitBlocks\Splits_VOL.gdb\VOL_Union_pctblock,County,-1,-1;Precinct "Precinct" true true false 254 Text 0 0 ,First,#,pctblock_merge,Precinct,-1,-1,R:\VTDs\_SplitBlocks\Splits_VOL.gdb\VOL_Union_pctblock,Precinct,-1,-1;Block "Block" true true false 254 Text 0 0 ,First,#,pctblock_merge,Block,-1,-1,R:\VTDs\_SplitBlocks\Splits_VOL.gdb\VOL_Union_pctblock,Block,-1,-1;Split "Split" true true false 254 Text 0 0 ,First,#,pctblock_merge,Split,-1,-1,R:\VTDs\_SplitBlocks\Splits_VOL.gdb\VOL_Union_pctblock,Split,-1,-1"</Process><Process ToolSource="c:\program files\arcgis\desktop10.0\ArcToolbox\Toolboxes\Data Management Tools.tbx\Merge" Date="20121212" Time="091034">Merge FL_pctblock_wVol;R:\VTDs\_SplitBlocks\Splits.mdb\WAL_pctblock R:\VTDs\_SplitBlocks\Splits.mdb\FL_pctblock_wVol_Merge1 "County "County" true true false 254 Text 0 0 ,First,#,FL_pctblock_wVol,County,-1,-1,R:\VTDs\_SplitBlocks\Splits.mdb\WAL_pctblock,County,-1,-1;Precinct "Precinct" true true false 254 Text 0 0 ,First,#,FL_pctblock_wVol,Precinct,-1,-1,R:\VTDs\_SplitBlocks\Splits.mdb\WAL_pctblock,Precinct,-1,-1;Block "Block" true true false 254 Text 0 0 ,First,#,FL_pctblock_wVol,Block,-1,-1,R:\VTDs\_SplitBlocks\Splits.mdb\WAL_pctblock,Block,-1,-1;Split "Split" true true false 254 Text 0 0 ,First,#,FL_pctblock_wVol,Split,-1,-1,R:\VTDs\_SplitBlocks\Splits.mdb\WAL_pctblock,Split,-1,-1"</Process><Process ToolSource="c:\program files (x86)\arcgis\desktop10.1\ArcToolbox\Toolboxes\Data Management Tools.tbx\CalculateField" Date="20130429" Time="094127">CalculateField FL_pctblock Precinct 106 VB #</Process><Process ToolSource="c:\program files (x86)\arcgis\desktop10.1\ArcToolbox\Toolboxes\Data Management Tools.tbx\CalculateField" Date="20130429" Time="094236">CalculateField FL_pctblock Precinct 106 VB #</Process><Process ToolSource="c:\program files (x86)\arcgis\desktop10.1\ArcToolbox\Toolboxes\Data Management Tools.tbx\CalculateField" Date="20130429" Time="094317">CalculateField FL_pctblock Precinct 106 VB #</Process><Process ToolSource="c:\program files (x86)\arcgis\desktop10.1\ArcToolbox\Toolboxes\Data Management Tools.tbx\CalculateField" Date="20130429" Time="094516">CalculateField FL_pctblock Precinct 106 VB #</Process><Process ToolSource="c:\program files (x86)\arcgis\desktop10.1\ArcToolbox\Toolboxes\Data Management Tools.tbx\CalculateField" Date="20130429" Time="094752">CalculateField FL_pctblock Precinct 107 VB #</Process><Process ToolSource="c:\program files (x86)\arcgis\desktop10.1\ArcToolbox\Toolboxes\Data Management Tools.tbx\CalculateField" Date="20130714" Time="142150">CalculateField FL_pctblock_v3 Precinct "null" VB #</Process><Process ToolSource="c:\program files (x86)\arcgis\desktop10.1\ArcToolbox\Toolboxes\Data Management Tools.tbx\CalculateField" Date="20130714" Time="142244">CalculateField FL_pctblock_v3 Precinct "null" VB #</Process><Process ToolSource="c:\program files (x86)\arcgis\desktop10.1\ArcToolbox\Toolboxes\Data Management Tools.tbx\CalculateField" Date="20130714" Time="142539">CalculateField FL_pctblock_v3 Split "null" VB #</Process><Process ToolSource="c:\program files (x86)\arcgis\desktop10.1\ArcToolbox\Toolboxes\Data Management Tools.tbx\CalculateField" Date="20130714" Time="142812">CalculateField FL_pctblock_v3 Split "null" VB #</Process><Process ToolSource="c:\program files (x86)\arcgis\desktop10.1\ArcToolbox\Toolboxes\Data Management Tools.tbx\CalculateField" Date="20130714" Time="172527">CalculateField FL_pctblock_v3 area_m [Shape_Area] VB #</Process><Process ToolSource="c:\program files (x86)\arcgis\desktop10.1\ArcToolbox\Toolboxes\Data Management Tools.tbx\CalculateField" Date="20130714" Time="172911">CalculateField FL_pctblock_v3 cty_pct "[County]&amp;"_"&amp; [Precinct]" VB #</Process><Process ToolSource="c:\program files (x86)\arcgis\desktop10.1\ArcToolbox\Toolboxes\Data Management Tools.tbx\CalculateField" Date="20130715" Time="084721">CalculateField FL_pctblock_v3 Precinct 0.1 VB #</Process><Process ToolSource="c:\program files (x86)\arcgis\desktop10.1\ArcToolbox\Toolboxes\Data Management Tools.tbx\CalculateField" Date="20130715" Time="085106">CalculateField FL_pctblock_v3 cty_pct "[County]&amp;"_"&amp; [Precinct]" VB #</Process><Process ToolSource="c:\program files (x86)\arcgis\desktop10.1\ArcToolbox\Toolboxes\Data Management Tools.tbx\CalculateField" Date="20130715" Time="165553">CalculateField FL_pctblock_v3 County STJ VB #</Process><Process ToolSource="c:\program files (x86)\arcgis\desktop10.1\ArcToolbox\Toolboxes\Data Management Tools.tbx\CalculateField" Date="20130715" Time="165656">CalculateField FL_pctblock_v3 County "STJ" VB #</Process><Process ToolSource="c:\program files (x86)\arcgis\desktop10.1\ArcToolbox\Toolboxes\Data Management Tools.tbx\CalculateField" Date="20130715" Time="165756">CalculateField FL_pctblock_v3 cty_pct "[County]&amp;"_"&amp; [Precinct]" VB #</Process><Process ToolSource="c:\program files (x86)\arcgis\desktop10.1\ArcToolbox\Toolboxes\Data Management Tools.tbx\CalculateField" Date="20130717" Time="145713">CalculateField FL_pctblock_v3 Precinct "408" VB #</Process><Process ToolSource="c:\program files (x86)\arcgis\desktop10.1\ArcToolbox\Toolboxes\Data Management Tools.tbx\CalculateField" Date="20130717" Time="145834">CalculateField FL_pctblock_v3 cty_pct "DUV_408" VB #</Process><Process ToolSource="c:\program files (x86)\arcgis\desktop10.1\ArcToolbox\Toolboxes\Data Management Tools.tbx\Merge" Date="20130723" Time="203151">Merge FL_pctblock_v4;mon2011v4 R:\VTDs\_SplitBlocks\FL_pctblock_20121106_v1.shp "County "County" true true false 254 Text 0 0 ,First,#,FL_pctblock_v4,County,-1,-1,mon2011v4,County,-1,-1;Precinct "Precinct" true true false 254 Text 0 0 ,First,#,FL_pctblock_v4,Precinct,-1,-1,mon2011v4,Precinct,-1,-1;Block "Block" true true false 254 Text 0 0 ,First,#,FL_pctblock_v4,Block,-1,-1,mon2011v4,Block,-1,-1;Split "Split" true true false 254 Text 0 0 ,First,#,FL_pctblock_v4,Split,-1,-1,mon2011v4,Split,-1,-1;area_m "area_m" true true false 19 Double 0 0 ,First,#,FL_pctblock_v4,area_m,-1,-1,mon2011v4,area_m,-1,-1;cty_pct "cty_pct" true true false 50 Text 0 0 ,First,#,FL_pctblock_v4,cty_pct,-1,-1,mon2011v4,cty_pct,-1,-1"</Process><Process ToolSource="c:\program files (x86)\arcgis\desktop10.1\ArcToolbox\Toolboxes\Data Management Tools.tbx\Merge" Date="20130808" Time="162846">Merge FL_pctblock_20121106_v5;FL_pctblock_120690304092000_v5 R:\VTDs\_SplitBlocks\FL_pctblock_20121106_v6.shp "County "County" true true false 254 Text 0 0 ,First,#,FL_pctblock_20121106_v5,County,-1,-1,FL_pctblock_120690304092000_v5,County,-1,-1;Precinct "Precinct" true true false 254 Text 0 0 ,First,#,FL_pctblock_20121106_v5,Precinct,-1,-1,FL_pctblock_120690304092000_v5,Precinct,-1,-1;Block "Block" true true false 254 Text 0 0 ,First,#,FL_pctblock_20121106_v5,Block,-1,-1,FL_pctblock_120690304092000_v5,Block,-1,-1;Split "Split" true true false 254 Text 0 0 ,First,#,FL_pctblock_20121106_v5,Split,-1,-1,FL_pctblock_120690304092000_v5,Split,-1,-1;area_m "area_m" true true false 19 Double 0 0 ,First,#,FL_pctblock_20121106_v5,area_m,-1,-1,FL_pctblock_120690304092000_v5,area_m,-1,-1;cty_pct "cty_pct" true true false 50 Text 0 0 ,First,#,FL_pctblock_20121106_v5,cty_pct,-1,-1,FL_pctblock_120690304092000_v5,cty_pct,-1,-1;pct_std "pct_std" true true false 15 Text 0 0 ,First,#,FL_pctblock_20121106_v5,pct_std,-1,-1,FL_pctblock_120690304092000_v5,pct_std,-1,-1"</Process><Process ToolSource="c:\program files (x86)\arcgis\desktop10.1\ArcToolbox\Toolboxes\Data Management Tools.tbx\Merge" Date="20130809" Time="203656">Merge FL_pctblock_20121106_v6;FL_pctblock_LEE3057_3061_dissolve R:\VTDs\_SplitBlocks\OBSOLETE\FL_pctblock_20121106_v6_merge.shp "County "County" true true false 254 Text 0 0 ,First,#,FL_pctblock_20121106_v6,County,-1,-1,FL_pctblock_LEE3057_3061_dissolve,County,-1,-1;Precinct "Precinct" true true false 254 Text 0 0 ,First,#,FL_pctblock_20121106_v6,Precinct,-1,-1,FL_pctblock_LEE3057_3061_dissolve,Precinct,-1,-1;Block "Block" true true false 254 Text 0 0 ,First,#,FL_pctblock_20121106_v6,Block,-1,-1,FL_pctblock_LEE3057_3061_dissolve,Block,-1,-1;Split "Split" true true false 254 Text 0 0 ,First,#,FL_pctblock_20121106_v6,Split,-1,-1,FL_pctblock_LEE3057_3061_dissolve,Split,-1,-1;area_m "area_m" true true false 19 Double 0 0 ,First,#,FL_pctblock_20121106_v6,area_m,-1,-1,FL_pctblock_LEE3057_3061_dissolve,area_m,-1,-1;cty_pct "cty_pct" true true false 50 Text 0 0 ,First,#,FL_pctblock_20121106_v6,cty_pct,-1,-1,FL_pctblock_LEE3057_3061_dissolve,cty_pct,-1,-1;pct_std "pct_std" true true false 15 Text 0 0 ,First,#,FL_pctblock_20121106_v6,pct_std,-1,-1,FL_pctblock_LEE3057_3061_dissolve,pct_std,-1,-1"</Process><Process ToolSource="c:\program files (x86)\arcgis\desktop10.1\ArcToolbox\Toolboxes\Data Management Tools.tbx\Dissolve" Date="20130809" Time="204737">Dissolve FL_pctblock_20121106_v6_merge R:\VTDs\_SplitBlocks\FL_pctblock_20121106_v5.shp County;Precinct;Block;Split # MULTI_PART DISSOLVE_LINES</Process><Process ToolSource="c:\program files (x86)\arcgis\desktop10.1\ArcToolbox\Toolboxes\Data Management Tools.tbx\CalculateField" Date="20130809" Time="210857">CalculateField FL_pctblock_20121106_v5 cty_pct "[County]&amp;"_"&amp; [Precinct]" VB #</Process><Process ToolSource="c:\program files (x86)\arcgis\desktop10.1\ArcToolbox\Toolboxes\Data Management Tools.tbx\Dissolve" Date="20130814" Time="154157">Dissolve FL_pctblock_20121106_v5 R:\VTDs\_SplitBlocks\FL_pct_20121106_v5.shp County;Precinct;cty_pct "FID COUNT;area_m SUM" MULTI_PART DISSOLVE_LINES</Process></lineage><copyHistory><copy source="R:\VTDs\_SplitBlocks\FL_pct_20121106_v5" dest="\\flsen.gov\committees\re\VTDs\_SplitBlocks\FL_pct_20121106_v5\commondata\_splitblocks\FL_pct_20121106_v5" date="20130815" time="12472600"></copy></copyHistory></DataProperties><SyncDate>20130814</SyncDate><SyncTime>15394100</SyncTime><ModDate>20130814</ModDate><ModTime>15394100</ModTime></Esri><dataIdInfo><envirDesc Sync="TRUE">Microsoft Windows 7 Version 6.1 (Build 7601) Service Pack 1; Esri ArcGIS 10.1.1.3143</envirDesc><dataLang><languageCode value="eng" Sync="TRUE"></languageCode><countryCode value="USA" Sync="TRUE"></countryCode></dataLang><idCitation><resTitle Sync="TRUE">FL_pct_20121106_v5</resTitle><presForm><PresFormCd value="005" Sync="TRUE"></PresFormCd></presForm></idCitation><spatRpType><SpatRepTypCd value="001" Sync="TRUE"></SpatRepTypCd></spatRpType></dataIdInfo><mdLang><languageCode value="eng" Sync="TRUE"></languageCode><countryCode value="USA" Sync="TRUE"></countryCode></mdLang><distInfo><distFormat><formatName Sync="TRUE">Shapefile</formatName></distFormat><distTranOps><transSize Sync="TRUE">0.000</transSize></distTranOps></distInfo><mdHrLv><ScopeCd value="005" Sync="TRUE"></ScopeCd></mdHrLv><mdHrLvName Sync="TRUE">dataset</mdHrLvName><refSysInfo><RefSystem><refSysID><identCode code="4269" Sync="TRUE" value="4269"></identCode><idCodeSpace Sync="TRUE">EPSG</idCodeSpace><idVersion Sync="TRUE">7.11.2</idVersion></refSysID></RefSystem></refSysInfo><spatRepInfo><VectSpatRep><geometObjs Name="FL_pct_20121106_v5"><geoObjTyp><GeoObjTypCd value="002" Sync="TRUE"></GeoObjTypCd></geoObjTyp><geoObjCnt Sync="TRUE">0</geoObjCnt></geometObjs><topLvl><TopoLevCd value="001" Sync="TRUE"></TopoLevCd></topLvl></VectSpatRep></spatRepInfo><spdoinfo><ptvctinf><esriterm Name="FL_pct_20121106_v5"><efeatyp Sync="TRUE">Simple</efeatyp><efeageom code="4" Sync="TRUE"></efeageom><esritopo Sync="TRUE">FALSE</esritopo><efeacnt Sync="TRUE">0</efeacnt><spindex Sync="TRUE">FALSE</spindex><linrefer Sync="TRUE">FALSE</linrefer></esriterm></ptvctinf></spdoinfo><eainfo><detailed Name="FL_pct_20121106_v5"><enttyp><enttypl Sync="TRUE">FL_pct_20121106_v5</enttypl><enttypt Sync="TRUE">Feature Class</enttypt><enttypc Sync="TRUE">0</enttypc></enttyp><attr><attrlabl Sync="TRUE">FID</attrlabl><attalias Sync="TRUE">FID</attalias><attrtype Sync="TRUE">OID</attrtype><attwidth Sync="TRUE">4</attwidth><atprecis Sync="TRUE">0</atprecis><attscale Sync="TRUE">0</attscale><attrdef Sync="TRUE">Internal feature number.</attrdef><attrdefs Sync="TRUE">Esri</attrdefs><attrdomv><udom Sync="TRUE">Sequential unique whole numbers that are automatically generated.</udom></attrdomv></attr><attr><attrlabl Sync="TRUE">Shape</attrlabl><attalias Sync="TRUE">Shape</attalias><attrtype Sync="TRUE">Geometry</attrtype><attwidth Sync="TRUE">0</attwidth><atprecis Sync="TRUE">0</atprecis><attscale Sync="TRUE">0</attscale><attrdef Sync="TRUE">Feature geometry.</attrdef><attrdefs Sync="TRUE">ESRI</attrdefs><attrdomv><udom Sync="TRUE">Coordinates defining the features.</udom></attrdomv></attr><attr><attrlabl Sync="TRUE">County</attrlabl><attalias Sync="TRUE">County</attalias><attrtype Sync="TRUE">String</attrtype><attwidth Sync="TRUE">254</attwidth><atprecis Sync="TRUE">0</atprecis><attscale Sync="TRUE">0</attscale></attr><attr><attrlabl Sync="TRUE">Precinct</attrlabl><attalias Sync="TRUE">Precinct</attalias><attrtype Sync="TRUE">String</attrtype><attwidth Sync="TRUE">254</attwidth><atprecis Sync="TRUE">0</atprecis><attscale Sync="TRUE">0</attscale></attr><attr><attrlabl Sync="TRUE">cty_pct</attrlabl><attalias Sync="TRUE">cty_pct</attalias><attrtype Sync="TRUE">String</attrtype><attwidth Sync="TRUE">15</attwidth><atprecis Sync="TRUE">0</atprecis><attscale Sync="TRUE">0</attscale></attr><attr><attrlabl Sync="TRUE">COUNT_FID</attrlabl><attalias Sync="TRUE">COUNT_FID</attalias><attrtype Sync="TRUE">Integer</attrtype><attwidth Sync="TRUE">9</attwidth><atprecis Sync="TRUE">9</atprecis><attscale Sync="TRUE">0</attscale></attr><attr><attrlabl Sync="TRUE">SUM_area_m</attrlabl><attalias Sync="TRUE">SUM_area_m</attalias><attrtype Sync="TRUE">Double</attrtype><attwidth Sync="TRUE">19</attwidth><atprecis Sync="TRUE">0</atprecis><attscale Sync="TRUE">0</attscale></attr></detailed></eainfo><mdDateSt Sync="TRUE">20130814</mdDateSt><mdChar><CharSetCd value="004" Sync="TRUE"></CharSetCd></mdChar></metadata>
