<?xml version="1.0" encoding="UTF-8"?>
<metadata xml:lang="en"><Esri><CreaDate>20170420</CreaDate><CreaTime>13254800</CreaTime><ArcGISFormat>1.0</ArcGISFormat><ArcGISstyle>XTools Pro Metadata</ArcGISstyle><SyncOnce>TRUE</SyncOnce><DataProperties><lineage><Process ToolSource="c:\program files (x86)\arcgis\desktop10.4\ArcToolbox\Toolboxes\Data Management Tools.tbx\CalculateField" Date="20170416" Time="072902">CalculateField POR_PREC PRECINCT_N "[NAME]&amp;""&amp; [PRECINCT]" VB #</Process><Process ToolSource="c:\program files (x86)\arcgis\desktop10.4\ArcToolbox\Toolboxes\Data Management Tools.tbx\CalculateField" Date="20170416" Time="072929">CalculateField POR_PREC PRECINCT_N "[NAME]&amp;" "&amp; [PRECINCT]" VB #</Process><Process ToolSource="c:\program files (x86)\arcgis\desktop10.4\ArcToolbox\Toolboxes\Data Management Tools.tbx\CalculateField" Date="20170416" Time="074115">CalculateField POR_PREC NAME_1 UCase( [NAME] ) VB #</Process><Process ToolSource="c:\program files (x86)\arcgis\desktop10.4\ArcToolbox\Toolboxes\Data Management Tools.tbx\CalculateField" Date="20170416" Time="074708">CalculateField POR_PREC NAME_1 Replace( [NAME_1], "TOWNSHIP", "TWP" ) VB #</Process></lineage><itemProps><itemLocation><linkage Sync="TRUE">file://\\NEW2011\REDISTRICTING WORK FILES\MAX Files\POR_PREC</linkage><protocol Sync="TRUE">Local Area Network</protocol></itemLocation></itemProps><copyHistory><copy source="G:\REDISTRICTING WORK FILES\Portage_133\POR_PREC\POR_PREC" dest="\\NEW2011\REDISTRICTING WORK FILES\MAX Files\POR_PREC" date="20170420" time="13254800"></copy></copyHistory></DataProperties></Esri></metadata>
