<metadata xml:lang="en"><Esri><CreaDate>20110224</CreaDate><CreaTime>14403700</CreaTime><SyncOnce>FALSE</SyncOnce><SyncDate>20160304</SyncDate><SyncTime>09015800</SyncTime><ModDate>20160304</ModDate><ModTime>09015800</ModTime><DataProperties><lineage><Process ToolSource="C:\Program Files\ArcGIS\ArcToolbox\Toolboxes\Data Management Tools.tbx\Merge" Date="20090505" Time="145430" Name="" export="">Merge COUNTY_CITIES;TOWNSHIP;ATHENS Y:\GIS_DATA\ATHENS_WARDS\athens_precincts.shp "NAME 'NAME' true true false 30 Text 0 0 ,First,#,COUNTY_CITIES,NAME,-1,-1,TOWNSHIP,NAME,-1,-1,ATHENS,NAME,-1,-1;SHAPE_Leng 'SHAPE_Length' false true true 8 Double 0 0 ,First,#,COUNTY_CITIES,SHAPE_Length,-1,-1,TOWNSHIP,SHAPE_Length,-1,-1,ATHENS,SHAPE_Length,-1,-1;SHAPE_Area 'SHAPE_Area' false true true 8 Double 0 0 ,First,#,COUNTY_CITIES,SHAPE_Area,-1,-1,TOWNSHIP,SHAPE_Area,-1,-1,ATHENS,SHAPE_Area,-1,-1"</Process><Process ToolSource="C:\Program Files\ArcGIS\ArcToolbox\Toolboxes\Conversion Tools.tbx\MDPublisher" Date="20090505" Time="145642" Name="" export="">MDPublisher athens_precincts "C:\Program Files\ArcGIS\Metadata\Publisher\arcimsmd.xml" # # # # athens_precincts</Process><Process ToolSource="C:\Program Files\ArcGIS\Desktop10.0\ArcToolbox\Toolboxes\Data Management Tools.tbx\Merge" Date="20110627" Time="102727" Name="" export="">Merge Glouster_Village;Rome_Twp;Canaan_Twp;Waterloo_Twp;York_Twp;Nelsonville_4;Nelsonville_3;Nelsonville_2;Nelsonville_1;Athens_4-1;Athens_3-6;Athens_3-4;Athens_1-1;athens_precincts D:\GIS_DATA\ATHENS_WARDS\athens_prencinctsnew3.shp "NAME "NAME" true true false 30 Text 0 0 ,First,#,Glouster_Village,NAME,-1,-1,Rome_Twp,NAME,-1,-1,Canaan_Twp,NAME,-1,-1,Waterloo_Twp,NAME,-1,-1,York_Twp,NAME,-1,-1,Nelsonville_4,NAME,-1,-1,Nelsonville_3,NAME,-1,-1,Nelsonville_2,NAME,-1,-1,Nelsonville_1,NAME,-1,-1,Athens_4-1,NAME,-1,-1,Athens_3-6,NAME,-1,-1,Athens_3-4,NAME,-1,-1,Athens_1-1,NAME,-1,-1,athens_precincts,NAME,-1,-1;SHAPE_Leng "SHAPE_Leng" true true false 19 Double 0 0 ,First,#,Glouster_Village,SHAPE_Leng,-1,-1,Rome_Twp,SHAPE_Leng,-1,-1,Canaan_Twp,SHAPE_Leng,-1,-1,Waterloo_Twp,SHAPE_Leng,-1,-1,York_Twp,SHAPE_Leng,-1,-1,Nelsonville_4,SHAPE_Leng,-1,-1,Nelsonville_3,SHAPE_Leng,-1,-1,Nelsonville_2,SHAPE_Leng,-1,-1,Nelsonville_1,SHAPE_Leng,-1,-1,Athens_4-1,SHAPE_Leng,-1,-1,Athens_3-6,SHAPE_Leng,-1,-1,Athens_3-4,SHAPE_Leng,-1,-1,Athens_1-1,SHAPE_Leng,-1,-1,athens_precincts,SHAPE_Leng,-1,-1;SHAPE_Area "SHAPE_Area" true true false 19 Double 0 0 ,First,#,Glouster_Village,SHAPE_Area,-1,-1,Rome_Twp,SHAPE_Area,-1,-1,Canaan_Twp,SHAPE_Area,-1,-1,Waterloo_Twp,SHAPE_Area,-1,-1,York_Twp,SHAPE_Area,-1,-1,Nelsonville_4,SHAPE_Area,-1,-1,Nelsonville_3,SHAPE_Area,-1,-1,Nelsonville_2,SHAPE_Area,-1,-1,Nelsonville_1,SHAPE_Area,-1,-1,Athens_4-1,SHAPE_Area,-1,-1,Athens_3-6,SHAPE_Area,-1,-1,Athens_3-4,SHAPE_Area,-1,-1,Athens_1-1,SHAPE_Area,-1,-1,athens_precincts,SHAPE_Area,-1,-1;VOTING_LOC "VOTING_LOC" true true false 50 Text 0 0 ,First,#,Glouster_Village,VOTING_LOC,-1,-1,Rome_Twp,VOTING_LOC,-1,-1,Canaan_Twp,VOTING_LOC,-1,-1,Waterloo_Twp,VOTING_LOC,-1,-1,York_Twp,VOTING_LOC,-1,-1,Nelsonville_4,VOTING_LOC,-1,-1,Nelsonville_3,VOTING_LOC,-1,-1,Nelsonville_2,VOTING_LOC,-1,-1,Nelsonville_1,VOTING_LOC,-1,-1,Athens_4-1,VOTING_LOC,-1,-1,Athens_3-6,VOTING_LOC,-1,-1,Athens_3-4,VOTING_LOC,-1,-1,Athens_1-1,VOTING_LOC,-1,-1,athens_precincts,VOTING_LOC,-1,-1"</Process><Process ToolSource="c:\program files (x86)\arcgis\desktop10.1\ArcToolbox\Toolboxes\Data Management Tools.tbx\CalculateField" Date="20130115" Time="101605">CalculateField "Athens County Precincts" WARD "1" VB #</Process><Process ToolSource="c:\program files (x86)\arcgis\desktop10.1\ArcToolbox\Toolboxes\Data Management Tools.tbx\CalculateField" Date="20130115" Time="101628">CalculateField "Athens County Precincts" WARD "2" VB #</Process><Process ToolSource="c:\program files (x86)\arcgis\desktop10.1\ArcToolbox\Toolboxes\Data Management Tools.tbx\CalculateField" Date="20130115" Time="101639">CalculateField "Athens County Precincts" WARD "3" VB #</Process><Process ToolSource="c:\program files (x86)\arcgis\desktop10.1\ArcToolbox\Toolboxes\Data Management Tools.tbx\CalculateField" Date="20130115" Time="101648">CalculateField "Athens County Precincts" WARD "4" VB #</Process></lineage><itemProps><itemName Sync="TRUE">Athens County Precincts</itemName><imsContentType Sync="TRUE">002</imsContentType><itemSize Sync="TRUE">0.098</itemSize><itemLocation><linkage Sync="TRUE">file://\\GIS-SERVER\B$\Athens Co\GIS_DATA\ATHENS_WARDS\Athens County Precincts.shp</linkage><protocol Sync="TRUE">Local Area Network</protocol></itemLocation><nativeExtBox><westBL Sync="TRUE">2025590.626617</westBL><eastBL Sync="TRUE">2188810.846108</eastBL><southBL Sync="TRUE">430766.805327</southBL><northBL Sync="TRUE">567058.065224</northBL><exTypeCode Sync="TRUE">1</exTypeCode></nativeExtBox></itemProps><coordRef><type Sync="TRUE">Projected</type><geogcsn Sync="TRUE">GCS_North_American_1983</geogcsn><projcsn Sync="TRUE">NAD_1983_StatePlane_Ohio_South_FIPS_3402_Feet</projcsn><peXml Sync="TRUE">&lt;ProjectedCoordinateSystem xsi:type='typens:ProjectedCoordinateSystem' xmlns:xsi='http://www.w3.org/2001/XMLSchema-instance' xmlns:xs='http://www.w3.org/2001/XMLSchema' xmlns:typens='http://www.esri.com/schemas/ArcGIS/10.3'&gt;&lt;WKT&gt;PROJCS[&amp;quot;NAD_1983_StatePlane_Ohio_South_FIPS_3402_Feet&amp;quot;,GEOGCS[&amp;quot;GCS_North_American_1983&amp;quot;,DATUM[&amp;quot;D_North_American_1983&amp;quot;,SPHEROID[&amp;quot;GRS_1980&amp;quot;,6378137.0,298.257222101]],PRIMEM[&amp;quot;Greenwich&amp;quot;,0.0],UNIT[&amp;quot;Degree&amp;quot;,0.0174532925199433]],PROJECTION[&amp;quot;Lambert_Conformal_Conic&amp;quot;],PARAMETER[&amp;quot;False_Easting&amp;quot;,1968500.0],PARAMETER[&amp;quot;False_Northing&amp;quot;,0.0],PARAMETER[&amp;quot;Central_Meridian&amp;quot;,-82.5],PARAMETER[&amp;quot;Standard_Parallel_1&amp;quot;,38.73333333333333],PARAMETER[&amp;quot;Standard_Parallel_2&amp;quot;,40.03333333333333],PARAMETER[&amp;quot;Latitude_Of_Origin&amp;quot;,38.0],UNIT[&amp;quot;Foot_US&amp;quot;,0.3048006096012192],AUTHORITY[&amp;quot;EPSG&amp;quot;,3735]]&lt;/WKT&gt;&lt;XOrigin&gt;-119670700&lt;/XOrigin&gt;&lt;YOrigin&gt;-95612900&lt;/YOrigin&gt;&lt;XYScale&gt;37024245.698512442&lt;/XYScale&gt;&lt;ZOrigin&gt;-100000&lt;/ZOrigin&gt;&lt;ZScale&gt;10000&lt;/ZScale&gt;&lt;MOrigin&gt;-100000&lt;/MOrigin&gt;&lt;MScale&gt;10000&lt;/MScale&gt;&lt;XYTolerance&gt;0.0032808333333333331&lt;/XYTolerance&gt;&lt;ZTolerance&gt;0.001&lt;/ZTolerance&gt;&lt;MTolerance&gt;0.001&lt;/MTolerance&gt;&lt;HighPrecision&gt;true&lt;/HighPrecision&gt;&lt;WKID&gt;102723&lt;/WKID&gt;&lt;LatestWKID&gt;3735&lt;/LatestWKID&gt;&lt;/ProjectedCoordinateSystem&gt;</peXml><csUnits Sync="TRUE">Linear Unit: Foot_US (0.304801)</csUnits></coordRef></DataProperties><ArcGISFormat>1.0</ArcGISFormat><ArcGISProfile>ItemDescription</ArcGISProfile></Esri><idinfo><native Sync="TRUE">Microsoft Windows XP Version 5.1 (Build 2600) Service Pack 3; ESRI ArcCatalog 9.3.1.3000</native><descript><langdata Sync="TRUE">en</langdata><abstract>This data was created for the Athens County Board of Election by the Athens County Auditor's Mapping Divison.</abstract><purpose>The purpose of this data is to show the precinct boundaries for Athens county as well as for the cities of Athens and Nelsonville.</purpose></descript><citation><citeinfo><origin>Mapping Divison Athens County Auditor</origin><pubdate>5-1-09</pubdate><title Sync="TRUE">Athens Co. Voting Precincts</title><ftname Sync="TRUE">athens_precincts</ftname><geoform Sync="TRUE">vector digital data</geoform><onlink Sync="TRUE">\\Ben\GIS_DATA\GIS_DATA\ATHENS_WARDS\athens precincts\athens_precincts.shp</onlink></citeinfo></citation><timeperd><current>2009</current><timeinfo><sngdate><caldate>5-1-09</caldate></sngdate></timeinfo></timeperd><status><progress>Complete</progress><update>As needed</update></status><spdom><bounding><westbc Sync="TRUE">-82.298867</westbc><eastbc Sync="TRUE">-81.718836</eastbc><northbc Sync="TRUE">39.556747</northbc><southbc Sync="TRUE">39.180123</southbc></bounding><lboundng><leftbc Sync="TRUE">2025512.935499</leftbc><rightbc Sync="TRUE">2188753.652324</rightbc><bottombc Sync="TRUE">430766.805327</bottombc><topbc Sync="TRUE">567058.065224</topbc></lboundng></spdom><keywords><theme><themekt>REQUIRED: Reference to a formally registered thesaurus or a similar authoritative source of theme keywords.</themekt><themekey>REQUIRED: Common-use word or phrase used to describe the subject of the data set.</themekey></theme></keywords><accconst>REQUIRED: Restrictions and legal prerequisites for accessing the data set.</accconst><useconst>REQUIRED: Restrictions and legal prerequisites for using the data set after access is granted.</useconst><natvform Sync="TRUE">Shapefile</natvform><ptcontac><cntinfo><cntperp><cntper>Ben Abfall</cntper><cntorg>Mapping Divison Athens County Auditor</cntorg></cntperp><cntpos>GIS Coordinator</cntpos><cntvoice>740-592-3227</cntvoice><cntfax>740-594-3270</cntfax><cntemail>gis@athenscountygovernment.com</cntemail><hours>8am - 4pm</hours><cntaddr><addrtype>mailing and physical address</addrtype><address>15 S. Court St.</address><city>Athens </city><state>OH</state><postal>45701</postal><country>United States</country></cntaddr></cntinfo></ptcontac></idinfo><dataIdInfo><envirDesc Sync="TRUE">Microsoft Windows 7 Version 6.1 (Build 7601) Service Pack 1; Esri ArcGIS 10.3.1.4959</envirDesc><dataLang><languageCode Sync="TRUE" value="eng" country="US"/><countryCode value="USA" Sync="TRUE"></countryCode></dataLang><idCitation><resTitle Sync="FALSE">Athens Co. Voting Precincts</resTitle><presForm><PresFormCd Sync="TRUE" value="005"/></presForm></idCitation><spatRpType><SpatRepTypCd Sync="TRUE" value="001"/></spatRpType><dataExt><geoEle><GeoBndBox esriExtentType="native"><westBL Sync="TRUE">2025512.935499</westBL><eastBL Sync="TRUE">2188753.652324</eastBL><northBL Sync="TRUE">567058.065224</northBL><southBL Sync="TRUE">430766.805327</southBL><exTypeCode Sync="TRUE">1</exTypeCode></GeoBndBox></geoEle></dataExt><geoBox esriExtentType="decdegrees"><westBL Sync="TRUE">-82.298867</westBL><eastBL Sync="TRUE">-81.718836</eastBL><northBL Sync="TRUE">39.556747</northBL><southBL Sync="TRUE">39.180123</southBL><exTypeCode Sync="TRUE">1</exTypeCode></geoBox><descKeys><thesaName uuidref="723f6998-058e-11dc-8314-0800200c9a66"/><keyword Sync="TRUE">002</keyword></descKeys><idPurp>The purpose of this data is to show the precinct boundaries for Athens county as well as for the cities of Athens and Nelsonville.</idPurp><idAbs>&lt;DIV STYLE="text-align:Left;"&gt;&lt;DIV&gt;&lt;P&gt;&lt;SPAN&gt;This data was created for the Athens County Board of Election by the Athens County Auditor's Mapping Divison.&lt;/SPAN&gt;&lt;/P&gt;&lt;/DIV&gt;&lt;/DIV&gt;</idAbs><idCredit>Ben Abfall- GIS Coordinator Athens County Auditor's Office with the help on the Athens County Board of Elections</idCredit><searchKeys><keyword>Voting</keyword><keyword>precincts</keyword><keyword>athens</keyword></searchKeys><resConst><Consts><useLimit>This data is intended for representation purposes only. The data is believed to be accurate and reasonable efforts have been made to insure both spatial and attribute accuracy. However, due to possible inaccurate source materials or unforeseen circumstances, the data cannot be guaranteed. Therefore, the data should not be used for legal purposes. This data is not to be used for commercial profit. </useLimit></Consts></resConst><dataExt><geoEle><GeoBndBox esriExtentType="search"><exTypeCode Sync="TRUE">1</exTypeCode><westBL Sync="TRUE">-82.298593</westBL><eastBL Sync="TRUE">-81.718633</eastBL><northBL Sync="TRUE">39.556746</northBL><southBL Sync="TRUE">39.180122</southBL></GeoBndBox></geoEle></dataExt></dataIdInfo><metainfo><langmeta Sync="TRUE">en</langmeta><metstdn Sync="TRUE">FGDC Content Standards for Digital Geospatial Metadata</metstdn><metstdv Sync="TRUE">FGDC-STD-001-1998</metstdv><mettc Sync="TRUE">local time</mettc><metc><cntinfo><cntaddr><addrtype>mailing and physical address</addrtype><city>Athens </city><state>OH</state><postal>45701</postal><address>15 S. Court St</address><country>United States</country></cntaddr><cntvoice>740-592-3227</cntvoice><cntperp><cntper>Ben Abfall</cntper><cntorg>Mapping Divsion Athens County Auditor</cntorg></cntperp><cntpos>GIS Coordinator</cntpos><cntfax>740-594-3270</cntfax><cntemail>gis@athenscountygovernment.com</cntemail></cntinfo></metc><metd Sync="TRUE">20090720</metd></metainfo><mdLang><languageCode Sync="TRUE" value="eng"/><countryCode value="USA" Sync="TRUE"></countryCode></mdLang><mdStanName Sync="TRUE">ISO 19115 Geographic Information - Metadata</mdStanName><mdStanVer Sync="TRUE">DIS_ESRI1.0</mdStanVer><mdChar><CharSetCd Sync="TRUE" value="004"/></mdChar><mdHrLv><ScopeCd Sync="TRUE" value="005"/></mdHrLv><mdHrLvName Sync="TRUE">dataset</mdHrLvName><distinfo><resdesc Sync="TRUE">Downloadable Data</resdesc><stdorder><digform><digtinfo><transize Sync="TRUE">0.108</transize><dssize Sync="TRUE">0.108</dssize></digtinfo></digform></stdorder><distrib><cntinfo><cntperp><cntper>Ben Abfall</cntper><cntorg>Athens County Auditor's Office</cntorg></cntperp><cntpos>GIS Coordinator</cntpos><cntaddr><addrtype>mailing and physical address</addrtype><address>15 S. Court St.</address><city>Athens</city><state>Ohio</state><postal>45701</postal><country>United States</country></cntaddr><cntvoice>740-592-3227</cntvoice><cntfax>740-594-2370</cntfax><cntemail>gis@athenscountygovenment.com</cntemail></cntinfo></distrib></distinfo><distInfo><distributor><distorTran><onLineSrc><orDesc Sync="TRUE">002</orDesc><linkage Sync="TRUE">file://\\Ben\GIS_DATA\GIS_DATA\ATHENS_WARDS\athens precincts\athens_precincts.shp</linkage><protocol Sync="TRUE">Local Area Network</protocol></onLineSrc><transSize Sync="TRUE">0.108</transSize></distorTran><distorFormat><formatName Sync="TRUE">Shapefile</formatName></distorFormat></distributor><distFormat><formatName Sync="TRUE">Shapefile</formatName></distFormat><distTranOps><transSize Sync="TRUE">0.098</transSize></distTranOps></distInfo><spdoinfo><direct Sync="TRUE">Vector</direct><ptvctinf><esriterm Name="Athens County Precincts"><efeatyp Sync="TRUE">Simple</efeatyp><efeageom code="4" Sync="TRUE"></efeageom><esritopo Sync="TRUE">FALSE</esritopo><efeacnt Sync="TRUE">56</efeacnt><spindex Sync="TRUE">TRUE</spindex><linrefer Sync="TRUE">FALSE</linrefer></esriterm></ptvctinf></spdoinfo><spref><horizsys><cordsysn><geogcsn Sync="TRUE">GCS_North_American_1983</geogcsn><projcsn Sync="TRUE">NAD_1983_StatePlane_Ohio_South_FIPS_3402_Feet</projcsn></cordsysn><planar><planci><plance Sync="TRUE">coordinate pair</plance><plandu Sync="TRUE">survey feet</plandu><coordrep><absres Sync="TRUE">0.000000</absres><ordres Sync="TRUE">0.000000</ordres></coordrep></planci></planar><geodetic><horizdn Sync="TRUE">North American Datum of 1983</horizdn><ellips Sync="TRUE">Geodetic Reference System 80</ellips><semiaxis Sync="TRUE">6378137.000000</semiaxis><denflat Sync="TRUE">298.257222</denflat></geodetic></horizsys></spref><refSysInfo><RefSystem><refSysID><identCode Sync="TRUE" code="3735">NAD_1983_StatePlane_Ohio_South_FIPS_3402_Feet</identCode><idCodeSpace Sync="TRUE">EPSG</idCodeSpace><idVersion Sync="TRUE">8.6.2</idVersion></refSysID></RefSystem></refSysInfo><spatRepInfo><VectSpatRep><geometObjs Name="Athens County Precincts"><geoObjTyp><GeoObjTypCd value="002" Sync="TRUE"></GeoObjTypCd></geoObjTyp><geoObjCnt Sync="TRUE">56</geoObjCnt></geometObjs><topLvl><TopoLevCd value="001" Sync="TRUE"></TopoLevCd></topLvl></VectSpatRep></spatRepInfo><eainfo><detailed Name="Athens County Precincts"><enttyp><enttypl Sync="TRUE">Athens County Precincts</enttypl><enttypt Sync="TRUE">Feature Class</enttypt><enttypc Sync="TRUE">56</enttypc></enttyp><attr><attrlabl Sync="TRUE">FID</attrlabl><attalias Sync="TRUE">FID</attalias><attrtype Sync="TRUE">OID</attrtype><attwidth Sync="TRUE">4</attwidth><atprecis Sync="TRUE">0</atprecis><attscale Sync="TRUE">0</attscale><attrdef Sync="TRUE">Internal feature number.</attrdef><attrdefs Sync="TRUE">ESRI</attrdefs><attrdomv><udom Sync="TRUE">Sequential unique whole numbers that are automatically generated.</udom></attrdomv></attr><attr><attrlabl Sync="TRUE">Shape</attrlabl><attalias Sync="TRUE">Shape</attalias><attrtype Sync="TRUE">Geometry</attrtype><attwidth Sync="TRUE">0</attwidth><atprecis Sync="TRUE">0</atprecis><attscale Sync="TRUE">0</attscale><attrdef Sync="TRUE">Feature geometry.</attrdef><attrdefs Sync="TRUE">ESRI</attrdefs><attrdomv><udom Sync="TRUE">Coordinates defining the features.</udom></attrdomv></attr><attr><attrlabl Sync="TRUE">NAME</attrlabl><attalias Sync="TRUE">NAME</attalias><attrtype Sync="TRUE">String</attrtype><attwidth Sync="TRUE">30</attwidth><atprecis Sync="TRUE">0</atprecis><attscale Sync="TRUE">0</attscale></attr><attr><attrlabl Sync="TRUE">SHAPE_Leng</attrlabl><attalias Sync="TRUE">SHAPE_Leng</attalias><attrtype Sync="TRUE">Double</attrtype><attwidth Sync="TRUE">19</attwidth><atprecis Sync="TRUE">0</atprecis><attscale Sync="TRUE">0</attscale></attr><attr><attrlabl Sync="TRUE">SHAPE_Area</attrlabl><attalias Sync="TRUE">SHAPE_Area</attalias><attrtype Sync="TRUE">Double</attrtype><attwidth Sync="TRUE">19</attwidth><attrdef Sync="TRUE">Area of feature in internal units squared.</attrdef><attrdefs Sync="TRUE">ESRI</attrdefs><attrdomv><udom Sync="TRUE">Positive real numbers that are automatically generated.</udom></attrdomv><atprecis Sync="TRUE">0</atprecis><attscale Sync="TRUE">0</attscale></attr><attr><attrlabl Sync="TRUE">VOTING_LOC</attrlabl><attalias Sync="TRUE">VOTING_LOC</attalias><attrtype Sync="TRUE">String</attrtype><attwidth Sync="TRUE">50</attwidth><atprecis Sync="TRUE">0</atprecis><attscale Sync="TRUE">0</attscale></attr><attr><attrlabl Sync="TRUE">WARD</attrlabl><attalias Sync="TRUE">WARD</attalias><attrtype Sync="TRUE">SmallInteger</attrtype><attwidth Sync="TRUE">4</attwidth><atprecis Sync="TRUE">4</atprecis><attscale Sync="TRUE">0</attscale></attr></detailed></eainfo><mdDateSt Sync="TRUE">20160304</mdDateSt></metadata>
