<?xml version="1.0" encoding="ISO-8859-1"?>
<metadata>
	<idinfo>
		<citation>
			<citeinfo>
				<origin>LTSB</origin>
				<pubdate>5/30/2002</pubdate>
				<title>Wards_Election_Data_2002</title>
				<geoform>vector digital data</geoform>
				<ftname Sync="TRUE">Ward_Election_Data_2002</ftname><onlink>http://www.legis.state.wi.us/ltsb/redistricting/election_data2.htm</onlink></citeinfo>
		</citation>
		<descript>
			<abstract>This is a shapefile of the State of Wisconsin's municple wards. These wards were created by local governments in the summer and fall of 2001.</abstract>
			<purpose>This data was created for general use in mapping applications.</purpose>
			<langdata Sync="TRUE">en</langdata></descript>
		<timeperd>
			<timeinfo>
				<sngdate>
					<caldate>August 1, 2001</caldate>
				</sngdate>
			</timeinfo>
			<current>ground condition</current>
		</timeperd>
		<status>
			<progress>Complete</progress>
			<update>None planned</update>
		</status>
		<spdom>
			<bounding>
				<westbc>-92.964438</westbc>
				<eastbc>-86.666231</eastbc>
				<northbc>47.083193</northbc>
				<southbc>42.456930</southbc>
			</bounding>
			<lboundng><leftbc Sync="TRUE">294822.466953</leftbc><rightbc Sync="TRUE">773277.784903</rightbc><bottombc Sync="TRUE">225108.729156</bottombc><topbc Sync="TRUE">734409.177886</topbc></lboundng></spdom>
		<keywords>
			<theme>
				<themekt>Municiple Voting Districts</themekt>
				<themekey>Assembly</themekey>
				<themekey>Districts</themekey>
				<themekey>Legislative</themekey>
				<themekey>Wards</themekey><themekey>VTDS</themekey><themekey>VTD</themekey></theme>
			<theme><themekt>Voting Tabulation District</themekt></theme></keywords>
		<accconst>None</accconst>
		<useconst>None</useconst>
		<ptcontac>
			<cntinfo>
				<cntorgp>
					<cntorg>Legislative Technology Services Bureau</cntorg>
					<cntper>Tony J. Van Der Wielen</cntper>
				</cntorgp>
				<cntpos>GIS Application Developer</cntpos>
				<cntaddr>
					<addrtype>mailing and physical address</addrtype>
					<address>17 S. Fairchild St.</address>
					<address>Suite 400</address>
					<city>Madison</city>
					<state>WI</state>
					<postal>53703</postal>
				</cntaddr>
				<cntvoice>608-266-6640</cntvoice>
				<cntfax>608-267-6763</cntfax>
				<cntemail>gis@legis.state.wi.us</cntemail>
				<hours>8-5 Monday - Friday</hours>
				<cntinst>Please send an e-mail to gis@legis.state.wi.us</cntinst>
			</cntinfo>
		</ptcontac>
		<native>Microsoft Windows 2000 Version 5.1 (Build 2600) ; ESRI ArcCatalog 8.3.0.800</native>
		<natvform Sync="TRUE">Shapefile</natvform></idinfo>
	<dataqual>
		<logic>The source shapefiles were created by ArcInfo coverages with polygon topology.</logic>
		<complete>This data does not reflect changes which have occurred after the source date.</complete>
		<lineage>
			<srcinfo>
				<srccite>
					<citeinfo>
						<origin>United States Census Bureau</origin>
						<pubdate>12/2000</pubdate>
						<pubtime>Unknown</pubtime>
						<title>Redistricting Census 200 TIGER/Line Files</title>
						<geoform>vector digital data</geoform>
					</citeinfo>
				</srccite>
			</srcinfo>
			<srcinfo>
				<srccite>
					<citeinfo>
						<origin>Legislative Technology Services Bureau</origin>
						<pubdate>11/01</pubdate>
						<title>2001 Ward Collection Project (WISE-LR Data)</title>
						<geoform>vector digital data</geoform>
						<othercit>Census 2000 data was given to all 72 County Clerks in the State of Wisconsin with an application developed by LTSB called WISE-LR. Each county performed local redistricting including the creation of municiple wards and submitted the data to the Legislature. These assembly Districts were created with the municiple wards. This data includes municiple annexations up to August 1, 2001.</othercit>
					</citeinfo>
				</srccite>
			</srcinfo>
			<procstep>
				<procdesc>Census 2000 TIGER files were translated using GISTools TIGER2SHP. The files were combined and converted into statewide coverages.</procdesc>
				<srcused>\\04FS\gis$\leg_gis\GIS Data\Geodatabase\Redistricting_10_31_02.mdb</srcused>
				<procdate>12/00</procdate>
				<proccont>
					<cntinfo>
						<cntorgp>
							<cntorg>Legislative Technology Services Bureau</cntorg>
							<cntper>Tony J. Van Der Wielen</cntper>
						</cntorgp>
						<cntpos>GIS Application Developer</cntpos>
						<cntvoice>608-266-6640</cntvoice>
						<cntfax>608-267-6763</cntfax>
						<cntemail>gis@legis.state.wi.us</cntemail>
						<hours>8-5 Monday - Friday</hours>
					</cntinfo>
				</proccont>
			</procstep>
			<procstep>
				<procdesc>2001 Ward Collection Project
Census 2000 TIGER/P.L. 94-171 data was placed into the WISE-LR application and delivered to all 72 Wisconsin Counties.
Each county used the WISE-LR application to add municipal annexations and create Supervisory, Aldermanic and municipal wards. Data was collect from each county and new block, ward, municipal and county statewide files were created. This data was then placed into the redistricting appliction autoBound for Legislative district creation.</procdesc>
				<procdate>11/01</procdate>
				<proccont>
					<cntinfo>
						<cntorgp>
							<cntorg>Legislative Technology Services Bureau</cntorg>
							<cntper>Tony J. Van Der Wielen</cntper>
						</cntorgp>
						<cntpos>GIS Application Developer</cntpos>
						<cntvoice>608-266-6640 Ext. 1</cntvoice>
						<cntfax>608-267-6763</cntfax>
						<cntemail>gis@legis.state.wi.us</cntemail>
						<hours>8-5 Monday - Friday</hours>
					</cntinfo>
				</proccont>
			</procstep>
			<procstep><proccont><cntinfo><cntpos>GIS Applications Developer</cntpos><cntvoice>608-266-6640 Ext. 1</cntvoice><cntorgp><cntorg>Legislative Technology Services Bureau</cntorg><cntper>Tony J. Van Der Wielen</cntper></cntorgp><cntfax>608-267-6763</cntfax><cntemail>gis@legis.state.wi.us</cntemail><hours>8-5 Monday - Friday</hours></cntinfo></proccont><procdesc>Fall 2002 Election data was recieved from the State Elections Board. This data was disaggerated to the ward layer using the autoBound GIS software.</procdesc><procsv>autoBound 4.2</procsv><procdate>4/2003</procdate></procstep></lineage>
	</dataqual>
	<spdoinfo>
		<direct>Vector</direct>
		<ptvctinf>
			<sdtsterm Name="Ward_Election_Data_2002">
				<sdtstype>G-polygon</sdtstype>
				<ptvctcnt>6278</ptvctcnt>
			</sdtsterm>
			<esriterm Name="Ward_Election_Data_2002"><efeatyp Sync="TRUE">Simple</efeatyp><efeageom Sync="TRUE">Polygon</efeageom><esritopo Sync="TRUE">FALSE</esritopo><efeacnt Sync="TRUE">6278</efeacnt><spindex Sync="TRUE">FALSE</spindex><linrefer Sync="TRUE">FALSE</linrefer></esriterm></ptvctinf>
	</spdoinfo>
	<spref>
		<horizsys>
			<planar>
				<planci>
					<plance>coordinate pair</plance>
					<coordrep>
						<absres>0.000237</absres>
						<ordres>0.000237</ordres>
					</coordrep>
					<plandu>meters</plandu>
				</planci>
				<mapproj><mapprojn Sync="TRUE">Transverse Mercator</mapprojn><transmer><sfctrmer Sync="TRUE">0.999600</sfctrmer><longcm Sync="TRUE">-90.000000</longcm><latprjo Sync="TRUE">0.000000</latprjo><feast Sync="TRUE">520000.000000</feast><fnorth Sync="TRUE">-4480000.000000</fnorth></transmer></mapproj></planar>
			<geodetic>
				<horizdn>D_North_American_1983_HARN</horizdn>
				<ellips>Geodetic Reference System 80</ellips>
				<semiaxis>6378137.000000</semiaxis>
				<denflat>298.257222</denflat>
			</geodetic>
			<cordsysn><geogcsn Sync="TRUE">GCS_North_American_1983</geogcsn><projcsn Sync="TRUE">Wisconsin Transverse Mercator (WTM83/91)</projcsn></cordsysn></horizsys>
		<vertdef><altsys><altenc Sync="TRUE">Explicit elevation coordinate included with horizontal coordinates</altenc><altres Sync="TRUE">0.000010</altres></altsys></vertdef></spref>
	<eainfo>
		<detailed Name="Ward_Election_Data_2002">
			<enttyp>
				<enttypl>WTM_8391_Wards</enttypl>
				<enttypt Sync="TRUE">Feature Class</enttypt><enttypc Sync="TRUE">6278</enttypc></enttyp>
			<attr>
				<attrlabl>OBJECTID</attrlabl>
				<attrdef>Internal feature number.</attrdef>
				<attrdefs>ESRI</attrdefs>
				<attrdomv>
					<udom>Sequential unique whole numbers that are automatically generated.</udom>
				</attrdomv>
				<attalias Sync="TRUE">FID</attalias><attrtype Sync="TRUE">OID</attrtype><attwidth Sync="TRUE">4</attwidth><atprecis Sync="TRUE">0</atprecis><attscale Sync="TRUE">0</attscale></attr>
			<attr>
				<attrlabl>Shape</attrlabl>
				<attrdef>Feature geometry.</attrdef>
				<attrdefs>ESRI</attrdefs>
				<attrdomv>
					<udom>Coordinates defining the features.</udom>
				</attrdomv>
				<attalias Sync="TRUE">Shape</attalias><attrtype Sync="TRUE">Geometry</attrtype><attwidth Sync="TRUE">0</attwidth><atprecis Sync="TRUE">0</atprecis><attscale Sync="TRUE">0</attscale></attr>
			<attr>
				<attrlabl>STFID</attrlabl>
				<attrdef>Unique ID (State,Mcd,Ward) in Cenus FIPS format.</attrdef>
				<attrdefs>LTSB</attrdefs>
				<attalias Sync="TRUE">OBJECTID</attalias><attrtype Sync="TRUE">Number</attrtype><attwidth Sync="TRUE">10</attwidth></attr>
			<attr>
				<attrlabl>ABDISTRICT</attrlabl>
				<attrdef>Internal ID</attrdef>
				<attrdefs>LTSB</attrdefs>
				<attalias Sync="TRUE">OBJECTID_1</attalias><attrtype Sync="TRUE">String</attrtype><attwidth Sync="TRUE">15</attwidth></attr>
			<attr>
				<attrlabl>NAME</attrlabl>
				<attrdef>Name of feature</attrdef>
				<attrdefs>LTSB</attrdefs>
				<attalias Sync="TRUE">STFID</attalias><attrtype Sync="TRUE">String</attrtype><attwidth Sync="TRUE">11</attwidth></attr>
			<attr>
				<attrlabl>BLOCK2000</attrlabl>
				<attrdef>Block 2000 Fips Code</attrdef>
				<attrdefs>U.S. Census Bureau</attrdefs>
				<attrdomv>
					<udom>Positive real numbers that are automatically generated.</udom>
				</attrdomv>
				<attalias Sync="TRUE">ABDISTRICT</attalias><attrtype Sync="TRUE">String</attrtype><attwidth Sync="TRUE">6</attwidth></attr>
			<attr>
				<attrlabl>TRACT2000</attrlabl>
				<attrdef>Tract 2000 FIPS code</attrdef>
				<attrdefs>U.S. Census Bureau</attrdefs>
				<attrdomv>
					<udom>Positive real numbers that are automatically generated.</udom>
				</attrdomv>
				<attalias Sync="TRUE">NAME</attalias><attrtype Sync="TRUE">String</attrtype><attwidth Sync="TRUE">11</attwidth></attr>
			<attr>
				<attrlabl>COUSUBFP</attrlabl>
				<attrdef>Minor Civil Division FIPS code</attrdef>
				<attrdefs>U.S. Census Bureau</attrdefs>
				<attalias Sync="TRUE">BLOCK2000</attalias><attrtype Sync="TRUE">String</attrtype><attwidth Sync="TRUE">11</attwidth></attr>
			<attr>
				<attrlabl>FIPSSTCO</attrlabl>
				<attrdef>State County FIPS code</attrdef>
				<attrdefs>U.S. Census Bureau</attrdefs>
				<attalias Sync="TRUE">TRACT2000</attalias><attrtype Sync="TRUE">String</attrtype><attwidth Sync="TRUE">11</attwidth></attr>
			<attr>
				<attrlabl>JID</attrlabl>
				<attrdef>State County Mcd FIPS Code</attrdef>
				<attrdefs>LTSB</attrdefs>
				<attalias Sync="TRUE">COUSUBFP</attalias><attrtype Sync="TRUE">String</attrtype><attwidth Sync="TRUE">10</attwidth></attr>
			<attr>
				<attrlabl>JVTD</attrlabl>
				<attrdef>Ward number assignment</attrdef>
				<attrdefs>LTSB</attrdefs>
				<attalias Sync="TRUE">FIPSSTCO</attalias><attrtype Sync="TRUE">String</attrtype><attwidth Sync="TRUE">11</attwidth></attr>
			<attr>
				<attrlabl>JVTD2</attrlabl>
				<attrdef>Mcd name,  City, Town or Village designation, ward number</attrdef>
				<attrdefs>LTSB</attrdefs>
				<attalias Sync="TRUE">JID</attalias><attrtype Sync="TRUE">Number</attrtype><attwidth Sync="TRUE">5</attwidth></attr>
			<attr>
				<attrlabl>WARD_1991</attrlabl>
				<attrdef>1991 Ward Assignment (Approximate)</attrdef>
				<attrdefs>LTSB</attrdefs>
				<attalias Sync="TRUE">JVTD</attalias><attrtype Sync="TRUE">String</attrtype><attwidth Sync="TRUE">26</attwidth></attr>
			<attr>
				<attrlabl>OLDSTFID</attrlabl>
				<attrdef>Census FIPS code before block split</attrdef>
				<attrdefs>U.S. Census Bureau</attrdefs>
				<attalias Sync="TRUE">JVTD2</attalias><attrtype Sync="TRUE">String</attrtype><attwidth Sync="TRUE">13</attwidth></attr>
			<attr>
				<attrlabl>LOCK</attrlabl>
				<attrdef>Internal WISE-LR Code</attrdef>
				<attrdefs>LTSB</attrdefs>
				<attalias Sync="TRUE">WARD_1991</attalias><attrtype Sync="TRUE">String</attrtype><attwidth Sync="TRUE">10</attwidth></attr>
			<attr>
				<attrlabl>SPLIT</attrlabl>
				<attrdef>"s" indicates the block has been split</attrdef>
				<attrdefs>LTSB</attrdefs>
				<attalias Sync="TRUE">OLDSTFID</attalias><attrtype Sync="TRUE">String</attrtype><attwidth Sync="TRUE">6</attwidth></attr>
			<attr>
				<attrlabl>SUPER</attrlabl>
				<attrdef>WISE-LR Internal</attrdef>
				<attrdefs>LTSB</attrdefs>
				<attalias Sync="TRUE">LOCK</attalias><attrtype Sync="TRUE">String</attrtype><attwidth Sync="TRUE">18</attwidth></attr>
			<attr>
				<attrlabl>PERSONS</attrlabl>
				<attrdefs>U.S. Census Bureau</attrdefs>
				<attalias Sync="TRUE">SPLIT</attalias><attrtype Sync="TRUE">String</attrtype><attwidth Sync="TRUE">7</attwidth></attr>
			<attr>
				<attrlabl>WHITE</attrlabl>
				<attrdefs>U.S. Census Bureau</attrdefs>
				<attalias Sync="TRUE">SUPER</attalias><attrtype Sync="TRUE">Number</attrtype><attwidth Sync="TRUE">10</attwidth></attr>
			<attr>
				<attrlabl>BLACK</attrlabl>
				<attrdefs>U.S. Census Bureau</attrdefs>
				<attalias Sync="TRUE">PERSONS</attalias><attrtype Sync="TRUE">Number</attrtype><attwidth Sync="TRUE">7</attwidth></attr>
			<attr>
				<attrlabl>HISPANIC</attrlabl>
				<attrdefs>U.S. Census Bureau</attrdefs>
				<attalias Sync="TRUE">WHITE</attalias><attrtype Sync="TRUE">Number</attrtype><attwidth Sync="TRUE">7</attwidth></attr>
			<attr>
				<attrlabl>ASIAN</attrlabl>
				<attrdefs>U.S. Census Bureau</attrdefs>
				<attalias Sync="TRUE">BLACK</attalias><attrtype Sync="TRUE">Number</attrtype><attwidth Sync="TRUE">9</attwidth></attr>
			<attr>
				<attrlabl>AMINDIAN</attrlabl>
				<attrdefs>U.S. Census Bureau</attrdefs>
				<attalias Sync="TRUE">HISPANIC</attalias><attrtype Sync="TRUE">Number</attrtype><attwidth Sync="TRUE">6</attwidth></attr>
			<attr>
				<attrlabl>PISLAND</attrlabl>
				<attrdefs>U.S. Census Bureau</attrdefs>
				<attalias Sync="TRUE">ASIAN</attalias><attrtype Sync="TRUE">Number</attrtype><attwidth Sync="TRUE">10</attwidth></attr>
			<attr>
				<attrlabl>OTHER</attrlabl>
				<attrdefs>U.S. Census Bureau</attrdefs>
				<attalias Sync="TRUE">AMINDIAN</attalias><attrtype Sync="TRUE">Number</attrtype><attwidth Sync="TRUE">9</attwidth></attr>
			<attr>
				<attrlabl>OTHERMLT</attrlabl>
				<attrdefs>U.S. Census Bureau</attrdefs>
				<attalias Sync="TRUE">PISLAND</attalias><attrtype Sync="TRUE">Number</attrtype><attwidth Sync="TRUE">7</attwidth></attr>
			<attr>
				<attrlabl>PERSONS18</attrlabl>
				<attrdefs>U.S. Census Bureau</attrdefs>
				<attalias Sync="TRUE">OTHER</attalias><attrtype Sync="TRUE">Number</attrtype><attwidth Sync="TRUE">11</attwidth></attr>
			<attr>
				<attrlabl>WHITE18</attrlabl>
				<attrdefs>U.S. Census Bureau</attrdefs>
				<attalias Sync="TRUE">OTHERMLT</attalias><attrtype Sync="TRUE">Number</attrtype><attwidth Sync="TRUE">12</attwidth></attr>
			<attr>
				<attrlabl>BLACK18</attrlabl>
				<attrdefs>U.S. Census Bureau</attrdefs>
				<attalias Sync="TRUE">PERSONS18</attalias><attrtype Sync="TRUE">Number</attrtype><attwidth Sync="TRUE">9</attwidth></attr>
			<attr>
				<attrlabl>HISPANIC18</attrlabl>
				<attrdefs>U.S. Census Bureau</attrdefs>
				<attalias Sync="TRUE">WHITE18</attalias><attrtype Sync="TRUE">Number</attrtype><attwidth Sync="TRUE">9</attwidth></attr>
			<attr>
				<attrlabl>ASIAN18</attrlabl>
				<attrdefs>U.S. Census Bureau</attrdefs>
				<attalias Sync="TRUE">BLACK18</attalias><attrtype Sync="TRUE">Number</attrtype><attwidth Sync="TRUE">11</attwidth></attr>
			<attr>
				<attrlabl>AMINDIAN18</attrlabl>
				<attrdefs>U.S. Census Bureau</attrdefs>
				<attalias Sync="TRUE">HISPANIC18</attalias><attrtype Sync="TRUE">Number</attrtype><attwidth Sync="TRUE">8</attwidth></attr>
			<attr>
				<attrlabl>PISLAND18</attrlabl>
				<attrdefs>U.S. Census Bureau</attrdefs>
				<attalias Sync="TRUE">ASIAN18</attalias><attrtype Sync="TRUE">Number</attrtype><attwidth Sync="TRUE">12</attwidth></attr>
			<attr>
				<attrlabl>OTHER18</attrlabl>
				<attrdefs>U.S. Census Bureau</attrdefs>
				<attalias Sync="TRUE">AMINDIAN18</attalias><attrtype Sync="TRUE">Number</attrtype><attwidth Sync="TRUE">11</attwidth></attr>
			<attr>
				<attrlabl>OTHERMLT18</attrlabl>
				<attrdefs>U.S. Census Bureau</attrdefs>
				<attalias Sync="TRUE">PISLAND18</attalias><attrtype Sync="TRUE">Number</attrtype><attwidth Sync="TRUE">9</attwidth></attr>
			<attr>
				<attrlabl>COUNTY</attrlabl>
				<attrdef>County FIPS code (autoBound Required field)</attrdef>
				<attrdefs>U.S. Census Bureau</attrdefs>
				<attalias Sync="TRUE">OTHER18</attalias><attrtype Sync="TRUE">Number</attrtype><attwidth Sync="TRUE">13</attwidth></attr>
			<attr>
				<attrlabl>MINORITY</attrlabl>
				<attalias Sync="TRUE">OTHERMLT18</attalias><attrtype Sync="TRUE">String</attrtype><attwidth Sync="TRUE">8</attwidth><attrdefs>LTSB</attrdefs></attr>
			<attr>
				<attrlabl>ALT_NAME</attrlabl>
				<attalias Sync="TRUE">COUNTY</attalias><attrtype Sync="TRUE">Number</attrtype><attwidth Sync="TRUE">9</attwidth><attrdefs>LTSB</attrdefs></attr>
			<attr>
				<attrlabl>ZJVTD2B</attrlabl>
				<attalias Sync="TRUE">MINORITY</attalias><attrtype Sync="TRUE">String</attrtype><attwidth Sync="TRUE">32</attwidth><attrdefs>LTSB</attrdefs></attr>
			<attr>
				<attrlabl>ASSEMBLY</attrlabl>
				<attrdef>Assembly District assignment</attrdef>
				<attrdefs>Eastern District Federal Court</attrdefs>
				<attalias Sync="TRUE">ALT_NAME</attalias><attrtype Sync="TRUE">String</attrtype><attwidth Sync="TRUE">37</attwidth></attr>
			<attr>
				<attrlabl>SENATE</attrlabl>
				<attrdef>Senate District</attrdef>
				<attrdefs>Eastern District Federal Court</attrdefs>
				<attalias Sync="TRUE">ZJVTD2B</attalias><attrtype Sync="TRUE">String</attrtype><attwidth Sync="TRUE">11</attwidth></attr>
			<attr>
				<attrlabl>CONGRESS</attrlabl>
				<attrdef>Congressional District Assignment</attrdef>
				<attrdefs>Wisconsin State Legislature</attrdefs>
				<attalias Sync="TRUE">ASSEMBLY</attalias><attrtype Sync="TRUE">String</attrtype><attwidth Sync="TRUE">8</attwidth></attr>
			<attr>
				<attrlabl>ELECT_GEO</attrlabl>
				<attrdef>Fall 2002 Election Geograhy</attrdef>
				<attrdefs>State Elections Board, LTSB</attrdefs>
				<attalias Sync="TRUE">SENATE</attalias><attrtype Sync="TRUE">String</attrtype><attwidth Sync="TRUE">11</attwidth></attr>
			<attr>
				<attrlabl>CNTY_NAME</attrlabl>
				<attrdef>County name</attrdef>
				<attrdefs>U.S. Census Bureau</attrdefs>
				<attalias Sync="TRUE">CONGRESS</attalias><attrtype Sync="TRUE">Number</attrtype><attwidth Sync="TRUE">12</attwidth></attr>
			<attr>
				<attrlabl>MCD_NAME</attrlabl>
				<attrdef>Mcd Name</attrdef>
				<attrdefs>U.S. Census Bureau</attrdefs>
				<attalias Sync="TRUE">ELECT_GEO</attalias><attrtype Sync="TRUE">String</attrtype><attwidth Sync="TRUE">12</attwidth></attr>
			<attr>
				<attrlabl>CTV</attrlabl>
				<attrdef>City, Town or Village designation</attrdef>
				<attrdefs>U.S. Census Bureau</attrdefs>
				<attalias Sync="TRUE">CNTY_NAME</attalias><attrtype Sync="TRUE">String</attrtype><attwidth Sync="TRUE">17</attwidth></attr>
			<attr>
				<attrlabl>COMMENTS</attrlabl>
				<attrdef>Internal LTSB</attrdef>
				<attrdefs>LTSB</attrdefs>
				<attalias Sync="TRUE">MCD_NAME</attalias><attrtype Sync="TRUE">String</attrtype><attwidth Sync="TRUE">4</attwidth></attr>
			<attr>
				<attrlabl>GOV_DEM</attrlabl>
				<attrdefs>State Elections Board</attrdefs>
				<attalias Sync="TRUE">CTV</attalias><attrtype Sync="TRUE">String</attrtype><attwidth Sync="TRUE">11</attwidth></attr>
			<attr>
				<attrlabl>GOV_REP</attrlabl>
				<attrdefs>State Elections Board</attrdefs>
				<attalias Sync="TRUE">COMMENTS</attalias><attrtype Sync="TRUE">Number</attrtype><attwidth Sync="TRUE">10</attwidth></attr>
			<attr>
				<attrlabl>GOV_WGR</attrlabl>
				<attrdefs>State Elections Board</attrdefs>
				<attalias Sync="TRUE">GOV_DEM</attalias><attrtype Sync="TRUE">Number</attrtype><attwidth Sync="TRUE">10</attwidth></attr>
			<attr>
				<attrlabl>GOV_LIB</attrlabl>
				<attrdefs>State Elections Board</attrdefs>
				<attalias Sync="TRUE">GOV_REP</attalias><attrtype Sync="TRUE">Number</attrtype><attwidth Sync="TRUE">10</attwidth></attr>
			<attr>
				<attrlabl>GOV_IND1</attrlabl>
				<attrdefs>State Elections Board</attrdefs>
				<attalias Sync="TRUE">GOV_WGR</attalias><attrtype Sync="TRUE">Number</attrtype><attwidth Sync="TRUE">9</attwidth></attr>
			<attr>
				<attrlabl>GOV_IND2</attrlabl>
				<attrdefs>State Elections Board</attrdefs>
				<attalias Sync="TRUE">GOV_LIB</attalias><attrtype Sync="TRUE">Number</attrtype><attwidth Sync="TRUE">10</attwidth></attr>
			<attr>
				<attrlabl>GOV_IND3</attrlabl>
				<attrdefs>State Elections Board</attrdefs>
				<attalias Sync="TRUE">GOV_IND1</attalias><attrtype Sync="TRUE">Number</attrtype><attwidth Sync="TRUE">10</attwidth></attr>
			<attr>
				<attrlabl>GOV_IND4</attrlabl>
				<attrdefs>State Elections Board</attrdefs>
				<attalias Sync="TRUE">GOV_IND2</attalias><attrtype Sync="TRUE">Number</attrtype><attwidth Sync="TRUE">10</attwidth></attr>
			<attr>
				<attrlabl>SCATTER</attrlabl>
				<attrdefs>State Elections Board</attrdefs>
				<attalias Sync="TRUE">GOV_IND3</attalias><attrtype Sync="TRUE">Number</attrtype><attwidth Sync="TRUE">10</attwidth></attr>
			<attr>
				<attrlabl>AG_DEM</attrlabl>
				<attrdefs>State Elections Board</attrdefs>
				<attalias Sync="TRUE">GOV_IND4</attalias><attrtype Sync="TRUE">Number</attrtype><attwidth Sync="TRUE">9</attwidth></attr>
			<attr>
				<attrlabl>AD_REP</attrlabl>
				<attrdefs>State Elections Board</attrdefs>
				<attalias Sync="TRUE">SCATTER</attalias><attrtype Sync="TRUE">Number</attrtype><attwidth Sync="TRUE">9</attwidth></attr>
			<attr>
				<attrlabl>SCATTER_1</attrlabl>
				<attrdefs>State Elections Board</attrdefs>
				<attalias Sync="TRUE">AG_DEM</attalias><attrtype Sync="TRUE">Number</attrtype><attwidth Sync="TRUE">8</attwidth></attr>
			<attr>
				<attrlabl>TRS_DEM</attrlabl>
				<attrdefs>State Elections Board</attrdefs>
				<attalias Sync="TRUE">AD_REP</attalias><attrtype Sync="TRUE">Number</attrtype><attwidth Sync="TRUE">11</attwidth></attr>
			<attr>
				<attrlabl>TRS_REP</attrlabl>
				<attrdefs>State Elections Board</attrdefs>
				<attalias Sync="TRUE">SCATTER_1</attalias><attrtype Sync="TRUE">Number</attrtype><attwidth Sync="TRUE">9</attwidth></attr>
			<attr>
				<attrlabl>TRS_WGR</attrlabl>
				<attrdefs>State Elections Board</attrdefs>
				<attalias Sync="TRUE">TRS_DEM</attalias><attrtype Sync="TRUE">Number</attrtype><attwidth Sync="TRUE">9</attwidth></attr>
			<attr>
				<attrlabl>TRS_SCAT</attrlabl>
				<attrdefs>State Elections Board</attrdefs>
				<attalias Sync="TRUE">TRS_REP</attalias><attrtype Sync="TRUE">Number</attrtype><attwidth Sync="TRUE">10</attwidth></attr>
			<attr>
				<attrlabl>ASM_DEM</attrlabl>
				<attrdefs>State Elections Board</attrdefs>
				<attalias Sync="TRUE">TRS_WGR</attalias><attrtype Sync="TRUE">Number</attrtype><attwidth Sync="TRUE">10</attwidth></attr>
			<attr>
				<attrlabl>ASM_REP</attrlabl>
				<attrdefs>State Elections Board</attrdefs>
				<attalias Sync="TRUE">TRS_SCAT</attalias><attrtype Sync="TRUE">Number</attrtype><attwidth Sync="TRUE">10</attwidth></attr>
			<attr>
				<attrlabl>ASM_WGP</attrlabl>
				<attrdefs>State Elections Board</attrdefs>
				<attalias Sync="TRUE">ASM_DEM</attalias><attrtype Sync="TRUE">Number</attrtype><attwidth Sync="TRUE">10</attwidth></attr>
			<attr>
				<attrlabl>ASM_LIB</attrlabl>
				<attrdefs>State Elections Board</attrdefs>
				<attalias Sync="TRUE">ASM_REP</attalias><attrtype Sync="TRUE">Number</attrtype><attwidth Sync="TRUE">10</attwidth></attr>
			<attr>
				<attrlabl>ASM_IND1</attrlabl>
				<attrdefs>State Elections Board</attrdefs>
				<attalias Sync="TRUE">ASM_WGP</attalias><attrtype Sync="TRUE">Number</attrtype><attwidth Sync="TRUE">9</attwidth></attr>
			<attr>
				<attrlabl>ASM_IND2</attrlabl>
				<attrdefs>State Elections Board</attrdefs>
				<attalias Sync="TRUE">ASM_LIB</attalias><attrtype Sync="TRUE">Number</attrtype><attwidth Sync="TRUE">10</attwidth></attr>
			<attr>
				<attrlabl>ASM_SCAT</attrlabl>
				<attrdefs>State Elections Board</attrdefs>
				<attalias Sync="TRUE">ASM_IND1</attalias><attrtype Sync="TRUE">Number</attrtype><attwidth Sync="TRUE">10</attwidth></attr>
			<attr>
				<attrlabl>CON_DEM</attrlabl>
				<attrdefs>State Elections Board</attrdefs>
				<attalias Sync="TRUE">ASM_IND2</attalias><attrtype Sync="TRUE">Number</attrtype><attwidth Sync="TRUE">11</attwidth></attr>
			<attr>
				<attrlabl>CON_REP</attrlabl>
				<attrdefs>State Elections Board</attrdefs>
				<attalias Sync="TRUE">ASM_SCAT</attalias><attrtype Sync="TRUE">Number</attrtype><attwidth Sync="TRUE">10</attwidth></attr>
			<attr>
				<attrlabl>CON_LIB</attrlabl>
				<attrdefs>State Elections Board</attrdefs>
				<attalias Sync="TRUE">CON_DEM</attalias><attrtype Sync="TRUE">Number</attrtype><attwidth Sync="TRUE">10</attwidth></attr>
			<attr>
				<attrlabl>CON_WGR</attrlabl>
				<attrdefs>State Elections Board</attrdefs>
				<attalias Sync="TRUE">CON_REP</attalias><attrtype Sync="TRUE">Number</attrtype><attwidth Sync="TRUE">8</attwidth></attr>
			<attr>
				<attrlabl>CON_IND</attrlabl>
				<attrdefs>State Elections Board</attrdefs>
				<attalias Sync="TRUE">CON_LIB</attalias><attrtype Sync="TRUE">Number</attrtype><attwidth Sync="TRUE">10</attwidth></attr>
			<attr>
				<attrlabl>CON_SCAT</attrlabl>
				<attrdefs>State Elections Board</attrdefs>
				<attalias Sync="TRUE">CON_WGR</attalias><attrtype Sync="TRUE">Number</attrtype><attwidth Sync="TRUE">9</attwidth></attr>
			<attr>
				<attrlabl>SEN_DEM</attrlabl>
				<attrdefs>State Elections Board</attrdefs>
				<attalias Sync="TRUE">CON_IND</attalias><attrtype Sync="TRUE">Number</attrtype><attwidth Sync="TRUE">11</attwidth></attr>
			<attr>
				<attrlabl>SEN_REP</attrlabl>
				<attrdefs>State Elections Board</attrdefs>
				<attalias Sync="TRUE">CON_SCAT</attalias><attrtype Sync="TRUE">Number</attrtype><attwidth Sync="TRUE">10</attwidth></attr>
			<attr>
				<attrlabl>SEN_SCAT</attrlabl>
				<attrdefs>State Elections Board</attrdefs>
				<attalias Sync="TRUE">SEN_DEM</attalias><attrtype Sync="TRUE">Number</attrtype><attwidth Sync="TRUE">9</attwidth></attr>
			<attr>
				<attrlabl>SEN_WGR</attrlabl>
				<attrdefs>State Elections Board</attrdefs>
				<attalias Sync="TRUE">SEN_REP</attalias><attrtype Sync="TRUE">Number</attrtype><attwidth Sync="TRUE">10</attwidth></attr>
			<attr>
				<attrlabl>CDA_DEM</attrlabl>
				<attrdefs>State Elections Board</attrdefs>
				<attalias Sync="TRUE">SEN_SCAT</attalias><attrtype Sync="TRUE">Number</attrtype><attwidth Sync="TRUE">10</attwidth></attr>
			<attr>
				<attrlabl>CDA_REP</attrlabl>
				<attrdefs>State Elections Board</attrdefs>
				<attalias Sync="TRUE">SEN_WGR</attalias><attrtype Sync="TRUE">Number</attrtype><attwidth Sync="TRUE">10</attwidth></attr>
			<attr>
				<attrlabl>CDA_IND</attrlabl>
				<attrdefs>State Elections Board</attrdefs>
				<attalias Sync="TRUE">CDA_DEM</attalias><attrtype Sync="TRUE">Number</attrtype><attwidth Sync="TRUE">9</attwidth></attr>
			<attr>
				<attrlabl>CDA_SCAT</attrlabl>
				<attrdefs>State Elections Board</attrdefs>
				<attalias Sync="TRUE">CDA_REP</attalias><attrtype Sync="TRUE">Number</attrtype><attwidth Sync="TRUE">9</attwidth></attr>
			<attr>
				<attrlabl>CDA_REP2</attrlabl>
				<attrdefs>State Elections Board</attrdefs>
				<attalias Sync="TRUE">CDA_IND</attalias><attrtype Sync="TRUE">Number</attrtype><attwidth Sync="TRUE">10</attwidth></attr>
			<attr>
				<attrlabl>SOS_DEM</attrlabl>
				<attrdefs>State Elections Board</attrdefs>
				<attalias Sync="TRUE">CDA_SCAT</attalias><attrtype Sync="TRUE">Number</attrtype><attwidth Sync="TRUE">10</attwidth></attr>
			<attr>
				<attrlabl>SOS_REP</attrlabl>
				<attrdefs>State Elections Board</attrdefs>
				<attalias Sync="TRUE">CDA_REP2</attalias><attrtype Sync="TRUE">Number</attrtype><attwidth Sync="TRUE">10</attwidth><attrdef Sync="TRUE">Length of feature in internal units.</attrdef><attrdomv><udom Sync="TRUE">Positive real numbers that are automatically generated.</udom></attrdomv></attr>
			<attr>
				<attrlabl>SOS_CON</attrlabl>
				<attrdefs>State Elections Board</attrdefs>
				<attalias Sync="TRUE">SOS_DEM</attalias><attrtype Sync="TRUE">Number</attrtype><attwidth Sync="TRUE">10</attwidth><attrdef Sync="TRUE">Area of feature in internal units squared.</attrdef><attrdomv><udom Sync="TRUE">Positive real numbers that are automatically generated.</udom></attrdomv></attr>
			<attr>
				<attrlabl>SOS_SCAT</attrlabl>
				<attrdefs>State Elections Board</attrdefs>
				<attalias Sync="TRUE">SOS_REP</attalias><attrtype Sync="TRUE">Number</attrtype><attwidth Sync="TRUE">10</attwidth></attr>
			<attr>
				<attrlabl>ELECT_POP</attrlabl>
				<attrdefs>State Elections Board</attrdefs>
				<attalias Sync="TRUE">SOS_CON</attalias><attrtype Sync="TRUE">Number</attrtype><attwidth Sync="TRUE">11</attwidth></attr>
			<attr>
				<attrlabl>Shape_Length</attrlabl>
				<attrdef>Length of feature in internal units.</attrdef>
				<attrdefs>ESRI</attrdefs>
				<attrdomv>
					<udom>Positive real numbers that are automatically generated.</udom>
				</attrdomv>
				<attalias Sync="TRUE">SOS_SCAT</attalias><attrtype Sync="TRUE">Number</attrtype><attwidth Sync="TRUE">12</attwidth></attr>
			<attr>
				<attrlabl>Shape_Area</attrlabl>
				<attrdef>Area of feature in internal units squared.</attrdef>
				<attrdefs>ESRI</attrdefs>
				<attrdomv>
					<udom>Positive real numbers that are automatically generated.</udom>
				</attrdomv>
				<attalias Sync="TRUE">ELECT_POP</attalias><attrtype Sync="TRUE">Number</attrtype><attwidth Sync="TRUE">19</attwidth><atnumdec Sync="TRUE">11</atnumdec></attr>
			<attr><attrlabl Sync="TRUE">Shape_Leng</attrlabl><attalias Sync="TRUE">Shape_Leng</attalias><attrtype Sync="TRUE">Number</attrtype><attwidth Sync="TRUE">22</attwidth><attrdef Sync="TRUE">Length of feature in internal units.</attrdef><attrdefs Sync="TRUE">ESRI</attrdefs><attrdomv><udom Sync="TRUE">Positive real numbers that are automatically generated.</udom></attrdomv><atnumdec Sync="TRUE">11</atnumdec></attr><attr><attrlabl Sync="TRUE">Shape_Le_1</attrlabl><attalias Sync="TRUE">Shape_Le_1</attalias><attrtype Sync="TRUE">Double</attrtype><attwidth Sync="TRUE">19</attwidth><attrdef Sync="TRUE">Area of feature in internal units squared.</attrdef><attrdefs Sync="TRUE">ESRI</attrdefs><attrdomv><udom Sync="TRUE">Positive real numbers that are automatically generated.</udom></attrdomv><atnumdec Sync="TRUE">11</atnumdec><atprecis Sync="TRUE">18</atprecis><attscale Sync="TRUE">11</attscale></attr><attr><attrlabl Sync="TRUE">Shape_Area</attrlabl><attalias Sync="TRUE">Shape_Area</attalias><attrtype Sync="TRUE">Double</attrtype><attwidth Sync="TRUE">19</attwidth><attrdef Sync="TRUE">Area of feature in internal units squared.</attrdef><attrdefs Sync="TRUE">ESRI</attrdefs><attrdomv><udom Sync="TRUE">Positive real numbers that are automatically generated.</udom></attrdomv><atnumdec Sync="TRUE">11</atnumdec><atprecis Sync="TRUE">18</atprecis><attscale Sync="TRUE">11</attscale></attr></detailed>
	</eainfo>
	<distinfo>
		<resdesc>Downloadable Data

http://www.legis.state.wi.us/ltsb/redistricting/election_data2.htm</resdesc>
		<stdorder><digform><digtinfo><transize Sync="TRUE">15.495</transize><dssize Sync="TRUE">15.495</dssize></digtinfo></digform></stdorder></distinfo>
	<metainfo>
		<metd>20030519</metd>
		<metc>
			<cntinfo>
				<cntpos>GIS Application Developer</cntpos>
				<cntaddr>
					<addrtype>mailing and physical address</addrtype>
					<address>17 S. Fairchild St.</address>
					<address>Suite 400</address>
					<city>Madison</city>
					<state>WI</state>
					<postal>53703</postal>
				</cntaddr>
				<cntvoice>608-266-6640 Ext 1</cntvoice>
				<cntemail>gis@legis.state.wi.us</cntemail>
				<hours>8-5 M-F</hours>
				<cntorgp><cntorg>Legislative Technology Services Bureau</cntorg><cntper>Tony J. Van Der Wielen</cntper></cntorgp><cntfax>608-267-6763</cntfax></cntinfo>
		</metc>
		<metstdn>FGDC Content Standards for Digital Geospatial Metadata</metstdn>
		<metstdv>FGDC-STD-001-1998</metstdv>
		<mettc>local time</mettc>
		<metac>None</metac>
		<metuc>None</metuc>
		<metextns>
			<onlink>http://www.legis.state.wi.us/ltsb/redistricting/election_data2.htm</onlink>
			<metprof>ESRI Metadata Profile</metprof>
		</metextns>
		<metextns>
			<onlink>http://www.esri.com/metadata/esriprof80.html</onlink>
			<metprof>ESRI Metadata Profile</metprof>
		</metextns>
		<langmeta Sync="TRUE">en</langmeta><metextns><onlink Sync="TRUE">http://www.esri.com/metadata/esriprof80.html</onlink><metprof Sync="TRUE">ESRI Metadata Profile</metprof></metextns></metainfo>
	<Esri><CreaDate>20030519</CreaDate><CreaTime>15595400</CreaTime><SyncOnce>FALSE</SyncOnce><SyncDate>20030520</SyncDate><SyncTime>16124300</SyncTime><ModDate>20030520</ModDate><ModTime>16124300</ModTime><MetaID>{8003B63F-031E-4058-9C1A-7F5C75BA4BAB}</MetaID></Esri><dataIdInfo><envirDesc Sync="TRUE">Microsoft Windows 2000 Version 5.1 (Build 2600) ; ESRI ArcCatalog 8.3.0.800</envirDesc><dataLang><languageCode Sync="TRUE" value="en"></languageCode></dataLang><idCitation><resTitle Sync="TRUE">Ward_Election_Data_2002</resTitle><presForm><PresFormCd Sync="TRUE" value="005"></PresFormCd></presForm></idCitation><spatRpType><SpatRepTypCd Sync="TRUE" value="001"></SpatRepTypCd></spatRpType><dataExt><geoEle><GeoBndBox esriExtentType="native"><westBL Sync="TRUE">294822.466953</westBL><eastBL Sync="TRUE">773277.784903</eastBL><northBL Sync="TRUE">734409.177886</northBL><southBL Sync="TRUE">225108.729156</southBL><exTypeCode Sync="TRUE">1</exTypeCode></GeoBndBox></geoEle></dataExt><geoBox esriExtentType="decdegrees"><westBL Sync="TRUE">-92.964438</westBL><eastBL Sync="TRUE">-86.666231</eastBL><northBL Sync="TRUE">47.083193</northBL><southBL Sync="TRUE">42.45693</southBL><exTypeCode Sync="TRUE">1</exTypeCode></geoBox></dataIdInfo><mdLang><languageCode Sync="TRUE" value="en"></languageCode></mdLang><mdStanName Sync="TRUE">ISO 19115 Geographic Information - Metadata</mdStanName><mdStanVer Sync="TRUE">DIS_ESRI1.0</mdStanVer><mdChar><CharSetCd Sync="TRUE" value="004"></CharSetCd></mdChar><mdHrLv><ScopeCd Sync="TRUE" value="005"></ScopeCd></mdHrLv><mdHrLvName Sync="TRUE">dataset</mdHrLvName><distInfo><distributor><distorTran><onLineSrc><orDesc Sync="TRUE">002</orDesc><linkage Sync="TRUE">file://\\04FS\gis$\Election Data For Internet\Ward_Election_Data_2002.shp</linkage><protocol Sync="TRUE">Local Area Network</protocol></onLineSrc><transSize Sync="TRUE">15.495</transSize></distorTran><distorFormat><formatName Sync="TRUE">Shapefile</formatName></distorFormat></distributor></distInfo><refSysInfo><RefSystem><refSysID><identCode Sync="TRUE">Wisconsin Transverse Mercator (WTM83/91)</identCode></refSysID></RefSystem></refSysInfo><spatRepInfo><VectSpatRep><topLvl><TopoLevCd Sync="TRUE" value="001"></TopoLevCd></topLvl><geometObjs Name="Ward_Election_Data_2002"><geoObjTyp><GeoObjTypCd Sync="TRUE" value="001"></GeoObjTypCd></geoObjTyp><geoObjCnt Sync="TRUE">6278</geoObjCnt></geometObjs></VectSpatRep></spatRepInfo><mdDateSt Sync="TRUE">20030520</mdDateSt></metadata>
