<?xml version="1.0"?>
<!--<!DOCTYPE metadata SYSTEM "http://www.esri.com/metadata/esriprof80.dtd">-->
<metadata xml:lang="en"><Esri><MetaID>{FC1E43D3-D0A8-4580-A927-7219186930DF}</MetaID><CreaDate>20090812</CreaDate><CreaTime>07534900</CreaTime><SyncOnce>TRUE</SyncOnce><DataProperties><lineage><Process ToolSource="C:\Program Files\ArcGIS\ArcToolbox\Toolboxes\Data Management Tools.tbx\DefineProjection" Date="20090812" Time="075349">DefineProjection vtd2k PROJCS['mstm',GEOGCS['GCS_North_American_1983',DATUM['D_North_American_1983',SPHEROID['GRS_1980',6378137.0,298.257222101]],PRIMEM['Greenwich',0.0],UNIT['Degree',0.0174532925199433]],PROJECTION['Transverse_Mercator'],PARAMETER['False_Easting',500000.0],PARAMETER['False_Northing',1300000.0],PARAMETER['Central_Meridian',-89.75],PARAMETER['Scale_Factor',0.9998335],PARAMETER['Latitude_Of_Origin',32.5],UNIT['Meter',1.0]] vtd2k</Process></lineage></DataProperties></Esri></metadata>
