<?xml version="1.0" encoding="UTF-8"?>
<metadata xml:lang="en"><Esri><CreaDate>20150720</CreaDate><CreaTime>14291000</CreaTime><SyncOnce>FALSE</SyncOnce><SyncDate>20150720</SyncDate><SyncTime>14282000</SyncTime><ModDate>20150720</ModDate><ModTime>14282000</ModTime><DataProperties><lineage><Process ToolSource="G:\Program Files\ArcGIS\ArcToolbox\Toolboxes\Data Management Tools.tbx\CopyFeatures" Date="20100704" Time="221856" Name="" export="">CopyFeatures H:\GISDATA\CENSUS\2010_Verification_FEB_2010\2010_VTD_Verification_Census_files_from_dvd\rdp_pvs_vtd2000_37.shp H:\ToolShare\ToolData\REF.sde\REF.SDE.CENSUS_2010_VERIFICATION\REF.SDE.rdp_pvs_vtd2000_37 # 0 0 0</Process><Process ToolSource="C:\Program Files\ArcGIS\ArcToolbox\Toolboxes\Conversion Tools.tbx\FeatureClassToFeatureClass" Date="20100805" Time="132817" Name="" export="">FeatureClassToFeatureClass \\Sbegis02\ToolShare\ToolData\SBE.sde\SBE.DBO.SBE_VTD_PRECINCT_FINAL\SBE.DBO.rdp_pvs_vtd2000_37_1 \\Sbegis02\ToolShare\ToolData\SBE.sde\SBE.DBO.SBE_VTD_PRECINCT_FINAL SBE_VTD_PRECINCT # "STATEFP00 'STATEFP00' true true false 2 Text 0 0 ,First,#,\\Sbegis02\ToolShare\ToolData\SBE.sde\SBE.DBO.SBE_VTD_PRECINCT_FINAL\SBE.DBO.rdp_pvs_vtd2000_37_1,STATEFP00,-1,-1;COUNTYFP00 'COUNTYFP00' true true false 3 Text 0 0 ,First,#,\\Sbegis02\ToolShare\ToolData\SBE.sde\SBE.DBO.SBE_VTD_PRECINCT_FINAL\SBE.DBO.rdp_pvs_vtd2000_37_1,COUNTYFP00,-1,-1;VTDST00 'VTDST00' true true false 6 Text 0 0 ,First,#,\\Sbegis02\ToolShare\ToolData\SBE.sde\SBE.DBO.SBE_VTD_PRECINCT_FINAL\SBE.DBO.rdp_pvs_vtd2000_37_1,VTDST00,-1,-1;NAMELSAD 'NAMELSAD' true true false 100 Text 0 0 ,First,#,\\Sbegis02\ToolShare\ToolData\SBE.sde\SBE.DBO.SBE_VTD_PRECINCT_FINAL\SBE.DBO.rdp_pvs_vtd2000_37_1,NAMELSAD,-1,-1;VTDI 'VTDI' true true false 1 Text 0 0 ,First,#,\\Sbegis02\ToolShare\ToolData\SBE.sde\SBE.DBO.SBE_VTD_PRECINCT_FINAL\SBE.DBO.rdp_pvs_vtd2000_37_1,VTDI,-1,-1;LSAD 'LSAD' true true false 2 Text 0 0 ,First,#,\\Sbegis02\ToolShare\ToolData\SBE.sde\SBE.DBO.SBE_VTD_PRECINCT_FINAL\SBE.DBO.rdp_pvs_vtd2000_37_1,LSAD,-1,-1;CHNG_TYPE 'CHNG_TYPE' true true false 2 Text 0 0 ,First,#,\\Sbegis02\ToolShare\ToolData\SBE.sde\SBE.DBO.SBE_VTD_PRECINCT_FINAL\SBE.DBO.rdp_pvs_vtd2000_37_1,CHNG_TYPE,-1,-1;EFF_DATE 'EFF_DATE' true true false 36 Date 0 0 ,First,#,\\Sbegis02\ToolShare\ToolData\SBE.sde\SBE.DBO.SBE_VTD_PRECINCT_FINAL\SBE.DBO.rdp_pvs_vtd2000_37_1,EFF_DATE,-1,-1;NEW_NAME 'NEW_NAME' true true false 100 Text 0 0 ,First,#,\\Sbegis02\ToolShare\ToolData\SBE.sde\SBE.DBO.SBE_VTD_PRECINCT_FINAL\SBE.DBO.rdp_pvs_vtd2000_37_1,NEW_NAME,-1,-1;NEW_CODE 'NEW_CODE' true true false 6 Text 0 0 ,First,#,\\Sbegis02\ToolShare\ToolData\SBE.sde\SBE.DBO.SBE_VTD_PRECINCT_FINAL\SBE.DBO.rdp_pvs_vtd2000_37_1,NEW_CODE,-1,-1;RELTYPE1 'RELTYPE1' true true false 2 Text 0 0 ,First,#,\\Sbegis02\ToolShare\ToolData\SBE.sde\SBE.DBO.SBE_VTD_PRECINCT_FINAL\SBE.DBO.rdp_pvs_vtd2000_37_1,RELTYPE1,-1,-1;RELTYPE2 'RELTYPE2' true true false 2 Text 0 0 ,First,#,\\Sbegis02\ToolShare\ToolData\SBE.sde\SBE.DBO.SBE_VTD_PRECINCT_FINAL\SBE.DBO.rdp_pvs_vtd2000_37_1,RELTYPE2,-1,-1;RELTYPE3 'RELTYPE3' true true false 2 Text 0 0 ,First,#,\\Sbegis02\ToolShare\ToolData\SBE.sde\SBE.DBO.SBE_VTD_PRECINCT_FINAL\SBE.DBO.rdp_pvs_vtd2000_37_1,RELTYPE3,-1,-1;RELTYPE4 'RELTYPE4' true true false 2 Text 0 0 ,First,#,\\Sbegis02\ToolShare\ToolData\SBE.sde\SBE.DBO.SBE_VTD_PRECINCT_FINAL\SBE.DBO.rdp_pvs_vtd2000_37_1,RELTYPE4,-1,-1;RELTYPE5 'RELTYPE5' true true false 2 Text 0 0 ,First,#,\\Sbegis02\ToolShare\ToolData\SBE.sde\SBE.DBO.SBE_VTD_PRECINCT_FINAL\SBE.DBO.rdp_pvs_vtd2000_37_1,RELTYPE5,-1,-1;REL_ENT1 'REL_ENT1' true true false 8 Text 0 0 ,First,#,\\Sbegis02\ToolShare\ToolData\SBE.sde\SBE.DBO.SBE_VTD_PRECINCT_FINAL\SBE.DBO.rdp_pvs_vtd2000_37_1,REL_ENT1,-1,-1;REL_ENT2 'REL_ENT2' true true false 8 Text 0 0 ,First,#,\\Sbegis02\ToolShare\ToolData\SBE.sde\SBE.DBO.SBE_VTD_PRECINCT_FINAL\SBE.DBO.rdp_pvs_vtd2000_37_1,REL_ENT2,-1,-1;REL_ENT3 'REL_ENT3' true true false 8 Text 0 0 ,First,#,\\Sbegis02\ToolShare\ToolData\SBE.sde\SBE.DBO.SBE_VTD_PRECINCT_FINAL\SBE.DBO.rdp_pvs_vtd2000_37_1,REL_ENT3,-1,-1;REL_ENT4 'REL_ENT4' true true false 8 Text 0 0 ,First,#,\\Sbegis02\ToolShare\ToolData\SBE.sde\SBE.DBO.SBE_VTD_PRECINCT_FINAL\SBE.DBO.rdp_pvs_vtd2000_37_1,REL_ENT4,-1,-1;REL_ENT5 'REL_ENT5' true true false 8 Text 0 0 ,First,#,\\Sbegis02\ToolShare\ToolData\SBE.sde\SBE.DBO.SBE_VTD_PRECINCT_FINAL\SBE.DBO.rdp_pvs_vtd2000_37_1,REL_ENT5,-1,-1;RELATE 'RELATE' true true false 120 Text 0 0 ,First,#,\\Sbegis02\ToolShare\ToolData\SBE.sde\SBE.DBO.SBE_VTD_PRECINCT_FINAL\SBE.DBO.rdp_pvs_vtd2000_37_1,RELATE,-1,-1;NAME 'NAME' true true false 100 Text 0 0 ,First,#,\\Sbegis02\ToolShare\ToolData\SBE.sde\SBE.DBO.SBE_VTD_PRECINCT_FINAL\SBE.DBO.rdp_pvs_vtd2000_37_1,NAME,-1,-1;VINTAGE 'VINTAGE' true true false 2 Text 0 0 ,First,#,\\Sbegis02\ToolShare\ToolData\SBE.sde\SBE.DBO.SBE_VTD_PRECINCT_FINAL\SBE.DBO.rdp_pvs_vtd2000_37_1,VINTAGE,-1,-1;FUNCSTAT 'FUNCSTAT' true true false 1 Text 0 0 ,First,#,\\Sbegis02\ToolShare\ToolData\SBE.sde\SBE.DBO.SBE_VTD_PRECINCT_FINAL\SBE.DBO.rdp_pvs_vtd2000_37_1,FUNCSTAT,-1,-1;GlobalID 'GlobalID' false false true 38 Long 0 0 ,First,#,\\Sbegis02\ToolShare\ToolData\SBE.sde\SBE.DBO.SBE_VTD_PRECINCT_FINAL\SBE.DBO.rdp_pvs_vtd2000_37_1,GlobalID,-1,-1;Shape_area 'Shape_area' false false true 0 Double 0 0 ,First,#,\\Sbegis02\ToolShare\ToolData\SBE.sde\SBE.DBO.SBE_VTD_PRECINCT_FINAL\SBE.DBO.rdp_pvs_vtd2000_37_1,Shape.area,-1,-1;Shape_len 'Shape_len' false false true 0 Double 0 0 ,First,#,\\Sbegis02\ToolShare\ToolData\SBE.sde\SBE.DBO.SBE_VTD_PRECINCT_FINAL\SBE.DBO.rdp_pvs_vtd2000_37_1,Shape.len,-1,-1" # \\Sbegis02\ToolShare\ToolData\SBE.sde\SBE.DBO.SBE_VTD_PRECINCT_FINAL\SBE.DBO.SBE_VTD_PRECINCT</Process><Process ToolSource="C:\Program Files\ArcGIS\ArcToolbox\Toolboxes\Conversion Tools.tbx\FeatureClassToFeatureClass" Date="20100921" Time="095350" Name="" export="">FeatureClassToFeatureClass \\Sbegis02\ToolShare\ToolData\SBE.sde\SBE.DBO.SBE_VTD_PRECINCT_FINAL\SBE.DBO.SBE_VTD_PRECINCT \\Sbegis02\ToolShare\ToolData\SBE.sde\SBE.DBO.SBE_VTD_PRECINCT_FINAL SBE_VTD_PRECINCT_09_21 # "STATEFP00 'STATEFP00' true true false 2 Text 0 0 ,First,#,\\Sbegis02\ToolShare\ToolData\SBE.sde\SBE.DBO.SBE_VTD_PRECINCT_FINAL\SBE.DBO.SBE_VTD_PRECINCT,STATEFP00,-1,-1;COUNTYFP00 'COUNTYFP00' true true false 3 Text 0 0 ,First,#,\\Sbegis02\ToolShare\ToolData\SBE.sde\SBE.DBO.SBE_VTD_PRECINCT_FINAL\SBE.DBO.SBE_VTD_PRECINCT,COUNTYFP00,-1,-1;VTDST00 'VTDST00' true true false 6 Text 0 0 ,First,#,\\Sbegis02\ToolShare\ToolData\SBE.sde\SBE.DBO.SBE_VTD_PRECINCT_FINAL\SBE.DBO.SBE_VTD_PRECINCT,VTDST00,-1,-1;NAMELSAD 'NAMELSAD' true true false 100 Text 0 0 ,First,#,\\Sbegis02\ToolShare\ToolData\SBE.sde\SBE.DBO.SBE_VTD_PRECINCT_FINAL\SBE.DBO.SBE_VTD_PRECINCT,NAMELSAD,-1,-1;VTDI 'VTDI' true true false 1 Text 0 0 ,First,#,\\Sbegis02\ToolShare\ToolData\SBE.sde\SBE.DBO.SBE_VTD_PRECINCT_FINAL\SBE.DBO.SBE_VTD_PRECINCT,VTDI,-1,-1;LSAD 'LSAD' true true false 2 Text 0 0 ,First,#,\\Sbegis02\ToolShare\ToolData\SBE.sde\SBE.DBO.SBE_VTD_PRECINCT_FINAL\SBE.DBO.SBE_VTD_PRECINCT,LSAD,-1,-1;CHNG_TYPE 'CHNG_TYPE' true true false 2 Text 0 0 ,First,#,\\Sbegis02\ToolShare\ToolData\SBE.sde\SBE.DBO.SBE_VTD_PRECINCT_FINAL\SBE.DBO.SBE_VTD_PRECINCT,CHNG_TYPE,-1,-1;EFF_DATE 'EFF_DATE' true true false 36 Date 0 0 ,First,#,\\Sbegis02\ToolShare\ToolData\SBE.sde\SBE.DBO.SBE_VTD_PRECINCT_FINAL\SBE.DBO.SBE_VTD_PRECINCT,EFF_DATE,-1,-1;NEW_NAME 'NEW_NAME' true true false 100 Text 0 0 ,First,#,\\Sbegis02\ToolShare\ToolData\SBE.sde\SBE.DBO.SBE_VTD_PRECINCT_FINAL\SBE.DBO.SBE_VTD_PRECINCT,NEW_NAME,-1,-1;NEW_CODE 'NEW_CODE' true true false 6 Text 0 0 ,First,#,\\Sbegis02\ToolShare\ToolData\SBE.sde\SBE.DBO.SBE_VTD_PRECINCT_FINAL\SBE.DBO.SBE_VTD_PRECINCT,NEW_CODE,-1,-1;RELTYPE1 'RELTYPE1' true true false 2 Text 0 0 ,First,#,\\Sbegis02\ToolShare\ToolData\SBE.sde\SBE.DBO.SBE_VTD_PRECINCT_FINAL\SBE.DBO.SBE_VTD_PRECINCT,RELTYPE1,-1,-1;RELTYPE2 'RELTYPE2' true true false 2 Text 0 0 ,First,#,\\Sbegis02\ToolShare\ToolData\SBE.sde\SBE.DBO.SBE_VTD_PRECINCT_FINAL\SBE.DBO.SBE_VTD_PRECINCT,RELTYPE2,-1,-1;RELTYPE3 'RELTYPE3' true true false 2 Text 0 0 ,First,#,\\Sbegis02\ToolShare\ToolData\SBE.sde\SBE.DBO.SBE_VTD_PRECINCT_FINAL\SBE.DBO.SBE_VTD_PRECINCT,RELTYPE3,-1,-1;RELTYPE4 'RELTYPE4' true true false 2 Text 0 0 ,First,#,\\Sbegis02\ToolShare\ToolData\SBE.sde\SBE.DBO.SBE_VTD_PRECINCT_FINAL\SBE.DBO.SBE_VTD_PRECINCT,RELTYPE4,-1,-1;RELTYPE5 'RELTYPE5' true true false 2 Text 0 0 ,First,#,\\Sbegis02\ToolShare\ToolData\SBE.sde\SBE.DBO.SBE_VTD_PRECINCT_FINAL\SBE.DBO.SBE_VTD_PRECINCT,RELTYPE5,-1,-1;REL_ENT1 'REL_ENT1' true true false 8 Text 0 0 ,First,#,\\Sbegis02\ToolShare\ToolData\SBE.sde\SBE.DBO.SBE_VTD_PRECINCT_FINAL\SBE.DBO.SBE_VTD_PRECINCT,REL_ENT1,-1,-1;REL_ENT2 'REL_ENT2' true true false 8 Text 0 0 ,First,#,\\Sbegis02\ToolShare\ToolData\SBE.sde\SBE.DBO.SBE_VTD_PRECINCT_FINAL\SBE.DBO.SBE_VTD_PRECINCT,REL_ENT2,-1,-1;REL_ENT3 'REL_ENT3' true true false 8 Text 0 0 ,First,#,\\Sbegis02\ToolShare\ToolData\SBE.sde\SBE.DBO.SBE_VTD_PRECINCT_FINAL\SBE.DBO.SBE_VTD_PRECINCT,REL_ENT3,-1,-1;REL_ENT4 'REL_ENT4' true true false 8 Text 0 0 ,First,#,\\Sbegis02\ToolShare\ToolData\SBE.sde\SBE.DBO.SBE_VTD_PRECINCT_FINAL\SBE.DBO.SBE_VTD_PRECINCT,REL_ENT4,-1,-1;REL_ENT5 'REL_ENT5' true true false 8 Text 0 0 ,First,#,\\Sbegis02\ToolShare\ToolData\SBE.sde\SBE.DBO.SBE_VTD_PRECINCT_FINAL\SBE.DBO.SBE_VTD_PRECINCT,REL_ENT5,-1,-1;RELATE 'RELATE' true true false 120 Text 0 0 ,First,#,\\Sbegis02\ToolShare\ToolData\SBE.sde\SBE.DBO.SBE_VTD_PRECINCT_FINAL\SBE.DBO.SBE_VTD_PRECINCT,RELATE,-1,-1;NAME 'NAME' true true false 100 Text 0 0 ,First,#,\\Sbegis02\ToolShare\ToolData\SBE.sde\SBE.DBO.SBE_VTD_PRECINCT_FINAL\SBE.DBO.SBE_VTD_PRECINCT,NAME,-1,-1;VINTAGE 'VINTAGE' true true false 2 Text 0 0 ,First,#,\\Sbegis02\ToolShare\ToolData\SBE.sde\SBE.DBO.SBE_VTD_PRECINCT_FINAL\SBE.DBO.SBE_VTD_PRECINCT,VINTAGE,-1,-1;FUNCSTAT 'FUNCSTAT' true true false 1 Text 0 0 ,First,#,\\Sbegis02\ToolShare\ToolData\SBE.sde\SBE.DBO.SBE_VTD_PRECINCT_FINAL\SBE.DBO.SBE_VTD_PRECINCT,FUNCSTAT,-1,-1;GlobalID 'GlobalID' false false true 38 Long 0 0 ,First,#,\\Sbegis02\ToolShare\ToolData\SBE.sde\SBE.DBO.SBE_VTD_PRECINCT_FINAL\SBE.DBO.SBE_VTD_PRECINCT,GlobalID,-1,-1;VTD_ID 'VTD_ID' true true false 100 Text 0 0 ,First,#,\\Sbegis02\ToolShare\ToolData\SBE.sde\SBE.DBO.SBE_VTD_PRECINCT_FINAL\SBE.DBO.SBE_VTD_PRECINCT,VTD_ID,-1,-1;PREC_ID 'PREC_ID' true true false 100 Text 0 0 ,First,#,\\Sbegis02\ToolShare\ToolData\SBE.sde\SBE.DBO.SBE_VTD_PRECINCT_FINAL\SBE.DBO.SBE_VTD_PRECINCT,PREC_ID,-1,-1;ENR_DESC 'ENR_DESC' true true false 150 Text 0 0 ,First,#,\\Sbegis02\ToolShare\ToolData\SBE.sde\SBE.DBO.SBE_VTD_PRECINCT_FINAL\SBE.DBO.SBE_VTD_PRECINCT,ENR_DESC,-1,-1;Shape_area 'Shape_area' false false true 0 Double 0 0 ,First,#,\\Sbegis02\ToolShare\ToolData\SBE.sde\SBE.DBO.SBE_VTD_PRECINCT_FINAL\SBE.DBO.SBE_VTD_PRECINCT,Shape.area,-1,-1;Shape_len 'Shape_len' false false true 0 Double 0 0 ,First,#,\\Sbegis02\ToolShare\ToolData\SBE.sde\SBE.DBO.SBE_VTD_PRECINCT_FINAL\SBE.DBO.SBE_VTD_PRECINCT,Shape.len,-1,-1" # \\Sbegis02\ToolShare\ToolData\SBE.sde\SBE.DBO.SBE_VTD_PRECINCT_FINAL\SBE.DBO.SBE_VTD_PRECINCT_09_21</Process><Process ToolSource="C:\Program Files\ArcGIS\ArcToolbox\Toolboxes\Conversion Tools.tbx\FeatureClassToFeatureClass" Date="20101012" Time="083209" Name="" export="">FeatureClassToFeatureClass \\Sbegis02\ToolShare\ToolData\SBE.sde\SBE.DBO.SBE_VTD_PRECINCT_FINAL\SBE.DBO.SBE_VTD_PRECINCT_09_21 \\Sbegis02\ToolShare\ToolData\ENR_NOV_2010_EXPORT VTD_PRECINCT_10_12.shp # "STATEFP00 'STATEFP00' true true false 2 Text 0 0 ,First,#,\\Sbegis02\ToolShare\ToolData\SBE.sde\SBE.DBO.SBE_VTD_PRECINCT_FINAL\SBE.DBO.SBE_VTD_PRECINCT_09_21,STATEFP00,-1,-1;COUNTYFP00 'COUNTYFP00' true true false 3 Text 0 0 ,First,#,\\Sbegis02\ToolShare\ToolData\SBE.sde\SBE.DBO.SBE_VTD_PRECINCT_FINAL\SBE.DBO.SBE_VTD_PRECINCT_09_21,COUNTYFP00,-1,-1;VTDST00 'VTDST00' true true false 6 Text 0 0 ,First,#,\\Sbegis02\ToolShare\ToolData\SBE.sde\SBE.DBO.SBE_VTD_PRECINCT_FINAL\SBE.DBO.SBE_VTD_PRECINCT_09_21,VTDST00,-1,-1;VTDI 'VTDI' true true false 1 Text 0 0 ,First,#,\\Sbegis02\ToolShare\ToolData\SBE.sde\SBE.DBO.SBE_VTD_PRECINCT_FINAL\SBE.DBO.SBE_VTD_PRECINCT_09_21,VTDI,-1,-1;LSAD 'LSAD' true true false 2 Text 0 0 ,First,#,\\Sbegis02\ToolShare\ToolData\SBE.sde\SBE.DBO.SBE_VTD_PRECINCT_FINAL\SBE.DBO.SBE_VTD_PRECINCT_09_21,LSAD,-1,-1;CHNG_TYPE 'CHNG_TYPE' true true false 2 Text 0 0 ,First,#,\\Sbegis02\ToolShare\ToolData\SBE.sde\SBE.DBO.SBE_VTD_PRECINCT_FINAL\SBE.DBO.SBE_VTD_PRECINCT_09_21,CHNG_TYPE,-1,-1;EFF_DATE 'EFF_DATE' true true false 36 Date 0 0 ,First,#,\\Sbegis02\ToolShare\ToolData\SBE.sde\SBE.DBO.SBE_VTD_PRECINCT_FINAL\SBE.DBO.SBE_VTD_PRECINCT_09_21,EFF_DATE,-1,-1;NAME 'NAME' true true false 100 Text 0 0 ,First,#,\\Sbegis02\ToolShare\ToolData\SBE.sde\SBE.DBO.SBE_VTD_PRECINCT_FINAL\SBE.DBO.SBE_VTD_PRECINCT_09_21,NAME,-1,-1;VTD_ID 'VTD_ID' true true false 100 Text 0 0 ,First,#,\\Sbegis02\ToolShare\ToolData\SBE.sde\SBE.DBO.SBE_VTD_PRECINCT_FINAL\SBE.DBO.SBE_VTD_PRECINCT_09_21,VTD_ID,-1,-1;PREC_ID 'PREC_ID' true true false 100 Text 0 0 ,First,#,\\Sbegis02\ToolShare\ToolData\SBE.sde\SBE.DBO.SBE_VTD_PRECINCT_FINAL\SBE.DBO.SBE_VTD_PRECINCT_09_21,PREC_ID,-1,-1;ENR_DESC 'ENR_DESC' true true false 150 Text 0 0 ,First,#,\\Sbegis02\ToolShare\ToolData\SBE.sde\SBE.DBO.SBE_VTD_PRECINCT_FINAL\SBE.DBO.SBE_VTD_PRECINCT_09_21,ENR_DESC,-1,-1;Shape_area 'Shape_area' false false true 0 Double 0 0 ,First,#,\\Sbegis02\ToolShare\ToolData\SBE.sde\SBE.DBO.SBE_VTD_PRECINCT_FINAL\SBE.DBO.SBE_VTD_PRECINCT_09_21,Shape.area,-1,-1;Shape_len 'Shape_len' false false true 0 Double 0 0 ,First,#,\\Sbegis02\ToolShare\ToolData\SBE.sde\SBE.DBO.SBE_VTD_PRECINCT_FINAL\SBE.DBO.SBE_VTD_PRECINCT_09_21,Shape.len,-1,-1" # \\Sbegis02\ToolShare\ToolData\ENR_NOV_2010_EXPORT\VTD_PRECINCT_10_12.shp</Process><Process ToolSource="C:\Program Files\ArcGIS\ArcToolbox\Toolboxes\Conversion Tools.tbx\FeatureClassToFeatureClass" Date="20101012" Time="083353" Name="" export="">FeatureClassToFeatureClass \\Sbegis02\ToolShare\ToolData\ENR_NOV_2010_EXPORT\VTD_PRECINCT_10_12.shp \\Sbegis02\ToolShare\ToolData\SBE.sde\SBE.DBO.SBE_VTD_PRECINCT_FINAL VTD_PRECINCT_10_12 # "STATEFP00 'STATEFP00' true true false 2 Text 0 0 ,First,#,\\Sbegis02\ToolShare\ToolData\ENR_NOV_2010_EXPORT\VTD_PRECINCT_10_12.shp,STATEFP00,-1,-1;COUNTYFP00 'COUNTYFP00' true true false 3 Text 0 0 ,First,#,\\Sbegis02\ToolShare\ToolData\ENR_NOV_2010_EXPORT\VTD_PRECINCT_10_12.shp,COUNTYFP00,-1,-1;VTDST00 'VTDST00' true true false 6 Text 0 0 ,First,#,\\Sbegis02\ToolShare\ToolData\ENR_NOV_2010_EXPORT\VTD_PRECINCT_10_12.shp,VTDST00,-1,-1;VTDI 'VTDI' true true false 1 Text 0 0 ,First,#,\\Sbegis02\ToolShare\ToolData\ENR_NOV_2010_EXPORT\VTD_PRECINCT_10_12.shp,VTDI,-1,-1;LSAD 'LSAD' true true false 2 Text 0 0 ,First,#,\\Sbegis02\ToolShare\ToolData\ENR_NOV_2010_EXPORT\VTD_PRECINCT_10_12.shp,LSAD,-1,-1;CHNG_TYPE 'CHNG_TYPE' true true false 2 Text 0 0 ,First,#,\\Sbegis02\ToolShare\ToolData\ENR_NOV_2010_EXPORT\VTD_PRECINCT_10_12.shp,CHNG_TYPE,-1,-1;EFF_DATE 'EFF_DATE' true true false 8 Date 0 0 ,First,#,\\Sbegis02\ToolShare\ToolData\ENR_NOV_2010_EXPORT\VTD_PRECINCT_10_12.shp,EFF_DATE,-1,-1;NAME 'NAME' true true false 100 Text 0 0 ,First,#,\\Sbegis02\ToolShare\ToolData\ENR_NOV_2010_EXPORT\VTD_PRECINCT_10_12.shp,NAME,-1,-1;VTD_ID 'VTD_ID' true true false 100 Text 0 0 ,First,#,\\Sbegis02\ToolShare\ToolData\ENR_NOV_2010_EXPORT\VTD_PRECINCT_10_12.shp,VTD_ID,-1,-1;PREC_ID 'PREC_ID' true true false 100 Text 0 0 ,First,#,\\Sbegis02\ToolShare\ToolData\ENR_NOV_2010_EXPORT\VTD_PRECINCT_10_12.shp,PREC_ID,-1,-1;ENR_DESC 'ENR_DESC' true true false 150 Text 0 0 ,First,#,\\Sbegis02\ToolShare\ToolData\ENR_NOV_2010_EXPORT\VTD_PRECINCT_10_12.shp,ENR_DESC,-1,-1;Shape_area 'Shape_area' true true false 19 Double 0 0 ,First,#,\\Sbegis02\ToolShare\ToolData\ENR_NOV_2010_EXPORT\VTD_PRECINCT_10_12.shp,Shape_area,-1,-1;Shape_len 'Shape_len' true true false 19 Double 0 0 ,First,#,\\Sbegis02\ToolShare\ToolData\ENR_NOV_2010_EXPORT\VTD_PRECINCT_10_12.shp,Shape_len,-1,-1" # \\Sbegis02\ToolShare\ToolData\SBE.sde\SBE.DBO.SBE_VTD_PRECINCT_FINAL\SBE.DBO.VTD_PRECINCT_10_12</Process><Process ToolSource="C:\Program Files\ArcGIS\ArcToolbox\Toolboxes\Data Management Tools.tbx\UnregisterAsVersioned" Date="20101012" Time="090757" Name="" export="">UnregisterAsVersioned \\Sbegis02\ToolShare\ToolData\SBE.sde\SBE.DBO.SBE_VTD_PRECINCT_FINAL\SBE.DBO.VTD_PRECINCT_10_12 KEEP_EDIT NO_COMPRESS_DEFAULT \\Sbegis02\ToolShare\ToolData\SBE.sde\SBE.DBO.SBE_VTD_PRECINCT_FINAL\SBE.DBO.VTD_PRECINCT_10_12</Process><Process ToolSource="C:\Program Files\ArcGIS\ArcToolbox\Toolboxes\Conversion Tools.tbx\FeatureClassToFeatureClass" Date="20101022" Time="083847" Name="" export="">FeatureClassToFeatureClass \\Sbegis02\ToolShare\ToolData\SBE.sde\SBE.DBO.SBE_VTD_PRECINCT_FINAL\SBE.DBO.VTD_PRECINCT_10_12 \\Sbegis02\ToolShare\ToolData\SBE.sde\SBE.DBO.ENR_VTD_PRECINCTS ENR_NOV_2010_VTD_PRECINCTS # "STATEFP00 'STATEFP00' true true false 2 Text 0 0 ,First,#,\\Sbegis02\ToolShare\ToolData\SBE.sde\SBE.DBO.SBE_VTD_PRECINCT_FINAL\SBE.DBO.VTD_PRECINCT_10_12,STATEFP00,-1,-1;COUNTYFP00 'COUNTYFP00' true true false 3 Text 0 0 ,First,#,\\Sbegis02\ToolShare\ToolData\SBE.sde\SBE.DBO.SBE_VTD_PRECINCT_FINAL\SBE.DBO.VTD_PRECINCT_10_12,COUNTYFP00,-1,-1;VTDST00 'VTDST00' true true false 6 Text 0 0 ,First,#,\\Sbegis02\ToolShare\ToolData\SBE.sde\SBE.DBO.SBE_VTD_PRECINCT_FINAL\SBE.DBO.VTD_PRECINCT_10_12,VTDST00,-1,-1;VTDI 'VTDI' true true false 1 Text 0 0 ,First,#,\\Sbegis02\ToolShare\ToolData\SBE.sde\SBE.DBO.SBE_VTD_PRECINCT_FINAL\SBE.DBO.VTD_PRECINCT_10_12,VTDI,-1,-1;LSAD 'LSAD' true true false 2 Text 0 0 ,First,#,\\Sbegis02\ToolShare\ToolData\SBE.sde\SBE.DBO.SBE_VTD_PRECINCT_FINAL\SBE.DBO.VTD_PRECINCT_10_12,LSAD,-1,-1;CHNG_TYPE 'CHNG_TYPE' true true false 2 Text 0 0 ,First,#,\\Sbegis02\ToolShare\ToolData\SBE.sde\SBE.DBO.SBE_VTD_PRECINCT_FINAL\SBE.DBO.VTD_PRECINCT_10_12,CHNG_TYPE,-1,-1;EFF_DATE 'EFF_DATE' true true false 36 Date 0 0 ,First,#,\\Sbegis02\ToolShare\ToolData\SBE.sde\SBE.DBO.SBE_VTD_PRECINCT_FINAL\SBE.DBO.VTD_PRECINCT_10_12,EFF_DATE,-1,-1;NAME 'NAME' true true false 100 Text 0 0 ,First,#,\\Sbegis02\ToolShare\ToolData\SBE.sde\SBE.DBO.SBE_VTD_PRECINCT_FINAL\SBE.DBO.VTD_PRECINCT_10_12,NAME,-1,-1;VTD_ID 'VTD_ID' true true false 100 Text 0 0 ,First,#,\\Sbegis02\ToolShare\ToolData\SBE.sde\SBE.DBO.SBE_VTD_PRECINCT_FINAL\SBE.DBO.VTD_PRECINCT_10_12,VTD_ID,-1,-1;PREC_ID 'PREC_ID' true true false 100 Text 0 0 ,First,#,\\Sbegis02\ToolShare\ToolData\SBE.sde\SBE.DBO.SBE_VTD_PRECINCT_FINAL\SBE.DBO.VTD_PRECINCT_10_12,PREC_ID,-1,-1;ENR_DESC 'ENR_DESC' true true false 150 Text 0 0 ,First,#,\\Sbegis02\ToolShare\ToolData\SBE.sde\SBE.DBO.SBE_VTD_PRECINCT_FINAL\SBE.DBO.VTD_PRECINCT_10_12,ENR_DESC,-1,-1;Shape_area 'Shape_area' false false true 0 Double 0 0 ,First,#,\\Sbegis02\ToolShare\ToolData\SBE.sde\SBE.DBO.SBE_VTD_PRECINCT_FINAL\SBE.DBO.VTD_PRECINCT_10_12,Shape.area,-1,-1;Shape_len 'Shape_len' false false true 0 Double 0 0 ,First,#,\\Sbegis02\ToolShare\ToolData\SBE.sde\SBE.DBO.SBE_VTD_PRECINCT_FINAL\SBE.DBO.VTD_PRECINCT_10_12,Shape.len,-1,-1" # \\Sbegis02\ToolShare\ToolData\SBE.sde\SBE.DBO.ENR_VTD_PRECINCTS\SBE.DBO.ENR_NOV_2010_VTD_PRECINCTS</Process><Process ToolSource="C:\Program Files (x86)\ArcGIS\Desktop10.0\ArcToolbox\Toolboxes\Data Management Tools.tbx\CalculateField" Date="20111117" Time="115101" Name="" export="">CalculateField SBE_PRECINCTS_08222011 COUNTY_NAM "CHOWAN" VB #</Process><Process ToolSource="C:\Program Files (x86)\ArcGIS\Desktop10.0\ArcToolbox\Toolboxes\Conversion Tools.tbx\FeatureClassToFeatureClass" Date="20111117" Time="140942" Name="" export="">FeatureClassToFeatureClass \\Sbegis02\gisdata\SBOE\SBE_PRECINCTS\SBE_State_Precincts\SBE_PRECINCTS_08222011.shp \\SBEGIS02\ToolData\SBE.sde\SBE.DBO.SBOE_OFFICIAL_VTD_PRECINCTS_2011 SBE_PRECINCTS_11172011 # "PREC_ID "PREC_ID" true true false 100 Text 0 0 ,First,#,\\Sbegis02\gisdata\SBOE\SBE_PRECINCTS\SBE_State_Precincts\SBE_PRECINCTS_08222011.shp,PREC_ID,-1,-1;ENR_DESC "ENR_DESC" true true false 150 Text 0 0 ,First,#,\\Sbegis02\gisdata\SBOE\SBE_PRECINCTS\SBE_State_Precincts\SBE_PRECINCTS_08222011.shp,ENR_DESC,-1,-1;COUNTY_ID "COUNTY_ID" true true false 5 Long 0 5 ,First,#,\\Sbegis02\gisdata\SBOE\SBE_PRECINCTS\SBE_State_Precincts\SBE_PRECINCTS_08222011.shp,COUNTY_ID,-1,-1;COUNTY_NAM "COUNTY_NAM" true true false 100 Text 0 0 ,First,#,\\Sbegis02\gisdata\SBOE\SBE_PRECINCTS\SBE_State_Precincts\SBE_PRECINCTS_08222011.shp,COUNTY_NAM,-1,-1;Shape_area "Shape_area" true true false 19 Double 0 0 ,First,#,\\Sbegis02\gisdata\SBOE\SBE_PRECINCTS\SBE_State_Precincts\SBE_PRECINCTS_08222011.shp,Shape_area,-1,-1;Shape_len "Shape_len" true true false 19 Double 0 0 ,First,#,\\Sbegis02\gisdata\SBOE\SBE_PRECINCTS\SBE_State_Precincts\SBE_PRECINCTS_08222011.shp,Shape_len,-1,-1" #</Process><Process ToolSource="c:\program files (x86)\arcgis\desktop10.0\ArcToolbox\Toolboxes\Conversion Tools.tbx\FeatureClassToFeatureClass" Date="20120316" Time="165347" Name="" export="">FeatureClassToFeatureClass \\SBEGIS02\ToolData\SBE.sde\SBE.DBO.SBOE_OFFICIAL_VTD_PRECINCTS_2011\SBE.DBO.SBE_PRECINCTS_11172011 V:\Shapefiles\backup_03162012 SBE_PRECINCTS_11172011.shp # "PREC_ID "PREC_ID" true true false 100 Text 0 0 ,First,#,\\SBEGIS02\ToolData\SBE.sde\SBE.DBO.SBOE_OFFICIAL_VTD_PRECINCTS_2011\SBE.DBO.SBE_PRECINCTS_11172011,PREC_ID,-1,-1;ENR_DESC "ENR_DESC" true true false 150 Text 0 0 ,First,#,\\SBEGIS02\ToolData\SBE.sde\SBE.DBO.SBOE_OFFICIAL_VTD_PRECINCTS_2011\SBE.DBO.SBE_PRECINCTS_11172011,ENR_DESC,-1,-1;COUNTY_ID "COUNTY_ID" true true false 4 Long 0 10 ,First,#,\\SBEGIS02\ToolData\SBE.sde\SBE.DBO.SBOE_OFFICIAL_VTD_PRECINCTS_2011\SBE.DBO.SBE_PRECINCTS_11172011,COUNTY_ID,-1,-1;COUNTY_NAM "COUNTY_NAM" true true false 100 Text 0 0 ,First,#,\\SBEGIS02\ToolData\SBE.sde\SBE.DBO.SBOE_OFFICIAL_VTD_PRECINCTS_2011\SBE.DBO.SBE_PRECINCTS_11172011,COUNTY_NAM,-1,-1;Shape_area "Shape.area" false false true 0 Double 0 0 ,First,#,\\SBEGIS02\ToolData\SBE.sde\SBE.DBO.SBOE_OFFICIAL_VTD_PRECINCTS_2011\SBE.DBO.SBE_PRECINCTS_11172011,Shape.area,-1,-1;Shape_len "Shape.len" false false true 0 Double 0 0 ,First,#,\\SBEGIS02\ToolData\SBE.sde\SBE.DBO.SBOE_OFFICIAL_VTD_PRECINCTS_2011\SBE.DBO.SBE_PRECINCTS_11172011,Shape.len,-1,-1" #</Process><Process ToolSource="c:\program files (x86)\arcgis\desktop10.0\ArcToolbox\Toolboxes\Data Management Tools.tbx\CopyFeatures" Date="20120319" Time="153230" Name="" export="">CopyFeatures V:\Shapefiles\backup_03162012\SBE_PRECINCTS_11172011a.shp \\SBEGIS02\ToolData\SBE.sde\SBE.DBO.SBE_VTD_PRECINCT\SBE_PRECINCTS_11172011a # 0 0 0</Process><Process ToolSource="C:\Program Files (x86)\ArcGIS\Desktop10.0\ArcToolbox\Toolboxes\Data Management Tools.tbx\CalculateField" Date="20120327" Time="111506" Name="" export="">CalculateField SBE.DBO.SBE_PRECINCTS COUNTY_NAM DAVIDSON VB #</Process><Process ToolSource="C:\Program Files (x86)\ArcGIS\Desktop10.0\ArcToolbox\Toolboxes\Data Management Tools.tbx\CalculateField" Date="20120327" Time="111544" Name="" export="">CalculateField SBE.DBO.SBE_PRECINCTS COUNTY_NAM "DAVIDSON" VB #</Process><Process ToolSource="C:\Program Files (x86)\ArcGIS\Desktop10.0\ArcToolbox\Toolboxes\Data Management Tools.tbx\CalculateField" Date="20120327" Time="112257" Name="" export="">CalculateField SBE.DBO.SBE_PRECINCTS COUNTY_NAM "GRAHAM" VB #</Process><Process ToolSource="C:\Program Files (x86)\ArcGIS\Desktop10.0\ArcToolbox\Toolboxes\Data Management Tools.tbx\CalculateField" Date="20120327" Time="112431" Name="" export="">CalculateField SBE.DBO.SBE_PRECINCTS COUNTY_NAM "PERQUIMANS" VB #</Process><Process ToolSource="C:\Program Files (x86)\ArcGIS\Desktop10.0\ArcToolbox\Toolboxes\Data Management Tools.tbx\CalculateField" Date="20120327" Time="112528" Name="" export="">CalculateField SBE.DBO.SBE_PRECINCTS COUNTY_NAM "NORTHAMPTON" VB #</Process><Process ToolSource="C:\Program Files (x86)\ArcGIS\Desktop10.0\ArcToolbox\Toolboxes\Data Management Tools.tbx\CalculateField" Date="20120327" Time="112717" Name="" export="">CalculateField SBE.DBO.SBE_PRECINCTS COUNTY_NAM "MITCHELL" VB #</Process><Process ToolSource="C:\Program Files (x86)\ArcGIS\Desktop10.0\ArcToolbox\Toolboxes\Data Management Tools.tbx\CalculateField" Date="20120327" Time="112804" Name="" export="">CalculateField SBE.DBO.SBE_PRECINCTS COUNTY_NAM "COLUMBUS" VB #</Process><Process ToolSource="C:\Program Files (x86)\ArcGIS\Desktop10.0\ArcToolbox\Toolboxes\Data Management Tools.tbx\CalculateField" Date="20120327" Time="113941" Name="" export="">CalculateField SBE.DBO.SBE_PRECINCTS COUNTY_NAM "MADISON" VB #</Process><Process ToolSource="C:\Program Files (x86)\ArcGIS\Desktop10.0\ArcToolbox\Toolboxes\Data Management Tools.tbx\CalculateField" Date="20120327" Time="114016" Name="" export="">CalculateField SBE.DBO.SBE_PRECINCTS COUNTY_NAM "POLK" VB #</Process><Process ToolSource="C:\Program Files (x86)\ArcGIS\Desktop10.0\ArcToolbox\Toolboxes\Data Management Tools.tbx\CalculateField" Date="20120327" Time="114125" Name="" export="">CalculateField SBE.DBO.SBE_PRECINCTS COUNTY_NAM "STOKES" VB #</Process><Process ToolSource="C:\Program Files (x86)\ArcGIS\Desktop10.0\ArcToolbox\Toolboxes\Data Management Tools.tbx\CalculateField" Date="20120327" Time="114422" Name="" export="">CalculateField SBE.DBO.SBE_PRECINCTS COUNTY_NAM "WATAUGA" VB #</Process><Process ToolSource="C:\Program Files (x86)\ArcGIS\Desktop10.0\ArcToolbox\Toolboxes\Data Management Tools.tbx\CalculateField" Date="20120327" Time="114508" Name="" export="">CalculateField SBE.DBO.SBE_PRECINCTS COUNTY_NAM "CURRITUCK" VB #</Process><Process ToolSource="C:\Program Files (x86)\ArcGIS\Desktop10.0\ArcToolbox\Toolboxes\Data Management Tools.tbx\CalculateField" Date="20120327" Time="114728" Name="" export="">CalculateField SBE.DBO.SBE_PRECINCTS COUNTY_NAM "CLEVELAND" VB #</Process><Process ToolSource="C:\Program Files (x86)\ArcGIS\Desktop10.0\ArcToolbox\Toolboxes\Data Management Tools.tbx\CalculateField" Date="20120327" Time="114805" Name="" export="">CalculateField SBE.DBO.SBE_PRECINCTS COUNTY_NAM "DARE" VB #</Process><Process ToolSource="C:\Program Files (x86)\ArcGIS\Desktop10.0\ArcToolbox\Toolboxes\Data Management Tools.tbx\CalculateField" Date="20120327" Time="114842" Name="" export="">CalculateField SBE.DBO.SBE_PRECINCTS COUNTY_NAM "JACKSON" VB #</Process><Process ToolSource="C:\Program Files (x86)\ArcGIS\Desktop10.0\ArcToolbox\Toolboxes\Data Management Tools.tbx\CalculateField" Date="20120327" Time="115643" Name="" export="">CalculateField SBE.DBO.SBE_PRECINCTS COUNTY_NAM "HERTFORD" VB #</Process><Process ToolSource="C:\Program Files (x86)\ArcGIS\Desktop10.0\ArcToolbox\Toolboxes\Data Management Tools.tbx\CalculateField" Date="20120327" Time="115726" Name="" export="">CalculateField SBE.DBO.SBE_PRECINCTS COUNTY_NAM "MARTIN" VB #</Process><Process ToolSource="C:\Program Files (x86)\ArcGIS\Desktop10.0\ArcToolbox\Toolboxes\Data Management Tools.tbx\CalculateField" Date="20120327" Time="131129" Name="" export="">CalculateField SBE.DBO.SBE_PRECINCTS COUNTY_NAM "CLAY" VB #</Process><Process ToolSource="C:\Program Files (x86)\ArcGIS\Desktop10.0\ArcToolbox\Toolboxes\Data Management Tools.tbx\CalculateField" Date="20120327" Time="131327" Name="" export="">CalculateField SBE.DBO.SBE_PRECINCTS COUNTY_NAM "RUTHERFORD" VB #</Process><Process ToolSource="C:\Program Files (x86)\ArcGIS\Desktop10.0\ArcToolbox\Toolboxes\Data Management Tools.tbx\CalculateField" Date="20120327" Time="131644" Name="" export="">CalculateField SBE.DBO.SBE_PRECINCTS COUNTY_NAM "PERSON" VB #</Process><Process ToolSource="C:\Program Files (x86)\ArcGIS\Desktop10.0\ArcToolbox\Toolboxes\Data Management Tools.tbx\CalculateField" Date="20120327" Time="131721" Name="" export="">CalculateField SBE.DBO.SBE_PRECINCTS COUNTY_NAM "IREDELL" VB #</Process><Process ToolSource="C:\Program Files (x86)\ArcGIS\Desktop10.0\ArcToolbox\Toolboxes\Data Management Tools.tbx\CalculateField" Date="20120327" Time="131828" Name="" export="">CalculateField SBE.DBO.SBE_PRECINCTS COUNTY_NAM "JONES" VB #</Process><Process ToolSource="C:\Program Files (x86)\ArcGIS\Desktop10.0\ArcToolbox\Toolboxes\Data Management Tools.tbx\CalculateField" Date="20120327" Time="131917" Name="" export="">CalculateField SBE.DBO.SBE_PRECINCTS COUNTY_NAM "PAMLICO" VB #</Process><Process ToolSource="C:\Program Files (x86)\ArcGIS\Desktop10.0\ArcToolbox\Toolboxes\Data Management Tools.tbx\CalculateField" Date="20120327" Time="132007" Name="" export="">CalculateField SBE.DBO.SBE_PRECINCTS COUNTY_NAM "SURRY" VB #</Process><Process ToolSource="C:\Program Files (x86)\ArcGIS\Desktop10.0\ArcToolbox\Toolboxes\Data Management Tools.tbx\CalculateField" Date="20120327" Time="132043" Name="" export="">CalculateField SBE.DBO.SBE_PRECINCTS COUNTY_NAM "RANDOLPH" VB #</Process><Process ToolSource="C:\Program Files (x86)\ArcGIS\Desktop10.0\ArcToolbox\Toolboxes\Data Management Tools.tbx\CalculateField" Date="20120327" Time="132119" Name="" export="">CalculateField SBE.DBO.SBE_PRECINCTS COUNTY_NAM "ROWAN" VB #</Process><Process ToolSource="C:\Program Files (x86)\ArcGIS\Desktop10.0\ArcToolbox\Toolboxes\Data Management Tools.tbx\CalculateField" Date="20120327" Time="132201" Name="" export="">CalculateField SBE.DBO.SBE_PRECINCTS COUNTY_NAM "LINCOLN" VB #</Process><Process ToolSource="C:\Program Files (x86)\ArcGIS\Desktop10.0\ArcToolbox\Toolboxes\Data Management Tools.tbx\CalculateField" Date="20120327" Time="132246" Name="" export="">CalculateField SBE.DBO.SBE_PRECINCTS COUNTY_NAM "TYRRELL" VB #</Process><Process ToolSource="C:\Program Files (x86)\ArcGIS\Desktop10.0\ArcToolbox\Toolboxes\Data Management Tools.tbx\CalculateField" Date="20120327" Time="132319" Name="" export="">CalculateField SBE.DBO.SBE_PRECINCTS COUNTY_NAM "PENDER" VB #</Process><Process ToolSource="C:\Program Files (x86)\ArcGIS\Desktop10.0\ArcToolbox\Toolboxes\Data Management Tools.tbx\CalculateField" Date="20120327" Time="132352" Name="" export="">CalculateField SBE.DBO.SBE_PRECINCTS COUNTY_NAM "HENDERSON" VB #</Process><Process ToolSource="C:\Program Files (x86)\ArcGIS\Desktop10.0\ArcToolbox\Toolboxes\Data Management Tools.tbx\CalculateField" Date="20120327" Time="132430" Name="" export="">CalculateField SBE.DBO.SBE_PRECINCTS COUNTY_NAM "TRANSYLVANIA" VB #</Process><Process ToolSource="C:\Program Files (x86)\ArcGIS\Desktop10.0\ArcToolbox\Toolboxes\Data Management Tools.tbx\CalculateField" Date="20120327" Time="132509" Name="" export="">CalculateField SBE.DBO.SBE_PRECINCTS COUNTY_NAM "ORANGE" VB #</Process><Process ToolSource="C:\Program Files (x86)\ArcGIS\Desktop10.0\ArcToolbox\Toolboxes\Data Management Tools.tbx\CalculateField" Date="20120327" Time="132537" Name="" export="">CalculateField SBE.DBO.SBE_PRECINCTS COUNTY_NAM "HALIFAX" VB #</Process><Process ToolSource="C:\Program Files (x86)\ArcGIS\Desktop10.0\ArcToolbox\Toolboxes\Data Management Tools.tbx\CalculateField" Date="20120327" Time="132610" Name="" export="">CalculateField SBE.DBO.SBE_PRECINCTS COUNTY_NAM "GATES" VB #</Process><Process ToolSource="C:\Program Files (x86)\ArcGIS\Desktop10.0\ArcToolbox\Toolboxes\Data Management Tools.tbx\CalculateField" Date="20120327" Time="132648" Name="" export="">CalculateField SBE.DBO.SBE_PRECINCTS COUNTY_NAM "WARREN" VB #</Process><Process ToolSource="C:\Program Files (x86)\ArcGIS\Desktop10.0\ArcToolbox\Toolboxes\Data Management Tools.tbx\CalculateField" Date="20120327" Time="132716" Name="" export="">CalculateField SBE.DBO.SBE_PRECINCTS COUNTY_NAM "VANCE" VB #</Process><Process ToolSource="C:\Program Files (x86)\ArcGIS\Desktop10.0\ArcToolbox\Toolboxes\Data Management Tools.tbx\CalculateField" Date="20120327" Time="132759" Name="" export="">CalculateField SBE.DBO.SBE_PRECINCTS COUNTY_NAM "SWAIN" VB #</Process><Process ToolSource="C:\Program Files (x86)\ArcGIS\Desktop10.0\ArcToolbox\Toolboxes\Data Management Tools.tbx\CalculateField" Date="20120327" Time="132834" Name="" export="">CalculateField SBE.DBO.SBE_PRECINCTS COUNTY_NAM "WASHINGTON" VB #</Process><Process ToolSource="C:\Program Files (x86)\ArcGIS\Desktop10.0\ArcToolbox\Toolboxes\Data Management Tools.tbx\CalculateField" Date="20120327" Time="132907" Name="" export="">CalculateField SBE.DBO.SBE_PRECINCTS COUNTY_NAM "DAVIE" VB #</Process><Process ToolSource="C:\Program Files (x86)\ArcGIS\Desktop10.0\ArcToolbox\Toolboxes\Data Management Tools.tbx\CalculateField" Date="20120327" Time="133001" Name="" export="">CalculateField SBE.DBO.SBE_PRECINCTS COUNTY_NAM "STANLY" VB #</Process><Process ToolSource="C:\Program Files (x86)\ArcGIS\Desktop10.0\ArcToolbox\Toolboxes\Data Management Tools.tbx\CalculateField" Date="20120327" Time="133046" Name="" export="">CalculateField SBE.DBO.SBE_PRECINCTS COUNTY_NAM "MACON" VB #</Process><Process ToolSource="C:\Program Files (x86)\ArcGIS\Desktop10.0\ArcToolbox\Toolboxes\Data Management Tools.tbx\CalculateField" Date="20120327" Time="134459" Name="" export="">CalculateField SBE.DBO.SBE_PRECINCTS COUNTY_NAM "HYDE" VB #</Process><Process ToolSource="c:\program files (x86)\arcgis\desktop10.0\ArcToolbox\Toolboxes\Data Management Tools.tbx\CopyFeatures" Date="20120830" Time="084455" Name="" export="">CopyFeatures V:\SBOE\SBE_PRECINCTS\SBE_State_Precincts\2012\SBE_PRECINCTS_03292012.shp \\SBEGIS02\ToolData\SBE.sde\SBE.DBO.SBE_PRECINCTS_2012\SBE.DBO.SBE_PRECINCTS_03292012 # 0 0 0</Process><Process ToolSource="c:\program files (x86)\arcgis\desktop10.1\ArcToolbox\Toolboxes\Data Management Tools.tbx\CopyFeatures" Date="20130726" Time="094400" Name="" export="">CopyFeatures "Database Connections\SBE_SBEGIS02.sde\SBE.DBO.SBE_PRECINCTS_2012\SBE.DBO.SBE_PRECINCTS_09012012" "Database Connections\ADDRESS_BASE_SBEGIS01.sde\ADDRESS_BASE.DBO.SBE_PRECINCTS_09012012" # 0 0 0</Process><Process ToolSource="d:\program files (x86)\arcgis\desktop10.1\ArcToolbox\Toolboxes\Data Management Tools.tbx\CopyFeatures" Date="20130820" Time="142249" Name="" export="">CopyFeatures K:\Toolshare\Tooldata\ADDRESS_BASE.sde\ADDRESS_BASE.DBO.SBE_PRECINCTS_09012012 "Database Connections\ELECT_JURISD_sbegis01.sde\ELECT_JURIS.DBO.SBE_PRECINCTS_09012012" # 0 0 0</Process><Process ToolSource="c:\program files (x86)\arcgis\desktop10.1\ArcToolbox\Toolboxes\Conversion Tools.tbx\FeatureClassToFeatureClass" Date="20130826" Time="110053" Name="" export="">FeatureClassToFeatureClass W:\Tooldata\ELECT_JURISD.sde\ELECT_JURIS.DBO.SBE_PRECINCTS W:\Tooldata\ELECT_JURISD.sde\ELECT_JURIS.DBO.PRECINCTS_VTD PRECINCTS # "OBJECTID "OBJECTID" true true false 8 Double 0 10 ,First,#,W:\Tooldata\ELECT_JURISD.sde\ELECT_JURIS.DBO.SBE_PRECINCTS,OBJECTID,-1,-1;PREC_ID "PREC_ID" true true false 100 Text 0 0 ,First,#,W:\Tooldata\ELECT_JURISD.sde\ELECT_JURIS.DBO.SBE_PRECINCTS,PREC_ID,-1,-1;ENR_DESC "ENR_DESC" true true false 150 Text 0 0 ,First,#,W:\Tooldata\ELECT_JURISD.sde\ELECT_JURIS.DBO.SBE_PRECINCTS,ENR_DESC,-1,-1;COUNTY_ID "COUNTY_ID" true true false 8 Double 0 10 ,First,#,W:\Tooldata\ELECT_JURISD.sde\ELECT_JURIS.DBO.SBE_PRECINCTS,COUNTY_ID,-1,-1;COUNTY_NAM "COUNTY_NAM" true true false 100 Text 0 0 ,First,#,W:\Tooldata\ELECT_JURISD.sde\ELECT_JURIS.DBO.SBE_PRECINCTS,COUNTY_NAM,-1,-1;Shape_STArea__ "Shape.STArea()" true false false 8 Double 8 38 ,First,#,W:\Tooldata\ELECT_JURISD.sde\ELECT_JURIS.DBO.SBE_PRECINCTS,Shape_STArea__,-1,-1;Shape_STLength__ "Shape.STLength()" true false false 8 Double 8 38 ,First,#,W:\Tooldata\ELECT_JURISD.sde\ELECT_JURIS.DBO.SBE_PRECINCTS,Shape_STLength__,-1,-1;Shape_STArea() "Shape_STArea()" false false true 0 Double 0 0 ,First,#,W:\Tooldata\ELECT_JURISD.sde\ELECT_JURIS.DBO.SBE_PRECINCTS,Shape.STArea(),-1,-1;Shape_STLength() "Shape_STLength()" false false true 0 Double 0 0 ,First,#,W:\Tooldata\ELECT_JURISD.sde\ELECT_JURIS.DBO.SBE_PRECINCTS,Shape.STLength(),-1,-1" #</Process><Process ToolSource="c:\program files (x86)\arcgis\desktop10.1\ArcToolbox\Toolboxes\Data Management Tools.tbx\CalculateField" Date="20140818" Time="141412">CalculateField ELECT_JURIS.DBO.PRECINCTS COUNTY_ID2 [COUNTY_ID] VB #</Process><Process ToolSource="c:\program files (x86)\arcgis\desktop10.1\ArcToolbox\Toolboxes\Data Management Tools.tbx\CalculateField" Date="20140818" Time="141825">CalculateField ELECT_JURIS.DBO.PRECINCTS COUNTY_ID [COUNTY_ID2] VB #</Process><Process ToolSource="c:\program files (x86)\arcgis\desktop10.1\ArcToolbox\Toolboxes\Conversion Tools.tbx\FeatureClassToFeatureClass" Date="20150720" Time="142823">FeatureClassToFeatureClass "Database Connections\Elec_Juris_sbegis01.sde\ELECT_JURIS.DBO.PRECINCTS_VTD\ELECT_JURIS.DBO.PRECINCTS" M:\SBE_Boundaries\SBE_BKP\Precincts_bkp PRECINCTS_20150720.shp # "PREC_ID "PREC_ID" true true false 100 Text 0 0 ,First,#,Database Connections\Elec_Juris_sbegis01.sde\ELECT_JURIS.DBO.PRECINCTS_VTD\ELECT_JURIS.DBO.PRECINCTS,PREC_ID,-1,-1;ENR_DESC "ENR_DESC" true true false 150 Text 0 0 ,First,#,Database Connections\Elec_Juris_sbegis01.sde\ELECT_JURIS.DBO.PRECINCTS_VTD\ELECT_JURIS.DBO.PRECINCTS,ENR_DESC,-1,-1;COUNTY_NAM "COUNTY_NAM" true true false 100 Text 0 0 ,First,#,Database Connections\Elec_Juris_sbegis01.sde\ELECT_JURIS.DBO.PRECINCTS_VTD\ELECT_JURIS.DBO.PRECINCTS,COUNTY_NAM,-1,-1;OF_PREC_ID "OF_PREC_ID" true true false 50 Text 0 0 ,First,#,Database Connections\Elec_Juris_sbegis01.sde\ELECT_JURIS.DBO.PRECINCTS_VTD\ELECT_JURIS.DBO.PRECINCTS,OF_PREC_ID,-1,-1;COUNTY_ID "COUNTY_ID" true true false 2 Short 0 5 ,First,#,Database Connections\Elec_Juris_sbegis01.sde\ELECT_JURIS.DBO.PRECINCTS_VTD\ELECT_JURIS.DBO.PRECINCTS,COUNTY_ID,-1,-1" #</Process></lineage><itemProps><itemName Sync="TRUE">PRECINCTS_20150720</itemName><imsContentType Sync="TRUE">002</imsContentType><itemLocation><linkage Sync="TRUE">file://\\sbegis01\$ShapeFiles$\SBE_Boundaries\GIS_Shapefiles\PRECINCTS_20150720</linkage><protocol Sync="TRUE">Local Area Network</protocol></itemLocation><itemSize Sync="TRUE">0.000</itemSize></itemProps><coordRef><type Sync="TRUE">Projected</type><geogcsn Sync="TRUE">GCS_North_American_1983</geogcsn><projcsn Sync="TRUE">NAD_1983_StatePlane_North_Carolina_FIPS_3200_Feet</projcsn><peXml Sync="TRUE">&lt;ProjectedCoordinateSystem xsi:type='typens:ProjectedCoordinateSystem' xmlns:xsi='http://www.w3.org/2001/XMLSchema-instance' xmlns:xs='http://www.w3.org/2001/XMLSchema' xmlns:typens='http://www.esri.com/schemas/ArcGIS/10.1'&gt;&lt;WKT&gt;PROJCS[&amp;quot;NAD_1983_StatePlane_North_Carolina_FIPS_3200_Feet&amp;quot;,GEOGCS[&amp;quot;GCS_North_American_1983&amp;quot;,DATUM[&amp;quot;D_North_American_1983&amp;quot;,SPHEROID[&amp;quot;GRS_1980&amp;quot;,6378137.0,298.257222101]],PRIMEM[&amp;quot;Greenwich&amp;quot;,0.0],UNIT[&amp;quot;Degree&amp;quot;,0.0174532925199433]],PROJECTION[&amp;quot;Lambert_Conformal_Conic&amp;quot;],PARAMETER[&amp;quot;False_Easting&amp;quot;,2000000.002616666],PARAMETER[&amp;quot;False_Northing&amp;quot;,0.0],PARAMETER[&amp;quot;Central_Meridian&amp;quot;,-79.0],PARAMETER[&amp;quot;Standard_Parallel_1&amp;quot;,34.33333333333334],PARAMETER[&amp;quot;Standard_Parallel_2&amp;quot;,36.16666666666666],PARAMETER[&amp;quot;Latitude_Of_Origin&amp;quot;,33.75],UNIT[&amp;quot;Foot_US&amp;quot;,0.3048006096012192],AUTHORITY[&amp;quot;EPSG&amp;quot;,2264]]&lt;/WKT&gt;&lt;XOrigin&gt;-121841900&lt;/XOrigin&gt;&lt;YOrigin&gt;-93659000&lt;/YOrigin&gt;&lt;XYScale&gt;36365718.124241434&lt;/XYScale&gt;&lt;ZOrigin&gt;-100000&lt;/ZOrigin&gt;&lt;ZScale&gt;10000&lt;/ZScale&gt;&lt;MOrigin&gt;-100000&lt;/MOrigin&gt;&lt;MScale&gt;10000&lt;/MScale&gt;&lt;XYTolerance&gt;0.0032808333333333331&lt;/XYTolerance&gt;&lt;ZTolerance&gt;0.001&lt;/ZTolerance&gt;&lt;MTolerance&gt;0.001&lt;/MTolerance&gt;&lt;HighPrecision&gt;true&lt;/HighPrecision&gt;&lt;WKID&gt;102719&lt;/WKID&gt;&lt;LatestWKID&gt;2264&lt;/LatestWKID&gt;&lt;/ProjectedCoordinateSystem&gt;</peXml><csUnits Sync="TRUE">Linear Unit: Foot_US (0.304801)</csUnits></coordRef><copyHistory><copy source="M:\SBE_Boundaries\SBE_BKP\Precincts_bkp\PRECINCTS_20150720" dest="\\sbegis01\$ShapeFiles$\SBE_Boundaries\GIS_Shapefiles\PRECINCTS_20150720" date="20150720" time="14291000"/></copyHistory></DataProperties><ArcGISFormat>1.0</ArcGISFormat><scaleRange><minScale>50000</minScale><maxScale>5000</maxScale></scaleRange><ArcGISProfile>FGDC</ArcGISProfile></Esri><idinfo><native Sync="TRUE">Microsoft Windows XP Version 5.1 (Build 2600) Service Pack 3; ESRI ArcCatalog 9.3.1.4000</native><descript><langdata Sync="TRUE">en</langdata><abstract>REQUIRED: A brief narrative summary of the data set.</abstract><purpose>REQUIRED: A summary of the intentions with which the data set was developed.</purpose></descript><citation><citeinfo><origin>REQUIRED: The name of an organization or individual that developed the data set.</origin><pubdate>REQUIRED: The date when the data set is published or otherwise made available for release.</pubdate><title Sync="TRUE">SBE.DBO.SBE_PRECINCT_06132011</title><ftname Sync="TRUE">SBE.DBO.SBE_PRECINCT_06132011</ftname><geoform Sync="TRUE">vector digital data</geoform><onlink Sync="TRUE"/></citeinfo></citation><timeperd><current>REQUIRED: The basis on which the time period of content information is determined.</current><timeinfo><sngdate><caldate>REQUIRED: The year (and optionally month, or month and day) for which the data set corresponds to the ground.</caldate></sngdate></timeinfo></timeperd><status><progress>REQUIRED: The state of the data set.</progress><update>REQUIRED: The frequency with which changes and additions are made to the data set after the initial data set is completed.</update></status><spdom><bounding><westbc Sync="TRUE">-84.422158</westbc><eastbc Sync="TRUE">-75.355688</eastbc><northbc Sync="TRUE">36.617273</northbc><southbc Sync="TRUE">33.641965</southbc></bounding><lboundng><leftbc Sync="TRUE">406818.486654</leftbc><rightbc Sync="TRUE">3070216.296331</rightbc><bottombc Sync="TRUE">2698.608971</bottombc><topbc Sync="TRUE">1043631.514306</topbc></lboundng></spdom><keywords><theme><themekt>REQUIRED: Reference to a formally registered thesaurus or a similar authoritative source of theme keywords.</themekt><themekey>REQUIRED: Common-use word or phrase used to describe the subject of the data set.</themekey></theme></keywords><accconst>REQUIRED: Restrictions and legal prerequisites for accessing the data set.</accconst><useconst>REQUIRED: Restrictions and legal prerequisites for using the data set after access is granted.</useconst><natvform Sync="TRUE">SDE Feature Class</natvform></idinfo><dataIdInfo><envirDesc Sync="TRUE">Microsoft Windows 7 Version 6.1 (Build 7601) Service Pack 1; Esri ArcGIS 10.1.1.3143</envirDesc><dataLang><languageCode Sync="TRUE" value="eng" country="USA"/><countryCode value="USA" Sync="TRUE"/></dataLang><idCitation><resTitle Sync="TRUE">PRECINCTS_20150720</resTitle><presForm><PresFormCd Sync="TRUE" value="005"/></presForm></idCitation><spatRpType><SpatRepTypCd Sync="TRUE" value="001"/></spatRpType><dataExt><geoEle><GeoBndBox esriExtentType="native"><westBL Sync="TRUE">406818.486654</westBL><eastBL Sync="TRUE">3070216.296331</eastBL><northBL Sync="TRUE">1043631.514306</northBL><southBL Sync="TRUE">2698.608971</southBL><exTypeCode Sync="TRUE">1</exTypeCode></GeoBndBox></geoEle></dataExt><geoBox esriExtentType="decdegrees"><westBL Sync="TRUE">-84.422158</westBL><eastBL Sync="TRUE">-75.355688</eastBL><northBL Sync="TRUE">36.617273</northBL><southBL Sync="TRUE">33.641965</southBL><exTypeCode Sync="TRUE">1</exTypeCode></geoBox><descKeys><thesaName uuidref="723f6998-058e-11dc-8314-0800200c9a66"/><keyword Sync="TRUE">002</keyword></descKeys><idPurp>Precincts Layer contains polygons of voter precincts for the State of North Carolina.</idPurp><searchKeys><keyword>North Carolina</keyword><keyword>USA</keyword><keyword>US</keyword><keyword>NC</keyword><keyword>Precinct</keyword><keyword>Jurisdiction</keyword><keyword>Election</keyword><keyword>District</keyword><keyword>Audit</keyword></searchKeys></dataIdInfo><metainfo><langmeta Sync="TRUE">en</langmeta><metstdn Sync="TRUE">FGDC Content Standards for Digital Geospatial Metadata</metstdn><metstdv Sync="TRUE">FGDC-STD-001-1998</metstdv><mettc Sync="TRUE">local time</mettc><metc><cntinfo><cntorgp><cntper>REQUIRED: The person responsible for the metadata information.</cntper><cntorg>REQUIRED: The organization responsible for the metadata information.</cntorg></cntorgp><cntaddr><addrtype>REQUIRED: The mailing and/or physical address for the organization or individual.</addrtype><city>REQUIRED: The city of the address.</city><state>REQUIRED: The state or province of the address.</state><postal>REQUIRED: The ZIP or other postal code of the address.</postal></cntaddr><cntvoice>REQUIRED: The telephone number by which individuals can speak to the organization or individual.</cntvoice></cntinfo></metc><metd Sync="TRUE">20110711</metd></metainfo><mdLang><languageCode Sync="TRUE" value="eng"/><countryCode value="USA" Sync="TRUE"/></mdLang><mdStanName Sync="TRUE">ISO 19115 Geographic Information - Metadata</mdStanName><mdStanVer Sync="TRUE">DIS_ESRI1.0</mdStanVer><mdChar><CharSetCd Sync="TRUE" value="004"/></mdChar><mdHrLv><ScopeCd Sync="TRUE" value="005"/></mdHrLv><mdHrLvName Sync="TRUE">dataset</mdHrLvName><distinfo><resdesc Sync="TRUE">Downloadable Data</resdesc><stdorder><digform><digtinfo><transize Sync="TRUE">0.000</transize><dssize Sync="TRUE">0.000</dssize></digtinfo></digform></stdorder></distinfo><distInfo><distributor><distorTran><onLineSrc><orDesc Sync="TRUE">002</orDesc><linkage Sync="TRUE">file://</linkage><protocol Sync="TRUE">Local Area Network</protocol></onLineSrc><transSize Sync="TRUE">0.000</transSize></distorTran><distorFormat><formatName Sync="TRUE">SDE Feature Class</formatName></distorFormat></distributor><distFormat><formatName Sync="TRUE">Shapefile</formatName></distFormat><distTranOps><transSize Sync="TRUE">0.000</transSize></distTranOps></distInfo><spdoinfo><direct Sync="TRUE">Vector</direct><ptvctinf><esriterm Name="PRECINCTS_20150720"><efeatyp Sync="TRUE">Simple</efeatyp><efeageom code="4" Sync="TRUE"></efeageom><esritopo Sync="TRUE">FALSE</esritopo><efeacnt Sync="TRUE">0</efeacnt><spindex Sync="TRUE">FALSE</spindex><linrefer Sync="TRUE">FALSE</linrefer></esriterm></ptvctinf></spdoinfo><spref><horizsys><cordsysn><geogcsn Sync="TRUE">GCS_North_American_1983</geogcsn><projcsn Sync="TRUE">NAD_1983_StatePlane_North_Carolina_FIPS_3200_Feet</projcsn></cordsysn><planar><planci><plance Sync="TRUE">coordinate pair</plance><plandu Sync="TRUE">survey feet</plandu><coordrep><absres Sync="TRUE">0.000328</absres><ordres Sync="TRUE">0.000328</ordres></coordrep></planci></planar><geodetic><horizdn Sync="TRUE">North American Datum of 1983</horizdn><ellips Sync="TRUE">Geodetic Reference System 80</ellips><semiaxis Sync="TRUE">6378137.000000</semiaxis><denflat Sync="TRUE">298.257222</denflat></geodetic></horizsys><vertdef><altsys><altenc Sync="TRUE">Explicit elevation coordinate included with horizontal coordinates</altenc><altres Sync="TRUE">1.000000</altres></altsys></vertdef></spref><refSysInfo><RefSystem><refSysID><identCode Sync="TRUE" code="2264" value="2264">NAD_1983_StatePlane_North_Carolina_FIPS_3200_Feet</identCode><idCodeSpace Sync="TRUE">EPSG</idCodeSpace><idVersion Sync="TRUE">7.11.2</idVersion></refSysID></RefSystem></refSysInfo><spatRepInfo><VectSpatRep><geometObjs Name="PRECINCTS_20150720"><geoObjTyp><GeoObjTypCd value="002" Sync="TRUE"></GeoObjTypCd></geoObjTyp><geoObjCnt Sync="TRUE">0</geoObjCnt></geometObjs><topLvl><TopoLevCd value="001" Sync="TRUE"></TopoLevCd></topLvl></VectSpatRep></spatRepInfo><eainfo><detailed Name="PRECINCTS_20150720"><enttyp><enttypl Sync="TRUE">PRECINCTS_20150720</enttypl><enttypt Sync="TRUE">Feature Class</enttypt><enttypc Sync="TRUE">0</enttypc></enttyp><attr><attrlabl Sync="TRUE">FID</attrlabl><attalias Sync="TRUE">FID</attalias><attrtype Sync="TRUE">OID</attrtype><attwidth Sync="TRUE">4</attwidth><atprecis Sync="TRUE">0</atprecis><attscale Sync="TRUE">0</attscale><attrdef Sync="TRUE">Internal feature number.</attrdef><attrdefs Sync="TRUE">Esri</attrdefs><attrdomv><udom Sync="TRUE">Sequential unique whole numbers that are automatically generated.</udom></attrdomv></attr><attr><attrlabl Sync="TRUE">PREC_ID</attrlabl><attalias Sync="TRUE">PREC_ID</attalias><attrtype Sync="TRUE">String</attrtype><attwidth Sync="TRUE">100</attwidth><atprecis Sync="TRUE">0</atprecis><attscale Sync="TRUE">0</attscale></attr><attr><attrlabl Sync="TRUE">ENR_DESC</attrlabl><attalias Sync="TRUE">ENR_DESC</attalias><attrtype Sync="TRUE">String</attrtype><attwidth Sync="TRUE">150</attwidth><atprecis Sync="TRUE">0</atprecis><attscale Sync="TRUE">0</attscale></attr><attr><attrlabl Sync="TRUE">Shape</attrlabl><attalias Sync="TRUE">Shape</attalias><attrtype Sync="TRUE">Geometry</attrtype><attwidth Sync="TRUE">0</attwidth><atprecis Sync="TRUE">0</atprecis><attscale Sync="TRUE">0</attscale><attrdef Sync="TRUE">Feature geometry.</attrdef><attrdefs Sync="TRUE">ESRI</attrdefs><attrdomv><udom Sync="TRUE">Coordinates defining the features.</udom></attrdomv></attr><attr><attrlabl Sync="TRUE">COUNTY_NAM</attrlabl><attalias Sync="TRUE">COUNTY_NAM</attalias><attrtype Sync="TRUE">String</attrtype><attwidth Sync="TRUE">100</attwidth><atprecis Sync="TRUE">0</atprecis><attscale Sync="TRUE">0</attscale></attr><attr><attrlabl Sync="TRUE">OF_PREC_ID</attrlabl><attalias Sync="TRUE">OF_PREC_ID</attalias><attrtype Sync="TRUE">String</attrtype><attwidth Sync="TRUE">50</attwidth><atprecis Sync="TRUE">0</atprecis><attscale Sync="TRUE">0</attscale></attr><attr><attrlabl Sync="TRUE">COUNTY_ID</attrlabl><attalias Sync="TRUE">COUNTY_ID</attalias><attrtype Sync="TRUE">Integer</attrtype><attwidth Sync="TRUE">5</attwidth><atprecis Sync="TRUE">5</atprecis><attscale Sync="TRUE">0</attscale></attr></detailed></eainfo><mdDateSt Sync="TRUE">20150720</mdDateSt><dataqual><lineage><procstep><procdesc Sync="TRUE">Dataset copied.</procdesc><srcused Sync="TRUE">Server=SBEGIS02; Service=sde:sqlserver:SBEGIS02\SBEDBGIS; Database=REF; User=sde; Version=sde.DEFAULT</srcused><procdate Sync="TRUE">20100729</procdate><proctime Sync="TRUE">10395300</proctime></procstep><procstep><procdesc Sync="TRUE">Dataset copied.</procdesc><srcused Sync="TRUE">Server=SBEGIS02; Service=sde:sqlserver:SBEGIS02\SBEDBGIS; Database=SBE; User=sa; Version=sde.DEFAULT</srcused><procdate Sync="TRUE">20100805</procdate><proctime Sync="TRUE">13234100</proctime></procstep><procstep><procdesc Sync="TRUE">Dataset copied.</procdesc><srcused Sync="TRUE">Server=SBEGIS02; Service=sde:sqlserver:SBEGIS02\SBEDBGIS; Database=sbe; User=sa; Version=DBO.VTD_2010_VERIFICATION_VERSION</srcused><procdate Sync="TRUE">20110613</procdate><proctime Sync="TRUE">16002700</proctime></procstep><procstep><procdesc Sync="TRUE">Dataset copied.</procdesc><srcused Sync="TRUE">Server=SBEGIS02; Service=sde:sqlserver:SBEGIS02\SBEDBGIS; Database=sbe; User=sa; Version=DBO.VTD_2010_VERIFICATION_VERSION</srcused><procdate Sync="TRUE">20110613</procdate><proctime Sync="TRUE">16210700</proctime></procstep><procstep><procdesc Sync="TRUE">Dataset copied.</procdesc><srcused Sync="TRUE">Server=SBEGIS02; Service=sde:sqlserver:SBEGIS02\SBEDBGIS; Database=SBE; User=sa; Version=DBO.POST_2011_07_01</srcused><procdate Sync="TRUE">20110822</procdate><proctime Sync="TRUE">15150600</proctime></procstep></lineage></dataqual></metadata>
