<?xml version="1.0" encoding="UTF-8"?>
<metadata xml:lang="en"><Esri><CreaDate>20161017</CreaDate><CreaTime>09244000</CreaTime><SyncOnce>FALSE</SyncOnce><DataProperties><lineage><Process Name="Create Feature Class" ToolSource="C:\Program Files\ArcGIS\ArcToolbox\Toolboxes\Data Management Tools.tbx\CreateFeatureclass" Date="20061213" Time="165544">CreateFeatureclass "Database Connections\gis_data.sde\gis_data.CLERMONTGIS.PRECINCTS" PRECINCTS # CLERMONTGIS_Layer SAME_AS_TEMPLATE SAME_AS_TEMPLATE "PROJCS['NAD_1983_StatePlane_Ohio_South_FIPS_3402',GEOGCS['GCS_North_American_1983',DATUM['D_North_American_1983',SPHEROID['GRS_1980',6378137.0,298.257222101]],PRIMEM['Greenwich',0.0],UNIT['Degree',0.0174532925199433]],PROJECTION['Lambert_Conformal_Conic'],PARAMETER['False_Easting',600000.0],PARAMETER['False_Northing',0.0],PARAMETER['Central_Meridian',-82.5],PARAMETER['Standard_Parallel_1',38.73333333333333],PARAMETER['Standard_Parallel_2',40.03333333333333],PARAMETER['Latitude_Of_Origin',38.0],UNIT['Meter',1.0]];-616855.0995 -958990.9785 1000;0 1;0 1" # 0 0 0 "Database Connections\gis_data.sde\gis_data.CLERMONTGIS.PRECINCTS\gis_data.CLERMONTGIS.PRECINCTS"</Process><Process Name="Append" ToolSource="C:\Program Files\ArcGIS\ArcToolbox\Toolboxes\Data Management Tools.tbx\Append" Date="20061213" Time="165547">Append CLERMONTGIS_Layer "Database Connections\gis_data.sde\gis_data.CLERMONTGIS.PRECINCTS\gis_data.CLERMONTGIS.PRECINCTS" TEST "Database Connections\gis_data.sde\gis_data.CLERMONTGIS.PRECINCTS\gis_data.CLERMONTGIS.PRECINCTS"</Process><Process Name="FeatureClassToFeatureClass_2" ToolSource="C:\Program Files\ArcGIS\ArcToolbox\Toolboxes\Conversion Tools.tbx\FeatureClassToFeatureClass" Date="20061213" Time="165547">FeatureClassToFeatureClass "Database Connections\GIS_sde.sde\gis.CLERMONTGIS.PRECINCTS\gis.CLERMONTGIS.PRECINCTS" "Database Connections\gis_data.sde\gis_data.CLERMONTGIS.PRECINCTS" PRECINCTS # "PRECINCT PRECINCT VISIBLE;SPLITS SPLITS VISIBLE;ITEM ITEM VISIBLE;ITEM_PREC ITEM_PREC VISIBLE;SHAPE.area SHAPE.area VISIBLE;SHAPE.len SHAPE.len VISIBLE" SAME_AS_TEMPLATE SAME_AS_TEMPLATE # 0 "Database Connections\gis_data.sde\gis_data.CLERMONTGIS.PRECINCTS\gis_data.CLERMONTGIS.PRECINCTS"</Process></lineage><itemProps><itemLocation><linkage Sync="TRUE">Server=bauerdb1-new; Service=sde:sqlserver:bauerdb1-new; Database=gis_data; User=ClermontGIS; Version=sde.DEFAULT</linkage><protocol Sync="TRUE">ArcSDE Connection</protocol></itemLocation></itemProps></DataProperties><SyncDate>20080819</SyncDate><SyncTime>10354100</SyncTime><ModDate>20080819</ModDate><ModTime>10354100</ModTime><ArcGISFormat>1.0</ArcGISFormat></Esri><idinfo><native Sync="TRUE">Microsoft Windows XP Version 5.1 (Build 2600) Service Pack 3; ESRI ArcCatalog 9.3.0.1770</native><descript><langdata Sync="TRUE">en</langdata><abstract>Polygon feature that represents Voting Precintcs in Clermont County.</abstract><purpose>This feature class was developed to provide the Board of Elections with a geographic representation of the Voting Precincts Boundaries.</purpose></descript><citation><citeinfo><origin>Clermont County GIS</origin><pubdate>June 2008</pubdate><title>PRECINCTS</title><ftname Sync="TRUE">gis_data.CLERMONTGIS.PRECINCTS</ftname><geoform Sync="TRUE">vector digital data</geoform><onlink>The location of this data set is confidential.</onlink></citeinfo></citation><timeperd><current>publication date</current><timeinfo><sngdate><caldate>20080625</caldate></sngdate></timeinfo></timeperd><status><progress>Complete</progress><update>As needed</update></status><spdom><bounding><westbc Sync="TRUE">-84.326368</westbc><eastbc Sync="TRUE">-83.979776</eastbc><northbc Sync="TRUE">39.274559</northbc><southbc Sync="TRUE">38.768172</southbc></bounding><lboundng><leftbc Sync="TRUE">1451477.883000</leftbc><rightbc Sync="TRUE">1546618.874000</rightbc><bottombc Sync="TRUE">284974.619000</bottombc><topbc Sync="TRUE">467695.556000</topbc></lboundng></spdom><keywords><theme><themekt>Board of Elections</themekt><themekey>precincts</themekey><themekey>voting precincts</themekey><themekey>Board of Elections</themekey></theme></keywords><accconst>The information contained in this layer is a public resource for general information and is 
provided for use only as a graphical representation. Clermont County makes no warranty as
to the content, accuracy, or completeness of the information contained herein and assumes
no liability for any errors. Any reliance on this information is at the exclusive risk of
the user.</accconst><useconst>The information contained in this layer is a public resource for general information and is 
provided for use only as a graphical representation. Clermont County makes no warranty as
to the content, accuracy, or completeness of the information contained herein and assumes
no liability for any errors. Any reliance on this information is at the exclusive risk of
the user.</useconst><natvform Sync="TRUE">SDE Feature Class</natvform><ptcontac><cntinfo><cntperp><cntper>Joshua Hamaker</cntper><cntorg>Clermont County GIS</cntorg></cntperp><cntpos>GIS Analyst</cntpos><cntvoice>513-732-7357</cntvoice><cntfax>513-732-7310</cntfax><cntemail>jhamaker@co.clermont.oh.us</cntemail></cntinfo></ptcontac></idinfo><dataIdInfo><envirDesc Sync="TRUE">Microsoft Windows XP Version 5.1 (Build 2600) Service Pack 3; ESRI ArcCatalog 9.3.0.1770</envirDesc><dataLang><languageCode Sync="TRUE" value="en"/></dataLang><idCitation><resTitle Sync="TRUE">gis_data.CLERMONTGIS.PRECINCTS</resTitle><presForm><PresFormCd Sync="TRUE" value="005"/></presForm></idCitation><spatRpType><SpatRepTypCd Sync="TRUE" value="001"/></spatRpType><dataExt><geoEle><GeoBndBox esriExtentType="native"><westBL Sync="TRUE">1451477.883</westBL><eastBL Sync="TRUE">1546618.874</eastBL><northBL Sync="TRUE">467695.556</northBL><southBL Sync="TRUE">284974.619</southBL><exTypeCode Sync="TRUE">1</exTypeCode></GeoBndBox></geoEle></dataExt><geoBox esriExtentType="decdegrees"><westBL Sync="TRUE">-84.326368</westBL><eastBL Sync="TRUE">-83.979776</eastBL><northBL Sync="TRUE">39.274559</northBL><southBL Sync="TRUE">38.768172</southBL><exTypeCode Sync="TRUE">1</exTypeCode></geoBox></dataIdInfo><metainfo><langmeta Sync="TRUE">en</langmeta><metstdn Sync="TRUE">FGDC Content Standards for Digital Geospatial Metadata</metstdn><metstdv Sync="TRUE">FGDC-STD-001-1998</metstdv><mettc Sync="TRUE">local time</mettc><metc><cntinfo><cntorgp><cntper>Joshua Hamaker</cntper><cntorg>Clermont County GIS</cntorg></cntorgp><cntaddr><addrtype>mailing and physical address</addrtype><city>Batavia</city><state>OH</state><postal>45103</postal><address>2379 Clermont Center Dr</address><country>USA</country></cntaddr><cntvoice>513-732-7357</cntvoice><cntpos>GIS Analyst</cntpos><cntfax>513-732-7310</cntfax><cntemail>jhamaker@co.clermont.oh.us</cntemail></cntinfo></metc><metd Sync="TRUE">20080819</metd><metextns><onlink Sync="TRUE">http://www.esri.com/metadata/esriprof80.html</onlink><metprof Sync="TRUE">ESRI Metadata Profile</metprof></metextns></metainfo><mdLang><languageCode Sync="TRUE" value="en"/></mdLang><mdStanName Sync="TRUE">ISO 19115 Geographic Information - Metadata</mdStanName><mdStanVer Sync="TRUE">DIS_ESRI1.0</mdStanVer><mdChar><CharSetCd Sync="TRUE" value="004"/></mdChar><mdHrLv><ScopeCd Sync="TRUE" value="005"/></mdHrLv><mdHrLvName Sync="TRUE">dataset</mdHrLvName><distinfo><resdesc Sync="TRUE">Downloadable Data</resdesc></distinfo><distInfo><distributor><distorTran><onLineSrc><orDesc Sync="TRUE">002</orDesc><linkage Sync="TRUE">Server=Bauersms; Service=5152; Database=gis_data; User=clermontgis; Version=sde.DEFAULT</linkage><protocol Sync="TRUE">ArcSDE Connection</protocol></onLineSrc></distorTran><distorFormat><formatName Sync="TRUE">SDE Feature Class</formatName></distorFormat></distributor></distInfo><spdoinfo><direct Sync="TRUE">Vector</direct><ptvctinf><esriterm Name="gis_data.CLERMONTGIS.PRECINCTS"><efeatyp Sync="TRUE">Simple</efeatyp><efeageom Sync="TRUE">Polygon</efeageom><esritopo Sync="TRUE">TRUE</esritopo><efeacnt Sync="TRUE">265</efeacnt><spindex Sync="TRUE">TRUE</spindex><linrefer Sync="TRUE">FALSE</linrefer><XYRank Sync="TRUE">1</XYRank><ZRank Sync="TRUE">1</ZRank><topoWeight Sync="TRUE">5.000000</topoWeight><validateEvents Sync="TRUE">FALSE</validateEvents><partTopoRules><topoRuleID Sync="TRUE">312</topoRuleID></partTopoRules><partTopoRules><topoRuleID Sync="TRUE">313</topoRuleID></partTopoRules></esriterm><sdtsterm Name="gis_data.CLERMONTGIS.PRECINCTS"><sdtstype Sync="TRUE">G-polygon</sdtstype><ptvctcnt Sync="TRUE">265</ptvctcnt></sdtsterm></ptvctinf></spdoinfo><spref><horizsys><cordsysn><geogcsn Sync="TRUE">GCS_North_American_1983</geogcsn><projcsn Sync="TRUE">NAD_1983_StatePlane_Ohio_South_FIPS_3402_Feet</projcsn></cordsysn><planar><planci><plance Sync="TRUE">coordinate pair</plance><plandu Sync="TRUE">survey feet</plandu><coordrep><absres Sync="TRUE">0.001000</absres><ordres Sync="TRUE">0.001000</ordres></coordrep></planci><mapproj><mapprojn Sync="TRUE">Lambert Conformal Conic</mapprojn><lambertc><stdparll Sync="TRUE">38.733333</stdparll><stdparll Sync="TRUE">40.033333</stdparll><longcm Sync="TRUE">-82.500000</longcm><latprjo Sync="TRUE">38.000000</latprjo><feast Sync="TRUE">1968500.000000</feast><fnorth Sync="TRUE">0.000000</fnorth></lambertc></mapproj></planar><geodetic><horizdn Sync="TRUE">North American Datum of 1983</horizdn><ellips Sync="TRUE">Geodetic Reference System 80</ellips><semiaxis Sync="TRUE">6378137.000000</semiaxis><denflat Sync="TRUE">298.257222</denflat></geodetic></horizsys><vertdef><altsys><altenc Sync="TRUE">Explicit elevation coordinate included with horizontal coordinates</altenc><altres Sync="TRUE">1.000000</altres></altsys></vertdef></spref><refSysInfo><RefSystem><refSysID><identCode Sync="TRUE">NAD_1983_StatePlane_Ohio_South_FIPS_3402_Feet</identCode></refSysID></RefSystem></refSysInfo><spatRepInfo><VectSpatRep><topLvl><TopoLevCd Sync="TRUE" value="001"/></topLvl><geometObjs Name="gis_data.CLERMONTGIS.PRECINCTS"><geoObjTyp><GeoObjTypCd Sync="TRUE" value="001"/></geoObjTyp><geoObjCnt Sync="TRUE">265</geoObjCnt></geometObjs></VectSpatRep></spatRepInfo><eainfo><detailed Name="gis_data.CLERMONTGIS.PRECINCTS"><enttyp><enttypl Sync="TRUE">gis_data.CLERMONTGIS.PRECINCTS</enttypl><enttypt Sync="TRUE">Feature Class</enttypt><enttypc Sync="TRUE">265</enttypc></enttyp><attr><attrlabl Sync="TRUE">OBJECTID</attrlabl><attalias Sync="TRUE">OBJECTID</attalias><attrtype Sync="TRUE">OID</attrtype><attwidth Sync="TRUE">4</attwidth><atprecis Sync="TRUE">10</atprecis><attscale Sync="TRUE">0</attscale><attrdef Sync="TRUE">Internal feature number.</attrdef><attrdefs Sync="TRUE">ESRI</attrdefs><attrdomv><udom Sync="TRUE">Sequential unique whole numbers that are automatically generated.</udom></attrdomv></attr><attr><attrlabl Sync="TRUE">PRECINCT</attrlabl><attalias Sync="TRUE">PRECINCT</attalias><attrtype Sync="TRUE">String</attrtype><attwidth Sync="TRUE">30</attwidth><atprecis Sync="TRUE">0</atprecis><attscale Sync="TRUE">0</attscale><attrdef>Voting Precint Name</attrdef><attrdefs>Board of Elections</attrdefs></attr><attr><attrlabl Sync="TRUE">SPLITS</attrlabl><attalias Sync="TRUE">SPLITS</attalias><attrtype Sync="TRUE">String</attrtype><attwidth Sync="TRUE">30</attwidth><atprecis Sync="TRUE">0</atprecis><attscale Sync="TRUE">0</attscale><attrdef>Precinct Name with school district split identifier</attrdef><attrdefs>Board of Elections</attrdefs></attr><attr><attrlabl Sync="TRUE">ITEM</attrlabl><attalias Sync="TRUE">ITEM</attalias><attrtype Sync="TRUE">String</attrtype><attwidth Sync="TRUE">17</attwidth><atprecis Sync="TRUE">0</atprecis><attscale Sync="TRUE">0</attscale><attrdef>Precinct ID with splits</attrdef><attrdefs>Board of Elections</attrdefs></attr><attr><attrlabl Sync="TRUE">ITEM_PREC</attrlabl><attalias Sync="TRUE">ITEM_PREC</attalias><attrtype Sync="TRUE">String</attrtype><attwidth Sync="TRUE">17</attwidth><atprecis Sync="TRUE">0</atprecis><attscale Sync="TRUE">0</attscale><attrdef>Precinct ID with no split information</attrdef><attrdefs>Board of Elections</attrdefs></attr><attr><attrlabl Sync="TRUE">SHAPE</attrlabl><attalias Sync="TRUE">SHAPE</attalias><attrtype Sync="TRUE">Geometry</attrtype><attwidth Sync="TRUE">4</attwidth><atprecis Sync="TRUE">0</atprecis><attscale Sync="TRUE">0</attscale><attrdef Sync="TRUE">Feature geometry.</attrdef><attrdefs Sync="TRUE">ESRI</attrdefs><attrdomv><udom Sync="TRUE">Coordinates defining the features.</udom></attrdomv></attr><attr><attrlabl Sync="TRUE">SHAPE.area</attrlabl><attalias Sync="TRUE">SHAPE.area</attalias><attrtype Sync="TRUE">Double</attrtype><attwidth Sync="TRUE">0</attwidth><atprecis Sync="TRUE">0</atprecis><attscale Sync="TRUE">0</attscale></attr><attr><attrlabl Sync="TRUE">SHAPE.len</attrlabl><attalias Sync="TRUE">SHAPE.len</attalias><attrtype Sync="TRUE">Double</attrtype><attwidth Sync="TRUE">0</attwidth><atprecis Sync="TRUE">0</atprecis><attscale Sync="TRUE">0</attscale></attr></detailed></eainfo><mdDateSt Sync="TRUE">20080819</mdDateSt></metadata>
