<?xml version="1.0" encoding="UTF-8"?>
<metadata xml:lang="en"><Esri><CreaDate>20180402</CreaDate><CreaTime>10454300</CreaTime><ArcGISFormat>1.0</ArcGISFormat><SyncOnce>TRUE</SyncOnce><DataProperties><lineage><Process ToolSource="c:\program files (x86)\arcgis\desktop10.5\ArcToolbox\Toolboxes\Data Management Tools.tbx\CalculateField" Date="20180402" Time="103510">CalculateField Wards2017_ED12toED16 G16PRERTru [PREREP16] VB #</Process><Process ToolSource="c:\program files (x86)\arcgis\desktop10.5\ArcToolbox\Toolboxes\Data Management Tools.tbx\CalculateField" Date="20180402" Time="103522">CalculateField Wards2017_ED12toED16 G16PREDCli [PREDEM16] VB #</Process><Process ToolSource="c:\program files (x86)\arcgis\desktop10.5\ArcToolbox\Toolboxes\Data Management Tools.tbx\CalculateField" Date="20180402" Time="103606">CalculateField Wards2017_ED12toED16 G16PRECCas [PRECON16] VB #</Process><Process ToolSource="c:\program files (x86)\arcgis\desktop10.5\ArcToolbox\Toolboxes\Data Management Tools.tbx\CalculateField" Date="20180402" Time="103629">CalculateField Wards2017_ED12toED16 G16PRElJoh [PRELIB16] VB #</Process><Process ToolSource="c:\program files (x86)\arcgis\desktop10.5\ArcToolbox\Toolboxes\Data Management Tools.tbx\CalculateField" Date="20180402" Time="103644">CalculateField Wards2017_ED12toED16 G16PREGSte [PREGRN16] VB #</Process><Process ToolSource="c:\program files (x86)\arcgis\desktop10.5\ArcToolbox\Toolboxes\Data Management Tools.tbx\CalculateField" Date="20180402" Time="103718">CalculateField Wards2017_ED12toED16 G16PREOth "[PRETOT16] - [PREDEM16] - [PREREP16] - [PREGRN16] - [PRELIB16] - [PRECON16]" VB #</Process><Process ToolSource="c:\program files (x86)\arcgis\desktop10.5\ArcToolbox\Toolboxes\Data Management Tools.tbx\CalculateField" Date="20180402" Time="103911">CalculateField Wards2017_ED12toED16 G16USSRJoh [USSREP16] VB #</Process><Process ToolSource="c:\program files (x86)\arcgis\desktop10.5\ArcToolbox\Toolboxes\Data Management Tools.tbx\CalculateField" Date="20180402" Time="103920">CalculateField Wards2017_ED12toED16 G16USSDFei [USSDEM16] VB #</Process><Process ToolSource="c:\program files (x86)\arcgis\desktop10.5\ArcToolbox\Toolboxes\Data Management Tools.tbx\CalculateField" Date="20180402" Time="103945">CalculateField Wards2017_ED12toED16 G16USSLAnd [USSLIB16] VB #</Process><Process ToolSource="c:\program files (x86)\arcgis\desktop10.5\ArcToolbox\Toolboxes\Data Management Tools.tbx\CalculateField" Date="20180402" Time="104027">CalculateField Wards2017_ED12toED16 G16USSOth "[USSTOT16] - [USSDEM16] - [USSREP16] - [USSLIB16]" VB #</Process><Process ToolSource="c:\program files (x86)\arcgis\desktop10.5\ArcToolbox\Toolboxes\Data Management Tools.tbx\DeleteField" Date="20180402" Time="104444">DeleteField Wards2017_ED12toED16 CDATOT16;CDADEM16;CDADEM216;CDAREP16;CDAIND16;CDASCT16;PRETOT16;PREDEM16;PREREP16;PREGRN16;PRELIB16;PRECON16;PREIND16;PREIND216;PREIND316;PREIND416;PREIND516;PREIND616;PREIND716;PREIND816;PREIND916;PREIND1016;PREIND1116;PRESCT16;USHTOT16;USHDEM16;USHDEM216;USHREP16;USHGRN16;USHLIB16;USHIND16;USHSCT16;USSTOT16;USSDEM16;USSREP16;USSREP216;USSLIB16;USSSCT16;WSATOT16;WSADEM16;WSAREP16;WSALIB16;WSAIND16;WSASCT16;WSSTOT16;WSSDEM16;WSSREP16;WSSIND16;WSSSCT16;GOVTOT14;GOVDEM14;GOVREP14;GOVREP214;GOVREP314;GOVCON14;GOVIND14;GOVIND214;GOVIND314;GOVIND414;GOVIND514;GOVSCT14;SOSTOT14;SOSDEM14;SOSREP14;SOSCON14;SOSIND14;SOSSCT14;TRSTOT14;TRSDEM14;TRSREP14;TRSCON14;TRSIND14;TRSIND214;TRSSCT14;USHTOT14;USHDEM14;USHREP14;USHREP214;USHIND14;USHIND214;USHSCT14;USSTOT14;USSDEM14;USSREP14;USSIND14;USSSCT14;WAGTOT14;WAGDEM14;WAGREP14;WAGIND14;WAGSCT14;WSATOT14;WSADEM14;WSAREP14;WSAREP214;WSAIND14;WSASCT14;CDATOT12;CDADEM12;CDADEM212;CDAREP12;CDAIND12;CDASCT12;GOVTOT12;GOVDEM12;GOVREP12;GOVIND12;GOVSCT12;PRETOT12;PREDEM12;PREREP12;PRECON12;PREIND12;PREIND212;PREIND312;PREIND412;PREIND512;PREIND612;PRESCT12;USHTOT12;USHDEM12;USHREP12;USHIND12;USHSCT12;USSTOT12;USSDEM12;USSREP12;USSCON12;USSIND12;USSIND212;USSIND312;USSSCT12;WAGTOT12;WAGDEM12;WAGDEM212;WAGREP12;WAGIND12;WAGSCT12;WSATOT12;WSADEM12;WSADEM212;WSAREP12;WSAREP212;WSAIND12;WSAIND212;WSASCT12;WSSTOT12;WSSDEM12;WSSREP12;WSSREP212;WSSCON12;WSSIND12;WSSSCT12</Process></lineage></DataProperties></Esri></metadata>
