<metadata xml:lang="en"><Esri><CreaDate>20141203</CreaDate><CreaTime>10365600</CreaTime><ArcGISFormat>1.0</ArcGISFormat><SyncOnce>FALSE</SyncOnce><DataProperties><itemProps><itemName Sync="TRUE">precincts_py</itemName><imsContentType Sync="TRUE">002</imsContentType><itemLocation><linkage Sync="TRUE">file://\\b01op-pfs1.hawaii.local\gis\Agencies\OP\00_New Data to clean and load\20141203-Precincts\ForWebServer\precincts_py.shp</linkage><protocol Sync="TRUE">Local Area Network</protocol></itemLocation><itemSize Sync="TRUE">5.093</itemSize><nativeExtBox><westBL Sync="TRUE">-1424396.062200</westBL><eastBL Sync="TRUE">945628.056000</eastBL><southBL Sync="TRUE">2089224.443400</southBL><northBL Sync="TRUE">3312458.087800</northBL><exTypeCode Sync="TRUE">1</exTypeCode></nativeExtBox></itemProps><coordRef><type Sync="TRUE">Projected</type><geogcsn Sync="TRUE">GCS_North_American_1983</geogcsn><csUnits Sync="TRUE">Linear Unit: Meter (1.000000)</csUnits><peXml Sync="TRUE">&lt;ProjectedCoordinateSystem xsi:type='typens:ProjectedCoordinateSystem' xmlns:xsi='http://www.w3.org/2001/XMLSchema-instance' xmlns:xs='http://www.w3.org/2001/XMLSchema' xmlns:typens='http://www.esri.com/schemas/ArcGIS/10.3'&gt;&lt;WKT&gt;PROJCS[&amp;quot;NAD_1983_UTM_Zone_4N&amp;quot;,GEOGCS[&amp;quot;GCS_North_American_1983&amp;quot;,DATUM[&amp;quot;D_North_American_1983&amp;quot;,SPHEROID[&amp;quot;GRS_1980&amp;quot;,6378137.0,298.257222101]],PRIMEM[&amp;quot;Greenwich&amp;quot;,0.0],UNIT[&amp;quot;Degree&amp;quot;,0.0174532925199433]],PROJECTION[&amp;quot;Transverse_Mercator&amp;quot;],PARAMETER[&amp;quot;False_Easting&amp;quot;,500000.0],PARAMETER[&amp;quot;False_Northing&amp;quot;,0.0],PARAMETER[&amp;quot;Central_Meridian&amp;quot;,-159.0],PARAMETER[&amp;quot;Scale_Factor&amp;quot;,0.9996],PARAMETER[&amp;quot;Latitude_Of_Origin&amp;quot;,0.0],UNIT[&amp;quot;Meter&amp;quot;,1.0],AUTHORITY[&amp;quot;EPSG&amp;quot;,26904]]&lt;/WKT&gt;&lt;XOrigin&gt;-5120900&lt;/XOrigin&gt;&lt;YOrigin&gt;-9998100&lt;/YOrigin&gt;&lt;XYScale&gt;450445547.3910538&lt;/XYScale&gt;&lt;ZOrigin&gt;-100000&lt;/ZOrigin&gt;&lt;ZScale&gt;10000&lt;/ZScale&gt;&lt;MOrigin&gt;-100000&lt;/MOrigin&gt;&lt;MScale&gt;10000&lt;/MScale&gt;&lt;XYTolerance&gt;0.001&lt;/XYTolerance&gt;&lt;ZTolerance&gt;0.001&lt;/ZTolerance&gt;&lt;MTolerance&gt;0.001&lt;/MTolerance&gt;&lt;HighPrecision&gt;true&lt;/HighPrecision&gt;&lt;WKID&gt;26904&lt;/WKID&gt;&lt;LatestWKID&gt;26904&lt;/LatestWKID&gt;&lt;/ProjectedCoordinateSystem&gt;</peXml><projcsn Sync="TRUE">NAD_1983_UTM_Zone_4N</projcsn></coordRef><lineage><Process ToolSource="c:\program files\arcgis\desktop10.0\ArcToolbox\Toolboxes\Conversion Tools.tbx\FeatureClassToFeatureClass" Date="20120501" Time="101231" Name="" export="">FeatureClassToFeatureClass "C:\GISDATA\2012 Election\Shapefiles\Hawaii_Precincts_Final\Hawaii_Precincts_Final.shp" "C:\GISDATA\2012 Election\2012_Election_Data.gdb" Hawaii_Precincts_Final_Export_2012_04_19 # "LONGNAME "LONGNAME" true true false 50 Text 0 0 ,First,#,C:\GISDATA\2012 Election\Shapefiles\Hawaii_Precincts_Final\Hawaii_Precincts_Final.shp,LONGNAME,-1,-1;SHORTNAME "SHORTNAME" true true false 50 Text 0 0 ,First,#,C:\GISDATA\2012 Election\Shapefiles\Hawaii_Precincts_Final\Hawaii_Precincts_Final.shp,SHORTNAME,-1,-1;DISTRICT "DISTRICT" true true false 5 Long 0 5 ,First,#,C:\GISDATA\2012 Election\Shapefiles\Hawaii_Precincts_Final\Hawaii_Precincts_Final.shp,DISTRICT,-1,-1;COLOR "COLOR" true true false 10 Double 0 10 ,First,#,C:\GISDATA\2012 Election\Shapefiles\Hawaii_Precincts_Final\Hawaii_Precincts_Final.shp,COLOR,-1,-1;TOTAL "TOTAL" true true false 18 Double 0 18 ,First,#,C:\GISDATA\2012 Election\Shapefiles\Hawaii_Precincts_Final\Hawaii_Precincts_Final.shp,TOTAL,-1,-1;TARGET_DEV "TARGET_DEV" true true false 18 Double 0 18 ,First,#,C:\GISDATA\2012 Election\Shapefiles\Hawaii_Precincts_Final\Hawaii_Precincts_Final.shp,TARGET_DEV,-1,-1;REGVOTE "REGVOTE" true true false 18 Double 0 18 ,First,#,C:\GISDATA\2012 Election\Shapefiles\Hawaii_Precincts_Final\Hawaii_Precincts_Final.shp,REGVOTE,-1,-1;TURNOUT "TURNOUT" true true false 18 Double 0 18 ,First,#,C:\GISDATA\2012 Election\Shapefiles\Hawaii_Precincts_Final\Hawaii_Precincts_Final.shp,TURNOUT,-1,-1;PCT_CAPACI "PCT_CAPACI" true true false 20 Double 0 0 ,First,#,C:\GISDATA\2012 Election\Shapefiles\Hawaii_Precincts_Final\Hawaii_Precincts_Final.shp,PCT_CAPACI,-1,-1;REMAINING "REMAINING" true true false 18 Double 0 18 ,First,#,C:\GISDATA\2012 Election\Shapefiles\Hawaii_Precincts_Final\Hawaii_Precincts_Final.shp,REMAINING,-1,-1;CAPACITY "CAPACITY" true true false 18 Double 0 18 ,First,#,C:\GISDATA\2012 Election\Shapefiles\Hawaii_Precincts_Final\Hawaii_Precincts_Final.shp,CAPACITY,-1,-1" #</Process><Process ToolSource="c:\program files\arcgis\desktop10.0\ArcToolbox\Toolboxes\Data Management Tools.tbx\Merge" Date="20120501" Time="101953" Name="" export="">Merge 'C:\GISDATA\2012 Election\2012_Election_Data.gdb\Hawaii_Precincts_Final_Export_2012_04_19_DP_ONLY';'C:\GISDATA\2012 Election\2012_Election_Data.gdb\Kauai_Precincts_Final_Export_2012_04_19_DP_ONLY';'C:\GISDATA\2012 Election\2012_Election_Data.gdb\Maui_Precincts_Final_Export_2012_04_13_DP_ONLY';'C:\GISDATA\2012 Election\2012_Election_Data.gdb\Oahu_Precincts_Final_Export_2012_04_13_DP_ONLY' "C:\GISDATA\2012 Election\2012_Election_Data.gdb\Hawaii_Precincts_Final_Statewide_2012_04_19" "LONGNAME "LONGNAME" true true false 50 Text 0 0 ,First,#,C:\GISDATA\2012 Election\2012_Election_Data.gdb\Hawaii_Precincts_Final_Export_2012_04_19_DP_ONLY,LONGNAME,-1,-1,C:\GISDATA\2012 Election\2012_Election_Data.gdb\Kauai_Precincts_Final_Export_2012_04_19_DP_ONLY,LONGNAME,-1,-1,C:\GISDATA\2012 Election\2012_Election_Data.gdb\Maui_Precincts_Final_Export_2012_04_13_DP_ONLY,LONGNAME,-1,-1,C:\GISDATA\2012 Election\2012_Election_Data.gdb\Oahu_Precincts_Final_Export_2012_04_13_DP_ONLY,LONGNAME,-1,-1;SHORTNAME "SHORTNAME" true true false 50 Text 0 0 ,First,#,C:\GISDATA\2012 Election\2012_Election_Data.gdb\Hawaii_Precincts_Final_Export_2012_04_19_DP_ONLY,SHORTNAME,-1,-1,C:\GISDATA\2012 Election\2012_Election_Data.gdb\Kauai_Precincts_Final_Export_2012_04_19_DP_ONLY,SHORTNAME,-1,-1,C:\GISDATA\2012 Election\2012_Election_Data.gdb\Maui_Precincts_Final_Export_2012_04_13_DP_ONLY,SHORTNAME,-1,-1,C:\GISDATA\2012 Election\2012_Election_Data.gdb\Oahu_Precincts_Final_Export_2012_04_13_DP_ONLY,SHORTNAME,-1,-1;DISTRICT "DISTRICT" true true false 4 Long 0 0 ,First,#,C:\GISDATA\2012 Election\2012_Election_Data.gdb\Hawaii_Precincts_Final_Export_2012_04_19_DP_ONLY,DISTRICT,-1,-1,C:\GISDATA\2012 Election\2012_Election_Data.gdb\Kauai_Precincts_Final_Export_2012_04_19_DP_ONLY,DISTRICT,-1,-1,C:\GISDATA\2012 Election\2012_Election_Data.gdb\Maui_Precincts_Final_Export_2012_04_13_DP_ONLY,DISTRICT,-1,-1,C:\GISDATA\2012 Election\2012_Election_Data.gdb\Oahu_Precincts_Final_Export_2012_04_13_DP_ONLY,DISTRICT,-1,-1;COLOR "COLOR" true true false 8 Double 0 0 ,First,#,C:\GISDATA\2012 Election\2012_Election_Data.gdb\Hawaii_Precincts_Final_Export_2012_04_19_DP_ONLY,COLOR,-1,-1,C:\GISDATA\2012 Election\2012_Election_Data.gdb\Kauai_Precincts_Final_Export_2012_04_19_DP_ONLY,COLOR,-1,-1,C:\GISDATA\2012 Election\2012_Election_Data.gdb\Maui_Precincts_Final_Export_2012_04_13_DP_ONLY,COLOR,-1,-1,C:\GISDATA\2012 Election\2012_Election_Data.gdb\Oahu_Precincts_Final_Export_2012_04_13_DP_ONLY,COLOR,-1,-1;TOTAL "TOTAL" true true false 8 Double 0 0 ,First,#,C:\GISDATA\2012 Election\2012_Election_Data.gdb\Hawaii_Precincts_Final_Export_2012_04_19_DP_ONLY,TOTAL,-1,-1,C:\GISDATA\2012 Election\2012_Election_Data.gdb\Kauai_Precincts_Final_Export_2012_04_19_DP_ONLY,TOTAL,-1,-1,C:\GISDATA\2012 Election\2012_Election_Data.gdb\Maui_Precincts_Final_Export_2012_04_13_DP_ONLY,TOTAL,-1,-1,C:\GISDATA\2012 Election\2012_Election_Data.gdb\Oahu_Precincts_Final_Export_2012_04_13_DP_ONLY,TOTAL,-1,-1;TARGET_DEV "TARGET_DEV" true true false 8 Double 0 0 ,First,#,C:\GISDATA\2012 Election\2012_Election_Data.gdb\Hawaii_Precincts_Final_Export_2012_04_19_DP_ONLY,TARGET_DEV,-1,-1,C:\GISDATA\2012 Election\2012_Election_Data.gdb\Kauai_Precincts_Final_Export_2012_04_19_DP_ONLY,TARGET_DEV,-1,-1,C:\GISDATA\2012 Election\2012_Election_Data.gdb\Maui_Precincts_Final_Export_2012_04_13_DP_ONLY,TARGET_DEV,-1,-1,C:\GISDATA\2012 Election\2012_Election_Data.gdb\Oahu_Precincts_Final_Export_2012_04_13_DP_ONLY,TARGET_DEV,-1,-1;REGVOTE "REGVOTE" true true false 8 Double 0 0 ,First,#,C:\GISDATA\2012 Election\2012_Election_Data.gdb\Hawaii_Precincts_Final_Export_2012_04_19_DP_ONLY,REGVOTE,-1,-1,C:\GISDATA\2012 Election\2012_Election_Data.gdb\Kauai_Precincts_Final_Export_2012_04_19_DP_ONLY,REGVOTE,-1,-1,C:\GISDATA\2012 Election\2012_Election_Data.gdb\Maui_Precincts_Final_Export_2012_04_13_DP_ONLY,REGVOTE,-1,-1,C:\GISDATA\2012 Election\2012_Election_Data.gdb\Oahu_Precincts_Final_Export_2012_04_13_DP_ONLY,REGVOTE,-1,-1;TURNOUT "TURNOUT" true true false 8 Double 0 0 ,First,#,C:\GISDATA\2012 Election\2012_Election_Data.gdb\Hawaii_Precincts_Final_Export_2012_04_19_DP_ONLY,TURNOUT,-1,-1,C:\GISDATA\2012 Election\2012_Election_Data.gdb\Kauai_Precincts_Final_Export_2012_04_19_DP_ONLY,TURNOUT,-1,-1,C:\GISDATA\2012 Election\2012_Election_Data.gdb\Maui_Precincts_Final_Export_2012_04_13_DP_ONLY,TURNOUT,-1,-1,C:\GISDATA\2012 Election\2012_Election_Data.gdb\Oahu_Precincts_Final_Export_2012_04_13_DP_ONLY,TURNOUT,-1,-1;PCT_CAPACI "PCT_CAPACI" true true false 8 Double 0 0 ,First,#,C:\GISDATA\2012 Election\2012_Election_Data.gdb\Hawaii_Precincts_Final_Export_2012_04_19_DP_ONLY,PCT_CAPACI,-1,-1,C:\GISDATA\2012 Election\2012_Election_Data.gdb\Kauai_Precincts_Final_Export_2012_04_19_DP_ONLY,PCT_CAPACI,-1,-1,C:\GISDATA\2012 Election\2012_Election_Data.gdb\Maui_Precincts_Final_Export_2012_04_13_DP_ONLY,PCT_CAPACI,-1,-1,C:\GISDATA\2012 Election\2012_Election_Data.gdb\Oahu_Precincts_Final_Export_2012_04_13_DP_ONLY,PCT_CAPACI,-1,-1;REMAINING "REMAINING" true true false 8 Double 0 0 ,First,#,C:\GISDATA\2012 Election\2012_Election_Data.gdb\Hawaii_Precincts_Final_Export_2012_04_19_DP_ONLY,REMAINING,-1,-1,C:\GISDATA\2012 Election\2012_Election_Data.gdb\Kauai_Precincts_Final_Export_2012_04_19_DP_ONLY,REMAINING,-1,-1,C:\GISDATA\2012 Election\2012_Election_Data.gdb\Maui_Precincts_Final_Export_2012_04_13_DP_ONLY,REMAINING,-1,-1,C:\GISDATA\2012 Election\2012_Election_Data.gdb\Oahu_Precincts_Final_Export_2012_04_13_DP_ONLY,REMAINING,-1,-1;CAPACITY "CAPACITY" true true false 8 Double 0 0 ,First,#,C:\GISDATA\2012 Election\2012_Election_Data.gdb\Hawaii_Precincts_Final_Export_2012_04_19_DP_ONLY,CAPACITY,-1,-1,C:\GISDATA\2012 Election\2012_Election_Data.gdb\Kauai_Precincts_Final_Export_2012_04_19_DP_ONLY,CAPACITY,-1,-1,C:\GISDATA\2012 Election\2012_Election_Data.gdb\Maui_Precincts_Final_Export_2012_04_13_DP_ONLY,CAPACITY,-1,-1,C:\GISDATA\2012 Election\2012_Election_Data.gdb\Oahu_Precincts_Final_Export_2012_04_13_DP_ONLY,CAPACITY,-1,-1;Shape_Length "Shape_Length" false true true 8 Double 0 0 ,First,#,C:\GISDATA\2012 Election\2012_Election_Data.gdb\Hawaii_Precincts_Final_Export_2012_04_19_DP_ONLY,Shape_Length,-1,-1,C:\GISDATA\2012 Election\2012_Election_Data.gdb\Kauai_Precincts_Final_Export_2012_04_19_DP_ONLY,Shape_Length,-1,-1,C:\GISDATA\2012 Election\2012_Election_Data.gdb\Maui_Precincts_Final_Export_2012_04_13_DP_ONLY,Shape_Length,-1,-1,C:\GISDATA\2012 Election\2012_Election_Data.gdb\Oahu_Precincts_Final_Export_2012_04_13_DP_ONLY,Shape_Length,-1,-1;Shape_Area "Shape_Area" false true true 8 Double 0 0 ,First,#,C:\GISDATA\2012 Election\2012_Election_Data.gdb\Hawaii_Precincts_Final_Export_2012_04_19_DP_ONLY,Shape_Area,-1,-1,C:\GISDATA\2012 Election\2012_Election_Data.gdb\Kauai_Precincts_Final_Export_2012_04_19_DP_ONLY,Shape_Area,-1,-1,C:\GISDATA\2012 Election\2012_Election_Data.gdb\Maui_Precincts_Final_Export_2012_04_13_DP_ONLY,Shape_Area,-1,-1,C:\GISDATA\2012 Election\2012_Election_Data.gdb\Oahu_Precincts_Final_Export_2012_04_13_DP_ONLY,Shape_Area,-1,-1"</Process><Process ToolSource="C:\Program Files\ArcGIS\Desktop10.0\ArcToolbox\Toolboxes\Data Management Tools.tbx\CalculateField" Date="20120504" Time="142838" Name="" export="">CalculateField Statewide_Precincts_Final_Export_DP_ONLY_2012_04_19 DP RIGHT([SHORTNAME], 5) VB #</Process><Process ToolSource="C:\Program Files\ArcGIS\Desktop10.0\ArcToolbox\Toolboxes\Data Management Tools.tbx\CalculateField" Date="20120504" Time="142852" Name="" export="">CalculateField Statewide_Precincts_Final_Export_DP_ONLY_2012_04_19 DP RIGHT([SHORTNAME], 5) VB #</Process><Process ToolSource="C:\Program Files\ArcGIS\Desktop10.0\ArcToolbox\Toolboxes\Data Management Tools.tbx\CalculateField" Date="20120517" Time="100935" Name="" export="">CalculateField Statewide_Precincts_Final_2012_04_19_PPL PRECINCTID [DP] VB #</Process><Process ToolSource="C:\Program Files\ArcGIS\Desktop10.0\ArcToolbox\Toolboxes\Data Management Tools.tbx\CalculateField" Date="20120517" Time="100945" Name="" export="">CalculateField Statewide_Precincts_Final_2012_04_19_PPL NAME [DP] VB #</Process><Process ToolSource="C:\Program Files\ArcGIS\Desktop10.0\ArcToolbox\Toolboxes\Data Management Tools.tbx\CalculateField" Date="20120521" Time="140017" Name="" export="">CalculateField precincts_state_2012_05_21_updating COUNTY "HAWAII" VB #</Process><Process ToolSource="C:\Program Files\ArcGIS\Desktop10.0\ArcToolbox\Toolboxes\Data Management Tools.tbx\CalculateField" Date="20120521" Time="140321" Name="" export="">CalculateField precincts_state_2012_05_21_updating COUNTY "MAUI" VB #</Process><Process ToolSource="C:\Program Files\ArcGIS\Desktop10.0\ArcToolbox\Toolboxes\Data Management Tools.tbx\CalculateField" Date="20120521" Time="140400" Name="" export="">CalculateField precincts_state_2012_05_21_updating COUNTY "KAUAI" VB #</Process><Process ToolSource="C:\Program Files\ArcGIS\Desktop10.0\ArcToolbox\Toolboxes\Data Management Tools.tbx\CalculateField" Date="20120521" Time="140512" Name="" export="">CalculateField precincts_state_2012_05_21_updating COUNTY "OAHU" VB #</Process><Process ToolSource="c:\program files\arcgis\desktop10.0\ArcToolbox\Toolboxes\Conversion Tools.tbx\FeatureClassToFeatureClass" Date="20120604" Time="153958" Name="" export="">FeatureClassToFeatureClass "C:\GISDATA\2012 Election\2012_Election_Data.gdb\precincts_state_2012_05_21" "C:\GISDATA\2012 Election\Shapefiles" precincts_state_with_metadata_2012_05_21.shp # "DP "DP" true true false 10 Text 0 0 ,First,#,C:\GISDATA\2012 Election\2012_Election_Data.gdb\precincts_state_2012_05_21,DP,-1,-1;PRECINCTID "PRECINCT ID" true true false 10 Text 0 0 ,First,#,C:\GISDATA\2012 Election\2012_Election_Data.gdb\precincts_state_2012_05_21,PRECINCTID,-1,-1;NAME "PRECINCT NAME" true true false 50 Text 0 0 ,First,#,C:\GISDATA\2012 Election\2012_Election_Data.gdb\precincts_state_2012_05_21,NAME,-1,-1;COUNTY "County" true true false 50 Text 0 0 ,First,#,C:\GISDATA\2012 Election\2012_Election_Data.gdb\precincts_state_2012_05_21,COUNTY,-1,-1;ZEROPOP "ZEROPOP" true true false 10 Text 0 0 ,First,#,C:\GISDATA\2012 Election\2012_Election_Data.gdb\precincts_state_2012_05_21,ZEROPOP,-1,-1;Shape_Leng "Shape_Leng" false true true 8 Double 0 0 ,First,#,C:\GISDATA\2012 Election\2012_Election_Data.gdb\precincts_state_2012_05_21,Shape_Length,-1,-1;Shape_Area "Shape_Area" false true true 8 Double 0 0 ,First,#,C:\GISDATA\2012 Election\2012_Election_Data.gdb\precincts_state_2012_05_21,Shape_Area,-1,-1;AB_ONLY "AB_ONLY" true true false 10 Text 0 0 ,First,#,C:\GISDATA\2012 Election\2012_Election_Data.gdb\precincts_state_2012_05_21,AB_ONLY,-1,-1;UNASSIGNED "UNASSIGNED" true true false 10 Text 0 0 ,First,#,C:\GISDATA\2012 Election\2012_Election_Data.gdb\precincts_state_2012_05_21,UNASSIGNED,-1,-1;NO_POLL "NO_POLL" true true false 10 Text 0 0 ,First,#,C:\GISDATA\2012 Election\2012_Election_Data.gdb\precincts_state_2012_05_21,NO_POLL,-1,-1" #</Process><Process ToolSource="c:\program files\arcgis\desktop10.0\ArcToolbox\Toolboxes\Data Management Tools.tbx\Project" Date="20120823" Time="160536" Name="" export="">Project precincts_state_with_metadata_2012_05_21 "C:\GISDATA\2012 Election\2012_Election_Data.gdb\precincts_state_with_metadata_nad83_2012_05_21" PROJCS['NAD_1983_UTM_Zone_4N',GEOGCS['GCS_North_American_1983',DATUM['D_North_American_1983',SPHEROID['GRS_1980',6378137.0,298.257222101]],PRIMEM['Greenwich',0.0],UNIT['Degree',0.0174532925199433]],PROJECTION['Transverse_Mercator'],PARAMETER['False_Easting',500000.0],PARAMETER['False_Northing',0.0],PARAMETER['Central_Meridian',-159.0],PARAMETER['Scale_Factor',0.9996],PARAMETER['Latitude_Of_Origin',0.0],UNIT['Meter',1.0]] NAD_1983_To_WGS_1984_1 GEOGCS['GCS_WGS_1984',DATUM['D_WGS_1984',SPHEROID['WGS_1984',6378137.0,298.257223563]],PRIMEM['Greenwich',0.0],UNIT['Degree',0.0174532925199433]]</Process><Process ToolSource="c:\program files\arcgis\desktop10.2\ArcToolbox\Toolboxes\Data Management Tools.tbx\Merge" Date="20130802" Time="114803" Name="" export="">Merge precincts_state_with_metadata_nad83_2013_08_02;precinct_0602 "C:\GIS\2013\2013 Reprecincting\2013_Election_Data_CURRENT.gdb\precincts_state_with_metadata_nad83_2013_08_02a" "DP "DP" true true false 10 Text 0 0 ,First,#,precincts_state_with_metadata_nad83_2013_08_02,DP,-1,-1,precinct_0602,DP,-1,-1;PRECINCTID "PRECINCTID" true true false 10 Text 0 0 ,First,#,precincts_state_with_metadata_nad83_2013_08_02,PRECINCTID,-1,-1,precinct_0602,PRECINCTID,-1,-1;NAME "NAME" true true false 50 Text 0 0 ,First,#,precincts_state_with_metadata_nad83_2013_08_02,NAME,-1,-1,precinct_0602,NAME,-1,-1;COUNTY "COUNTY" true true false 50 Text 0 0 ,First,#,precincts_state_with_metadata_nad83_2013_08_02,COUNTY,-1,-1,precinct_0602,COUNTY,-1,-1;ZEROPOP "ZEROPOP" true true false 10 Text 0 0 ,First,#,precincts_state_with_metadata_nad83_2013_08_02,ZEROPOP,-1,-1,precinct_0602,ZEROPOP,-1,-1;Shape_Leng "Shape_Leng" true true false 8 Double 0 0 ,First,#,precincts_state_with_metadata_nad83_2013_08_02,Shape_Leng,-1,-1,precinct_0602,Shape_Leng,-1,-1;AB_ONLY "AB_ONLY" true true false 10 Text 0 0 ,First,#,precincts_state_with_metadata_nad83_2013_08_02,AB_ONLY,-1,-1,precinct_0602,AB_ONLY,-1,-1;UNASSIGNED "UNASSIGNED" true true false 10 Text 0 0 ,First,#,precincts_state_with_metadata_nad83_2013_08_02,UNASSIGNED,-1,-1,precinct_0602,UNASSIGNED,-1,-1;NO_POLL "NO_POLL" true true false 10 Text 0 0 ,First,#,precincts_state_with_metadata_nad83_2013_08_02,NO_POLL,-1,-1,precinct_0602,NO_POLL,-1,-1;Shape_Length "Shape_Length" false true true 8 Double 0 0 ,First,#,precincts_state_with_metadata_nad83_2013_08_02,Shape_Length,-1,-1,precinct_0602,Shape_Length,-1,-1;Shape_Area "Shape_Area" false true true 8 Double 0 0 ,First,#,precincts_state_with_metadata_nad83_2013_08_02,Shape_Area,-1,-1,precinct_0602,Shape_Area,-1,-1"</Process><Process ToolSource="c:\program files (x86)\arcgis\desktop10.2\ArcToolbox\Toolboxes\Data Management Tools.tbx\CalculateField" Date="20131106" Time="112134" Name="" export="">CalculateField Precincts2014 PollingPlace "Absentee Polling Place" VB #</Process><Process ToolSource="c:\program files (x86)\arcgis\desktop10.2\ArcToolbox\Toolboxes\Data Management Tools.tbx\CalculateField" Date="20131106" Time="112213" Name="" export="">CalculateField Precincts2014 PollingPlace "no population" VB #</Process></lineage></DataProperties><SyncDate>20151112</SyncDate><SyncTime>12040000</SyncTime><ModDate>20151112</ModDate><ModTime>12101300</ModTime><ArcGISstyle>FGDC CSDGM Metadata</ArcGISstyle><scaleRange><minScale>150000000</minScale><maxScale>5000</maxScale></scaleRange><ArcGISProfile>FGDC</ArcGISProfile></Esri><dataIdInfo><envirDesc Sync="TRUE">Microsoft Windows 7 Version 6.1 (Build 7601) Service Pack 1; Esri ArcGIS 10.3.1.4959</envirDesc><dataLang><languageCode value="eng" Sync="TRUE"/><countryCode value="USA" Sync="TRUE"/></dataLang><idCitation><resTitle Sync="TRUE">precincts_py</resTitle><presForm><PresFormCd value="005" Sync="TRUE"/></presForm></idCitation><spatRpType><SpatRepTypCd value="001" Sync="TRUE"/></spatRpType><dataExt><geoEle xmlns=""><GeoBndBox esriExtentType="search"><exTypeCode Sync="TRUE">1</exTypeCode><westBL Sync="TRUE">-178.458967</westBL><eastBL Sync="TRUE">-154.388477</eastBL><northBL Sync="TRUE">29.942899</northBL><southBL Sync="TRUE">18.032049</southBL></GeoBndBox></geoEle></dataExt><idPurp>Voting precincts (Polygon format with boundary descriptions) for the State of Hawaii, as of 2014.</idPurp><idAbs>&lt;DIV STYLE="text-align:Left;"&gt;&lt;P STYLE="font-size:16ptmargin:7 0 7 0;"&gt;&lt;SPAN&gt;Precincts were provided by ESRI in 2012 (post-reapportionment) and updated by the State Office of Elections in 2014.  Polygon format with boundary descriptions.&lt;/SPAN&gt;&lt;/P&gt;&lt;/DIV&gt;</idAbs><idCredit>State Office of Elections</idCredit><searchKeys><keyword>State of Hawaii</keyword><keyword>Election Precincts</keyword><keyword>Kauai</keyword><keyword>Oahu</keyword><keyword>Molokai</keyword><keyword>Lanai</keyword><keyword>Maui</keyword><keyword>Big Island</keyword></searchKeys></dataIdInfo><mdLang><languageCode value="eng" Sync="TRUE"/><countryCode value="USA" Sync="TRUE"/></mdLang><distInfo><distFormat><formatName Sync="TRUE">Shapefile</formatName></distFormat><distTranOps><transSize Sync="TRUE">5.093</transSize></distTranOps></distInfo><mdHrLv><ScopeCd value="005" Sync="TRUE"/></mdHrLv><mdHrLvName Sync="TRUE">dataset</mdHrLvName><refSysInfo><RefSystem><refSysID><identCode code="26904" Sync="TRUE" value="4326"/><idCodeSpace Sync="TRUE">EPSG</idCodeSpace><idVersion Sync="TRUE">8.6.2</idVersion></refSysID></RefSystem></refSysInfo><spatRepInfo><VectSpatRep><geometObjs Name="precincts_py"><geoObjTyp><GeoObjTypCd value="002" Sync="TRUE"/></geoObjTyp><geoObjCnt Sync="TRUE">264</geoObjCnt></geometObjs><topLvl><TopoLevCd value="001" Sync="TRUE"/></topLvl></VectSpatRep></spatRepInfo><spdoinfo><ptvctinf><esriterm Name="precincts_py"><efeatyp Sync="TRUE">Simple</efeatyp><efeageom code="4" Sync="TRUE"/><esritopo Sync="TRUE">FALSE</esritopo><efeacnt Sync="TRUE">264</efeacnt><spindex Sync="TRUE">TRUE</spindex><linrefer Sync="TRUE">FALSE</linrefer></esriterm></ptvctinf></spdoinfo><eainfo><detailed Name="precincts_py" xmlns=""><enttyp><enttypl Sync="TRUE">precincts_py</enttypl><enttypt Sync="TRUE">Feature Class</enttypt><enttypc Sync="TRUE">264</enttypc></enttyp><attr xmlns=""><attrlabl Sync="TRUE">FID</attrlabl><attalias Sync="TRUE">FID</attalias><attrtype Sync="TRUE">OID</attrtype><attwidth Sync="TRUE">4</attwidth><atprecis Sync="TRUE">0</atprecis><attscale Sync="TRUE">0</attscale><attrdef Sync="TRUE">Internal feature number.</attrdef><attrdefs Sync="TRUE">Esri</attrdefs><attrdomv><udom Sync="TRUE">Sequential unique whole numbers that are automatically generated.</udom></attrdomv></attr><attr xmlns=""><attrlabl Sync="TRUE">Shape</attrlabl><attalias Sync="TRUE">Shape</attalias><attrtype Sync="TRUE">Geometry</attrtype><attwidth Sync="TRUE">0</attwidth><atprecis Sync="TRUE">0</atprecis><attscale Sync="TRUE">0</attscale><attrdef Sync="TRUE">Feature geometry.</attrdef><attrdefs Sync="TRUE">ESRI</attrdefs><attrdomv><udom Sync="TRUE">Coordinates defining the features.</udom></attrdomv></attr><attr xmlns=""><attrlabl Sync="TRUE">DP</attrlabl><attalias Sync="TRUE">DP</attalias><attrtype Sync="TRUE">String</attrtype><attwidth Sync="TRUE">10</attwidth><atprecis Sync="TRUE">0</atprecis><attscale Sync="TRUE">0</attscale><attrdef>House District and Precinct Number</attrdef></attr><attr xmlns=""><attrlabl Sync="TRUE">COUNTY</attrlabl><attalias Sync="TRUE">COUNTY</attalias><attrtype Sync="TRUE">String</attrtype><attwidth Sync="TRUE">50</attwidth><atprecis Sync="TRUE">0</atprecis><attscale Sync="TRUE">0</attscale><attrdef>Name of County</attrdef></attr><attr xmlns=""><attrlabl Sync="TRUE">Shape_Leng</attrlabl><attalias Sync="TRUE">Shape_Leng</attalias><attrtype Sync="TRUE">Double</attrtype><attwidth Sync="TRUE">19</attwidth><atprecis Sync="TRUE">0</atprecis><attscale Sync="TRUE">0</attscale></attr><attr xmlns=""><attrlabl Sync="TRUE">Shape_Area</attrlabl><attalias Sync="TRUE">Shape_Area</attalias><attrtype Sync="TRUE">Double</attrtype><attwidth Sync="TRUE">19</attwidth><atprecis Sync="TRUE">0</atprecis><attscale Sync="TRUE">0</attscale><attrdef Sync="TRUE">Area of feature in internal units squared.</attrdef><attrdefs Sync="TRUE">ESRI</attrdefs><attrdomv><udom Sync="TRUE">Positive real numbers that are automatically generated.</udom></attrdomv></attr></detailed></eainfo><mdDateSt Sync="TRUE">20151112</mdDateSt><mdChar><CharSetCd value="004" Sync="TRUE"/></mdChar><mdContact xmlns=""><rpIndName>Hawaii Statewide GIS Program</rpIndName><rpOrgName>Office of Planning, State of Hawaii</rpOrgName><role><RoleCd value="010"></RoleCd></role></mdContact></metadata>
