<?xml version="1.0" encoding="UTF-8"?>
<metadata xml:lang="en"><Esri><CreaDate>20180409</CreaDate><CreaTime>13254200</CreaTime><ArcGISFormat>1.0</ArcGISFormat><SyncOnce>TRUE</SyncOnce><DataProperties><lineage><Process ToolSource="c:\program files (x86)\arcgis\desktop10.5\ArcToolbox\Toolboxes\Data Management Tools.tbx\DeleteField" Date="20180409" Time="132542">DeleteField tn_2016 TOTALPOP;WHPOP;PER_WHPOP;BLPOP;PER_BLPOP;OTHERPOP;PER_OTHERP;HISPOP;PER_HISPOP;TOTALPOP18;WHPOP18;BLPOP18;OTHERPOP18;HISPOP18;CCD;county;precinct;matchpre</Process></lineage></DataProperties></Esri></metadata>
