<metadata xml:lang="en"><Esri><CreaDate>20121226</CreaDate><CreaTime>12130100</CreaTime><ArcGISFormat>1.0</ArcGISFormat><ArcGISstyle>FGDC CSDGM Metadata</ArcGISstyle><SyncOnce>FALSE</SyncOnce><DataProperties><itemProps><itemName Sync="TRUE">2012generalresults</itemName><imsContentType Sync="TRUE">002</imsContentType><nativeExtBox><westBL Sync="TRUE">189777.188900</westBL><eastBL Sync="TRUE">761579.938900</eastBL><southBL Sync="TRUE">4816289.640100</southBL><northBL Sync="TRUE">5472414.143700</northBL><exTypeCode Sync="TRUE">1</exTypeCode></nativeExtBox><itemSize Sync="TRUE">16.377</itemSize><itemLocation><linkage Sync="TRUE">file://\\ELECT57\D\GIS\Data\Results\2012\General\2012generalresults.shp</linkage><protocol Sync="TRUE">Local Area Network</protocol></itemLocation></itemProps><coordRef><type Sync="TRUE">Projected</type><geogcsn Sync="TRUE">GCS_North_American_1983</geogcsn><csUnits Sync="TRUE">Linear Unit: Meter (1.000000)</csUnits><projcsn Sync="TRUE">NAD_1983_UTM_Zone_15N</projcsn><peXml Sync="TRUE">&lt;ProjectedCoordinateSystem xsi:type='typens:ProjectedCoordinateSystem' xmlns:xsi='http://www.w3.org/2001/XMLSchema-instance' xmlns:xs='http://www.w3.org/2001/XMLSchema' xmlns:typens='http://www.esri.com/schemas/ArcGIS/10.0'&gt;&lt;WKT&gt;PROJCS[&amp;quot;NAD_1983_UTM_Zone_15N&amp;quot;,GEOGCS[&amp;quot;GCS_North_American_1983&amp;quot;,DATUM[&amp;quot;D_North_American_1983&amp;quot;,SPHEROID[&amp;quot;GRS_1980&amp;quot;,6378137.0,298.257222101]],PRIMEM[&amp;quot;Greenwich&amp;quot;,0.0],UNIT[&amp;quot;Degree&amp;quot;,0.0174532925199433]],PROJECTION[&amp;quot;Transverse_Mercator&amp;quot;],PARAMETER[&amp;quot;False_Easting&amp;quot;,500000.0],PARAMETER[&amp;quot;False_Northing&amp;quot;,0.0],PARAMETER[&amp;quot;Central_Meridian&amp;quot;,-93.0],PARAMETER[&amp;quot;Scale_Factor&amp;quot;,0.9996],PARAMETER[&amp;quot;Latitude_Of_Origin&amp;quot;,0.0],UNIT[&amp;quot;Meter&amp;quot;,1.0],AUTHORITY[&amp;quot;EPSG&amp;quot;,26915]]&lt;/WKT&gt;&lt;XOrigin&gt;-5120900&lt;/XOrigin&gt;&lt;YOrigin&gt;-9998100&lt;/YOrigin&gt;&lt;XYScale&gt;450445547.3910538&lt;/XYScale&gt;&lt;ZOrigin&gt;-100000&lt;/ZOrigin&gt;&lt;ZScale&gt;10000&lt;/ZScale&gt;&lt;MOrigin&gt;-100000&lt;/MOrigin&gt;&lt;MScale&gt;10000&lt;/MScale&gt;&lt;XYTolerance&gt;0.001&lt;/XYTolerance&gt;&lt;ZTolerance&gt;0.001&lt;/ZTolerance&gt;&lt;MTolerance&gt;0.001&lt;/MTolerance&gt;&lt;HighPrecision&gt;true&lt;/HighPrecision&gt;&lt;WKID&gt;26915&lt;/WKID&gt;&lt;/ProjectedCoordinateSystem&gt;</peXml></coordRef></DataProperties><SyncDate>20130124</SyncDate><SyncTime>13501800</SyncTime><ModDate>20130124</ModDate><ModTime>13501800</ModTime><ArcGISProfile>FGDC</ArcGISProfile></Esri><mdLang><languageCode value="eng"/><countryCode value="USA" Sync="TRUE"/></mdLang><mdHrLv><ScopeCd value="005"/></mdHrLv><mdContact xmlns=""><rpIndName>Brad Neuhauser</rpIndName><rpOrgName>Office of the Minnesota Secretary of State, Elections Division</rpOrgName><rpPosName>GIS Specialist</rpPosName><rpCntInfo xmlns=""><cntPhone><voiceNum tddtty="">651-556-0648</voiceNum><faxNum>651-296-9073</faxNum></cntPhone><cntAddress addressType="both"><delPoint>100 Rev. Dr. Martin Luther King, Jr. Blvd.</delPoint><delPoint>Room 180, State Office Building</delPoint><city>Saint Paul</city><adminArea>MN</adminArea><postCode>55155</postCode><country>US</country><eMailAdd>brad.neuhauser@state.mn.us</eMailAdd></cntAddress></rpCntInfo><role><RoleCd value="007"/></role></mdContact><mdDateSt>20121022</mdDateSt><mdStanName>ArcGIS Metadata</mdStanName><mdStanVer>1.0</mdStanVer><dataIdInfo><idCitation xmlns=""><resTitle>2012 General Election Results</resTitle><presForm xmlns=""><PresFormCd value="005"/></presForm><presForm xmlns=""><fgdcGeoform>vector digital data</fgdcGeoform></presForm></idCitation><idAbs>&lt;DIV STYLE="text-align:Left;"&gt;&lt;DIV&gt;&lt;DIV&gt;&lt;P&gt;&lt;SPAN&gt;Minnesota voting precincts used in the 2012 State General election, including for each precinct: election district attributes, voting statistics, and results for all federal offices, state legislative offices, and state consitutional amendments on the ballot&lt;/SPAN&gt;&lt;/P&gt;&lt;/DIV&gt;&lt;/DIV&gt;&lt;/DIV&gt;</idAbs><idPurp>2012 General Election results for the State of Minnesota, for federal and non-judicial state races, by voting precinct</idPurp><idCredit>Office of the Minnesota Secretary of State, U.S. Census Bueau, Dakota County, Hennepin County</idCredit><idPoC xmlns=""><rpIndName>Brad Neuhauser</rpIndName><rpOrgName>Office of the Minnesota Secretary of State, Elections Division</rpOrgName><rpPosName>GIS Specialist</rpPosName><rpCntInfo xmlns=""><cntPhone><voiceNum tddtty="">651-556-0648</voiceNum><faxNum>651-296-9073</faxNum></cntPhone><cntAddress addressType="both"><delPoint>Room 180, State Office Building</delPoint><delPoint>100 Rev. Dr. Martin Luther King Jr. Blvd.</delPoint><city>Saint Paul</city><adminArea>MN</adminArea><postCode>55155</postCode><country>US</country><eMailAdd>brad.neuhauser@state.mn.us</eMailAdd></cntAddress></rpCntInfo><role><RoleCd value="007"/></role></idPoC><resMaint xmlns=""><maintFreq><MaintFreqCd value="011"/></maintFreq></resMaint><placeKeys xmlns=""><keyword>Minnesota, USA</keyword></placeKeys><tempKeys xmlns=""><keyword>2012, post-redistricting</keyword></tempKeys><themeKeys xmlns=""><thesaName><resTitle>ISO 19115 Topic Categories</resTitle></thesaName><keyword>boundaries</keyword></themeKeys><themeKeys xmlns=""><keyword>voting district, voting precinct, precinct, election district, VTD</keyword></themeKeys><searchKeys><keyword>voting district</keyword><keyword>voting precinct</keyword><keyword>precinct</keyword><keyword>election district</keyword><keyword>VTD</keyword><keyword>Minnesota</keyword><keyword>USA</keyword><keyword>2012</keyword><keyword>general election</keyword><keyword>election results</keyword><keyword>boundaries</keyword><keyword>11/6/2012</keyword></searchKeys><resConst xmlns=""><Consts xmlns=""><useLimit>Election results are those certified by the State Canvassing Board. Election statistics are those certified by County Canvassing Boards and reported to the Office of the Secretary of State.

Office of the Minnesota Secretary of State maintains this boundary data as accurately as possible, but cannot assure 100% accuracy. For definitive precinct lines, please contact the jurisdiction (city, township, or county for unorganized territory) in question. To find polling places, use the Secretary of State's Polling Place Finder: http://pollfinder.sos.state.mn.us. Aside from Hennepin and Dakota County precincts, precinct boundaries are based on 2010 U.S. Census blocks, and may not align with current municipal boundaries. Municipal annexations and detachments since January 1, 2010 may not be incorporated into this dataset. Includes election district boundary adjustments made under MS 2.91, subd. 2 and MS 204B.146, subd. 3</useLimit></Consts></resConst><spatRpType><SpatRepTypCd value="001"/></spatRpType><dataLang><languageCode value="eng"/><countryCode value="USA" Sync="TRUE"/></dataLang><envirDesc>Microsoft Windows 7 Version 6.1 (Build 7601) Service Pack 1; ESRI ArcGIS 10.0.3.3600</envirDesc><dataExt xmlns=""><geoEle xmlns=""><GeoBndBox><westBL>-97.269828</westBL><eastBL>-89.398161</eastBL><southBL>43.435244</southBL><northBL>49.404414</northBL></GeoBndBox></geoEle></dataExt><dataChar><CharSetCd value="004"/></dataChar><tpCat><TopicCatCd value="003"/></tpCat><dataExt><geoEle><GeoBndBox esriExtentType="search"><exTypeCode Sync="TRUE">1</exTypeCode><westBL Sync="TRUE">-97.269828</westBL><eastBL Sync="TRUE">-89.398161</eastBL><northBL Sync="TRUE">49.404414</northBL><southBL Sync="TRUE">43.435244</southBL></GeoBndBox></geoEle></dataExt></dataIdInfo><spatRepInfo><VectSpatRep><geometObjs Name="2012generalresults"><geoObjTyp><GeoObjTypCd value="002" Sync="TRUE"></GeoObjTypCd></geoObjTyp><geoObjCnt Sync="TRUE">4102</geoObjCnt></geometObjs><topLvl><TopoLevCd value="001" Sync="TRUE"></TopoLevCd></topLvl></VectSpatRep></spatRepInfo><distInfo xmlns=""><distFormat xmlns=""><formatName Sync="TRUE">Shapefile</formatName></distFormat><distTranOps xmlns=""><transSize Sync="TRUE">16.377</transSize></distTranOps></distInfo><mdHrLvName Sync="TRUE">dataset</mdHrLvName><refSysInfo><RefSystem><refSysID><identCode code="26915" Sync="TRUE" value="26915"/><idCodeSpace Sync="TRUE">EPSG</idCodeSpace><idVersion Sync="TRUE">7.4.1</idVersion></refSysID></RefSystem></refSysInfo><spdoinfo><ptvctinf><esriterm><efeatyp Sync="TRUE">Simple</efeatyp><efeageom code="4" Sync="TRUE"></efeageom><esritopo Sync="TRUE">FALSE</esritopo><efeacnt Sync="TRUE">4102</efeacnt><spindex Sync="TRUE">TRUE</spindex><linrefer Sync="TRUE">FALSE</linrefer></esriterm></ptvctinf></spdoinfo><eainfo><detailed Name="2012generalresults" xmlns=""><enttyp><enttypl Sync="TRUE">2012generalresults</enttypl><enttypt Sync="TRUE">Feature Class</enttypt><enttypc Sync="TRUE">4102</enttypc></enttyp><attr xmlns=""><attrlabl Sync="TRUE">FID</attrlabl><attalias Sync="TRUE">FID</attalias><attrtype Sync="TRUE">OID</attrtype><attwidth Sync="TRUE">4</attwidth><atprecis Sync="TRUE">0</atprecis><attscale Sync="TRUE">0</attscale><attrdef Sync="TRUE">Internal feature number.</attrdef><attrdefs Sync="TRUE">ESRI</attrdefs><attrdomv><udom Sync="TRUE">Sequential unique whole numbers that are automatically generated.</udom></attrdomv></attr><attr xmlns=""><attrlabl Sync="TRUE">Shape</attrlabl><attalias Sync="TRUE">Shape</attalias><attrtype Sync="TRUE">Geometry</attrtype><attwidth Sync="TRUE">0</attwidth><atprecis Sync="TRUE">0</atprecis><attscale Sync="TRUE">0</attscale><attrdef Sync="TRUE">Feature geometry.</attrdef><attrdefs Sync="TRUE">ESRI</attrdefs><attrdomv><udom Sync="TRUE">Coordinates defining the features.</udom></attrdomv></attr><attr xmlns=""><attrlabl Sync="TRUE">VTD</attrlabl><attalias Sync="TRUE">VTD</attalias><attrtype Sync="TRUE">String</attrtype><attwidth Sync="TRUE">15</attwidth><atprecis Sync="TRUE">0</atprecis><attscale Sync="TRUE">0</attscale><attrdef>"Vote Tabulation District"  A concatenation of "27" (state FIPS code)  + county FIPS code + precinct code</attrdef></attr><attr xmlns=""><attrlabl Sync="TRUE">PCTNAME</attrlabl><attalias Sync="TRUE">PCTNAME</attalias><attrtype Sync="TRUE">String</attrtype><attwidth Sync="TRUE">50</attwidth><atprecis Sync="TRUE">0</atprecis><attscale Sync="TRUE">0</attscale><attrdef>Name given to the precinct</attrdef></attr><attr xmlns=""><attrlabl Sync="TRUE">PCTCODE</attrlabl><attalias Sync="TRUE">PCTCODE</attalias><attrtype Sync="TRUE">String</attrtype><attwidth Sync="TRUE">5</attwidth><atprecis Sync="TRUE">0</atprecis><attscale Sync="TRUE">0</attscale><attrdef>Each precinct is assigned a four digit code, unique within each county
</attrdef></attr><attr xmlns=""><attrlabl Sync="TRUE">SHORTLABEL</attrlabl><attalias Sync="TRUE">SHORTLABEL</attalias><attrtype Sync="TRUE">String</attrtype><attwidth Sync="TRUE">50</attwidth><atprecis Sync="TRUE">0</atprecis><attscale Sync="TRUE">0</attscale><attrdef>Shortened precinct name for labeling purposes</attrdef></attr><attr xmlns=""><attrlabl Sync="TRUE">MCDNAME</attrlabl><attalias Sync="TRUE">MCDNAME</attalias><attrtype Sync="TRUE">String</attrtype><attwidth Sync="TRUE">50</attwidth><atprecis Sync="TRUE">0</atprecis><attscale Sync="TRUE">0</attscale><attrdef>Municipality (city or town) that the precinct is in.  For unorganized territories, MCD name may not match the U.S. Census name and/or boundary for an MCD.</attrdef></attr><attr xmlns=""><attrlabl Sync="TRUE">COUNTYNAME</attrlabl><attalias Sync="TRUE">COUNTYNAME</attalias><attrtype Sync="TRUE">String</attrtype><attwidth Sync="TRUE">50</attwidth><atprecis Sync="TRUE">0</atprecis><attscale Sync="TRUE">0</attscale></attr><attr xmlns=""><attrlabl Sync="TRUE">COUNTYCODE</attrlabl><attalias Sync="TRUE">COUNTYCODE</attalias><attrtype Sync="TRUE">Double</attrtype><attwidth Sync="TRUE">19</attwidth><atprecis Sync="TRUE">18</atprecis><attscale Sync="TRUE">11</attscale><attrdef>Minnesota Counties, 1-87</attrdef></attr><attr xmlns=""><attrlabl Sync="TRUE">COUNTYFIPS</attrlabl><attalias Sync="TRUE">COUNTYFIPS</attalias><attrtype Sync="TRUE">SmallInteger</attrtype><attwidth Sync="TRUE">4</attwidth><atprecis Sync="TRUE">4</atprecis><attscale Sync="TRUE">0</attscale></attr><attr xmlns=""><attrlabl Sync="TRUE">CONGDIST</attrlabl><attalias Sync="TRUE">CONGDIST</attalias><attrtype Sync="TRUE">String</attrtype><attwidth Sync="TRUE">2</attwidth><atprecis Sync="TRUE">0</atprecis><attscale Sync="TRUE">0</attscale><attrdef>U.S. Congressional District, 1-8</attrdef></attr><attr xmlns=""><attrlabl Sync="TRUE">MNSENDIST</attrlabl><attalias Sync="TRUE">MNSENDIST</attalias><attrtype Sync="TRUE">String</attrtype><attwidth Sync="TRUE">254</attwidth><atprecis Sync="TRUE">0</atprecis><attscale Sync="TRUE">0</attscale><attrdef>Minnesota Senate District, 1-67</attrdef></attr><attr xmlns=""><attrlabl Sync="TRUE">MNLEGDIST</attrlabl><attalias Sync="TRUE">MNLEGDIST</attalias><attrtype Sync="TRUE">String</attrtype><attwidth Sync="TRUE">254</attwidth><atprecis Sync="TRUE">0</atprecis><attscale Sync="TRUE">0</attscale><attrdef>Minnesota Legislative District.  Two Legislative Districts nest within each Minnesota Senate District.  For example, Legislative Districts 1A and 1B together compose Senate District 1.  There are 67 Senate Districts and 134 Legislative Districts</attrdef></attr><attr xmlns=""><attrlabl Sync="TRUE">CTYCOMDIST</attrlabl><attalias Sync="TRUE">CTYCOMDIST</attalias><attrtype Sync="TRUE">String</attrtype><attwidth Sync="TRUE">3</attwidth><atprecis Sync="TRUE">0</atprecis><attscale Sync="TRUE">0</attscale><attrdef>County Commissioner District.  Most counties have 5.  Anoka, Dakota, Hennepin, Olmsted, Ramsey, and St. Louis have 7.</attrdef></attr><attr xmlns=""><attrlabl Sync="TRUE">JUDDIST</attrlabl><attalias Sync="TRUE">JUDDIST</attalias><attrtype Sync="TRUE">String</attrtype><attwidth Sync="TRUE">3</attwidth><atprecis Sync="TRUE">0</atprecis><attscale Sync="TRUE">0</attscale><attrdef>Judicial Districts, 1-10.  Are divided on a county-wide basis.</attrdef></attr><attr xmlns=""><attrlabl Sync="TRUE">SWCDIST</attrlabl><attalias Sync="TRUE">SWCDIST</attalias><attrtype Sync="TRUE">String</attrtype><attwidth Sync="TRUE">254</attwidth><atprecis Sync="TRUE">0</atprecis><attscale Sync="TRUE">0</attscale><attrdef>Soil and Water Conservation Districts.  In most counties one SWCD covers the whole county.  Otter Tail, Polk and St. Louis counties have two SWCD each.  Washington County is the only county where SWCD supervisors are elected by district, not county-wide. </attrdef></attr><attr xmlns=""><attrlabl Sync="TRUE">PARKDIST</attrlabl><attalias Sync="TRUE">PARKDIST</attalias><attrtype Sync="TRUE">String</attrtype><attwidth Sync="TRUE">12</attwidth><atprecis Sync="TRUE">0</atprecis><attscale Sync="TRUE">0</attscale><attrdef>Park District, There are only two: Minneapolis and Three Rivers (Hennepin County outside of Minneapolis)</attrdef></attr><attr xmlns=""><attrlabl Sync="TRUE">HOSPDIST</attrlabl><attalias Sync="TRUE">HOSPDIST</attalias><attrtype Sync="TRUE">String</attrtype><attwidth Sync="TRUE">5</attwidth><atprecis Sync="TRUE">0</atprecis><attscale Sync="TRUE">0</attscale><attrdef>Hospital Districts
310 - Canby Community
320 - Cannon Falls
340 - Cook County
350 - Cuyuna Range
360 - Cook-Orr
410 - Dawson Area
710 - Glacial Ridge
720 - Lakewood
1320 - Milaca Area
1330 - Monticello-Big Lake Community
1340 - Moose Lake Community
1410 - North Pine Area
1420 - North Suburban
1430 - Northern Itasca
1620 - Paynesville Area
1640 - Perham
2110 - United</attrdef></attr><attr xmlns=""><attrlabl Sync="TRUE">WARD</attrlabl><attalias Sync="TRUE">WARD</attalias><attrtype Sync="TRUE">String</attrtype><attwidth Sync="TRUE">10</attwidth><atprecis Sync="TRUE">0</atprecis><attscale Sync="TRUE">0</attscale><attrdef>City Ward (if applicable)</attrdef></attr><attr xmlns=""><attrlabl Sync="TRUE">TABSYSTEM</attrlabl><attalias Sync="TRUE">TABSYSTEM</attalias><attrtype Sync="TRUE">String</attrtype><attwidth Sync="TRUE">254</attwidth><atprecis Sync="TRUE">0</atprecis><attscale Sync="TRUE">0</attscale><attrdef>Vote Tabulating System used for the Polling Place</attrdef></attr><attr xmlns=""><attrlabl Sync="TRUE">TABMODEL</attrlabl><attalias Sync="TRUE">TABMODEL</attalias><attrtype Sync="TRUE">String</attrtype><attwidth Sync="TRUE">254</attwidth><atprecis Sync="TRUE">0</atprecis><attscale Sync="TRUE">0</attscale><attrdef>Vote Tabulating Equipment used for the Polling Place</attrdef></attr><attr xmlns=""><attrlabl Sync="TRUE">MAILBALLOT</attrlabl><attalias Sync="TRUE">MAILBALLOT</attalias><attrtype Sync="TRUE">String</attrtype><attwidth Sync="TRUE">254</attwidth><atprecis Sync="TRUE">0</atprecis><attscale Sync="TRUE">0</attscale><attrdef>Precincts using mail balloting</attrdef></attr><attr xmlns=""><attrlabl Sync="TRUE">REG7AM</attrlabl><attalias Sync="TRUE">REG7AM</attalias><attrtype Sync="TRUE">Double</attrtype><attwidth Sync="TRUE">16</attwidth><atprecis Sync="TRUE">15</atprecis><attscale Sync="TRUE">6</attscale><attrdef>Number of voters registered in precinct as of 7AM on election day (pre-registered voters)</attrdef></attr><attr xmlns=""><attrlabl Sync="TRUE">EDR</attrlabl><attalias Sync="TRUE">EDR</attalias><attrtype Sync="TRUE">Double</attrtype><attwidth Sync="TRUE">16</attwidth><atprecis Sync="TRUE">15</atprecis><attscale Sync="TRUE">6</attscale><attrdef>Number of voters registering in the polling place on election day</attrdef></attr><attr xmlns=""><attrlabl Sync="TRUE">SIGNATURES</attrlabl><attalias Sync="TRUE">SIGNATURES</attalias><attrtype Sync="TRUE">Double</attrtype><attwidth Sync="TRUE">16</attwidth><atprecis Sync="TRUE">15</atprecis><attscale Sync="TRUE">6</attscale><attrdef>Number of people voting at the polling place in person (signatures on roster), or voting via mail ballot in those precincts</attrdef></attr><attr xmlns=""><attrlabl Sync="TRUE">REGMILOVAB</attrlabl><attalias Sync="TRUE">REGMILOVAB</attalias><attrtype Sync="TRUE">Double</attrtype><attwidth Sync="TRUE">16</attwidth><atprecis Sync="TRUE">15</atprecis><attscale Sync="TRUE">6</attscale><attrdef>Regular, and Uniformed and Temporarily Overseas Citizens' absentee ballots accepted</attrdef></attr><attr xmlns=""><attrlabl Sync="TRUE">FEDONLYAB</attrlabl><attalias Sync="TRUE">FEDONLYAB</attalias><attrtype Sync="TRUE">Double</attrtype><attwidth Sync="TRUE">16</attwidth><atprecis Sync="TRUE">15</atprecis><attscale Sync="TRUE">6</attscale><attrdef>Absentee ballots with federal offices only accepted (by citizens who are permanently or indefinitely overseas)</attrdef></attr><attr xmlns=""><attrlabl Sync="TRUE">PRESONLYAB</attrlabl><attalias Sync="TRUE">PRESONLYAB</attalias><attrtype Sync="TRUE">Double</attrtype><attwidth Sync="TRUE">16</attwidth><atprecis Sync="TRUE">15</atprecis><attscale Sync="TRUE">6</attscale><attrdef>Absentee ballots cast for president only (by people who moved out of Minnesota within 30 days of the election)</attrdef></attr><attr xmlns=""><attrlabl Sync="TRUE">TOTVOTING</attrlabl><attalias Sync="TRUE">TOTVOTING</attalias><attrtype Sync="TRUE">Double</attrtype><attwidth Sync="TRUE">16</attwidth><atprecis Sync="TRUE">15</atprecis><attscale Sync="TRUE">6</attscale><attrdef>Number of voters casting ballots</attrdef></attr><attr xmlns=""><attrlabl Sync="TRUE">USPRSR</attrlabl><attalias Sync="TRUE">USPRSR</attalias><attrtype Sync="TRUE">Double</attrtype><attwidth Sync="TRUE">16</attwidth><atprecis Sync="TRUE">15</atprecis><attscale Sync="TRUE">6</attscale><attrdef>US President Republican Party candidate votes (MITT ROMNEY AND PAUL RYAN)</attrdef></attr><attr xmlns=""><attrlabl Sync="TRUE">USPRSDFL</attrlabl><attalias Sync="TRUE">USPRSDFL</attalias><attrtype Sync="TRUE">Double</attrtype><attwidth Sync="TRUE">16</attwidth><atprecis Sync="TRUE">15</atprecis><attscale Sync="TRUE">6</attscale><attrdef>US President Democratic-Farmer-Labor Party candidate votes (BARACK OBAMA AND JOE BIDEN)</attrdef></attr><attr xmlns=""><attrlabl Sync="TRUE">USPRSLIB</attrlabl><attalias Sync="TRUE">USPRSLIB</attalias><attrtype Sync="TRUE">Double</attrtype><attwidth Sync="TRUE">16</attwidth><atprecis Sync="TRUE">15</atprecis><attscale Sync="TRUE">6</attscale><attrdef>US President Libertarian Party candidate votes (GARY JOHNSON AND JIM GRAY)</attrdef></attr><attr xmlns=""><attrlabl Sync="TRUE">USPRSSWP</attrlabl><attalias Sync="TRUE">USPRSSWP</attalias><attrtype Sync="TRUE">Double</attrtype><attwidth Sync="TRUE">16</attwidth><atprecis Sync="TRUE">15</atprecis><attscale Sync="TRUE">6</attscale><attrdef>US President Socialist Workers Party candidate votes (JAMES HARRIS AND MAURA DELUCA)</attrdef></attr><attr xmlns=""><attrlabl Sync="TRUE">USPRSCP</attrlabl><attalias Sync="TRUE">USPRSCP</attalias><attrtype Sync="TRUE">Double</attrtype><attwidth Sync="TRUE">16</attwidth><atprecis Sync="TRUE">15</atprecis><attscale Sync="TRUE">6</attscale><attrdef>US President Constitution Party candidate votes (VIRGIL GOODE AND JIM CLYMER)</attrdef></attr><attr xmlns=""><attrlabl Sync="TRUE">USPRSCG</attrlabl><attalias Sync="TRUE">USPRSCG</attalias><attrtype Sync="TRUE">Double</attrtype><attwidth Sync="TRUE">16</attwidth><atprecis Sync="TRUE">15</atprecis><attscale Sync="TRUE">6</attscale><attrdef>US President Constitutional Government Party candidate votes (DEAN MORSTAD AND JOSH FRANKE-HYLAND)</attrdef></attr><attr xmlns=""><attrlabl Sync="TRUE">USPRSGP</attrlabl><attalias Sync="TRUE">USPRSGP</attalias><attrtype Sync="TRUE">Double</attrtype><attwidth Sync="TRUE">16</attwidth><atprecis Sync="TRUE">15</atprecis><attscale Sync="TRUE">6</attscale><attrdef>US President Green Party candidate votes (JILL STEIN AND CHERI HONKALA)</attrdef></attr><attr xmlns=""><attrlabl Sync="TRUE">USPRSGR</attrlabl><attalias Sync="TRUE">USPRSGR</attalias><attrtype Sync="TRUE">Double</attrtype><attwidth Sync="TRUE">16</attwidth><atprecis Sync="TRUE">15</atprecis><attscale Sync="TRUE">6</attscale><attrdef>US President Grassroots Party candidate votes (JIM CARLSON AND GEORGE MCMAHON)</attrdef></attr><attr xmlns=""><attrlabl Sync="TRUE">USPRSSL</attrlabl><attalias Sync="TRUE">USPRSSL</attalias><attrtype Sync="TRUE">Double</attrtype><attwidth Sync="TRUE">16</attwidth><atprecis Sync="TRUE">15</atprecis><attscale Sync="TRUE">6</attscale><attrdef>US President Socialism and Liberation Party candidate votes (PETA LINDSAY AND YARI OSORIO)</attrdef></attr><attr xmlns=""><attrlabl Sync="TRUE">USPRSJP</attrlabl><attalias Sync="TRUE">USPRSJP</attalias><attrtype Sync="TRUE">Double</attrtype><attwidth Sync="TRUE">16</attwidth><atprecis Sync="TRUE">15</atprecis><attscale Sync="TRUE">6</attscale><attrdef>US President Justice Party candidate votes (ROSS C. "ROCKY" ANDERSON AND LUIS J. RODRIGUEZ)</attrdef></attr><attr xmlns=""><attrlabl Sync="TRUE">USPRSWI</attrlabl><attalias Sync="TRUE">USPRSWI</attalias><attrtype Sync="TRUE">Double</attrtype><attwidth Sync="TRUE">16</attwidth><atprecis Sync="TRUE">15</atprecis><attscale Sync="TRUE">6</attscale><attrdef>US President Write In candidate votes--includes registered and non-registered write-ins</attrdef></attr><attr xmlns=""><attrlabl Sync="TRUE">USPRSTOTAL</attrlabl><attalias Sync="TRUE">USPRSTOTAL</attalias><attrtype Sync="TRUE">Double</attrtype><attwidth Sync="TRUE">16</attwidth><atprecis Sync="TRUE">15</atprecis><attscale Sync="TRUE">6</attscale><attrdef>US President total votes</attrdef></attr><attr xmlns=""><attrlabl Sync="TRUE">USSENIP</attrlabl><attalias Sync="TRUE">USSENIP</attalias><attrtype Sync="TRUE">Double</attrtype><attwidth Sync="TRUE">16</attwidth><atprecis Sync="TRUE">15</atprecis><attscale Sync="TRUE">6</attscale><attrdef>US Senator Independence Party candidate votes (STEPHEN WILLIAMS)</attrdef></attr><attr xmlns=""><attrlabl Sync="TRUE">USSENR</attrlabl><attalias Sync="TRUE">USSENR</attalias><attrtype Sync="TRUE">Double</attrtype><attwidth Sync="TRUE">16</attwidth><atprecis Sync="TRUE">15</atprecis><attscale Sync="TRUE">6</attscale><attrdef>US Senator Republican Party candidate votes (KURT BILLS)</attrdef></attr><attr xmlns=""><attrlabl Sync="TRUE">USSENDFL</attrlabl><attalias Sync="TRUE">USSENDFL</attalias><attrtype Sync="TRUE">Double</attrtype><attwidth Sync="TRUE">16</attwidth><atprecis Sync="TRUE">15</atprecis><attscale Sync="TRUE">6</attscale><attrdef>US Senator Democratic-Farmer-Labor Party candidate votes (AMY KLOBUCHAR)</attrdef></attr><attr xmlns=""><attrlabl Sync="TRUE">USSENGR</attrlabl><attalias Sync="TRUE">USSENGR</attalias><attrtype Sync="TRUE">Double</attrtype><attwidth Sync="TRUE">16</attwidth><atprecis Sync="TRUE">15</atprecis><attscale Sync="TRUE">6</attscale><attrdef>US Senator Grassroots Party candidate votes (TIM DAVIS)</attrdef></attr><attr xmlns=""><attrlabl Sync="TRUE">USSENMOP</attrlabl><attalias Sync="TRUE">USSENMOP</attalias><attrtype Sync="TRUE">Double</attrtype><attwidth Sync="TRUE">16</attwidth><atprecis Sync="TRUE">15</atprecis><attscale Sync="TRUE">6</attscale><attrdef>US Senator Minnesota Open Progressives Party candidate votes (MICHAEL CAVLAN)</attrdef></attr><attr xmlns=""><attrlabl Sync="TRUE">USSENWI</attrlabl><attalias Sync="TRUE">USSENWI</attalias><attrtype Sync="TRUE">Double</attrtype><attwidth Sync="TRUE">16</attwidth><atprecis Sync="TRUE">15</atprecis><attscale Sync="TRUE">6</attscale><attrdef>US Senator Write In candidate votes--includes registered and non-registered write-ins</attrdef></attr><attr xmlns=""><attrlabl Sync="TRUE">USSENTOTAL</attrlabl><attalias Sync="TRUE">USSENTOTAL</attalias><attrtype Sync="TRUE">Double</attrtype><attwidth Sync="TRUE">16</attwidth><atprecis Sync="TRUE">15</atprecis><attscale Sync="TRUE">6</attscale><attrdef>US Senator total votes</attrdef></attr><attr xmlns=""><attrlabl Sync="TRUE">USREPIP</attrlabl><attalias Sync="TRUE">USREPIP</attalias><attrtype Sync="TRUE">Double</attrtype><attwidth Sync="TRUE">16</attwidth><atprecis Sync="TRUE">15</atprecis><attscale Sync="TRUE">6</attscale><attrdef>US Representative Independence Party candidate votes</attrdef></attr><attr xmlns=""><attrlabl Sync="TRUE">USREPR</attrlabl><attalias Sync="TRUE">USREPR</attalias><attrtype Sync="TRUE">Double</attrtype><attwidth Sync="TRUE">16</attwidth><atprecis Sync="TRUE">15</atprecis><attscale Sync="TRUE">6</attscale><attrdef>US Representative Republican Party candidate votes</attrdef></attr><attr xmlns=""><attrlabl Sync="TRUE">USREPDFL</attrlabl><attalias Sync="TRUE">USREPDFL</attalias><attrtype Sync="TRUE">Double</attrtype><attwidth Sync="TRUE">16</attwidth><atprecis Sync="TRUE">15</atprecis><attscale Sync="TRUE">6</attscale><attrdef>US Representative Democratic-Farmer-Labor Party candidate votes</attrdef></attr><attr xmlns=""><attrlabl Sync="TRUE">USREPWI</attrlabl><attalias Sync="TRUE">USREPWI</attalias><attrtype Sync="TRUE">Double</attrtype><attwidth Sync="TRUE">16</attwidth><atprecis Sync="TRUE">15</atprecis><attscale Sync="TRUE">6</attscale><attrdef>US Representative Write In candidate votes--includes registered and non-registered write-ins</attrdef></attr><attr xmlns=""><attrlabl Sync="TRUE">USREPTOTAL</attrlabl><attalias Sync="TRUE">USREPTOTAL</attalias><attrtype Sync="TRUE">Double</attrtype><attwidth Sync="TRUE">16</attwidth><atprecis Sync="TRUE">15</atprecis><attscale Sync="TRUE">6</attscale><attrdef>US Representative total votes</attrdef></attr><attr xmlns=""><attrlabl Sync="TRUE">MNSENIP</attrlabl><attalias Sync="TRUE">MNSENIP</attalias><attrtype Sync="TRUE">Double</attrtype><attwidth Sync="TRUE">16</attwidth><atprecis Sync="TRUE">15</atprecis><attscale Sync="TRUE">6</attscale><attrdef>MN Senator Independence Party candidate votes</attrdef></attr><attr xmlns=""><attrlabl Sync="TRUE">MNSENR</attrlabl><attalias Sync="TRUE">MNSENR</attalias><attrtype Sync="TRUE">Double</attrtype><attwidth Sync="TRUE">16</attwidth><atprecis Sync="TRUE">15</atprecis><attscale Sync="TRUE">6</attscale><attrdef>MN Senator Republican Party candidate votes</attrdef></attr><attr xmlns=""><attrlabl Sync="TRUE">MNSENDFL</attrlabl><attalias Sync="TRUE">MNSENDFL</attalias><attrtype Sync="TRUE">Double</attrtype><attwidth Sync="TRUE">16</attwidth><atprecis Sync="TRUE">15</atprecis><attscale Sync="TRUE">6</attscale><attrdef>MN Senator Democratic-Farmer-Labor Party candidate votes</attrdef></attr><attr xmlns=""><attrlabl Sync="TRUE">MNSENWI</attrlabl><attalias Sync="TRUE">MNSENWI</attalias><attrtype Sync="TRUE">Double</attrtype><attwidth Sync="TRUE">16</attwidth><atprecis Sync="TRUE">15</atprecis><attscale Sync="TRUE">6</attscale><attrdef>MN Senator Write In candidate votes--includes registered and non-registered write-ins</attrdef></attr><attr xmlns=""><attrlabl Sync="TRUE">MNSENTOTAL</attrlabl><attalias Sync="TRUE">MNSENTOTAL</attalias><attrtype Sync="TRUE">Double</attrtype><attwidth Sync="TRUE">16</attwidth><atprecis Sync="TRUE">15</atprecis><attscale Sync="TRUE">6</attscale><attrdef>MN Senator total votes</attrdef></attr><attr xmlns=""><attrlabl Sync="TRUE">MNLEGIP</attrlabl><attalias Sync="TRUE">MNLEGIP</attalias><attrtype Sync="TRUE">Double</attrtype><attwidth Sync="TRUE">16</attwidth><atprecis Sync="TRUE">15</atprecis><attscale Sync="TRUE">6</attscale><attrdef>MN Representative Independence Party candidate votes</attrdef></attr><attr xmlns=""><attrlabl Sync="TRUE">MNLEGR</attrlabl><attalias Sync="TRUE">MNLEGR</attalias><attrtype Sync="TRUE">Double</attrtype><attwidth Sync="TRUE">16</attwidth><atprecis Sync="TRUE">15</atprecis><attscale Sync="TRUE">6</attscale><attrdef>MN Representative Republican Party candidate votes</attrdef></attr><attr xmlns=""><attrlabl Sync="TRUE">MNLEGDFL</attrlabl><attalias Sync="TRUE">MNLEGDFL</attalias><attrtype Sync="TRUE">Double</attrtype><attwidth Sync="TRUE">16</attwidth><atprecis Sync="TRUE">15</atprecis><attscale Sync="TRUE">6</attscale><attrdef>MN Representative Democratic-Farmer-Labor Party candidate votes</attrdef></attr><attr xmlns=""><attrlabl Sync="TRUE">MNLEGWI</attrlabl><attalias Sync="TRUE">MNLEGWI</attalias><attrtype Sync="TRUE">Double</attrtype><attwidth Sync="TRUE">16</attwidth><atprecis Sync="TRUE">15</atprecis><attscale Sync="TRUE">6</attscale><attrdef>MN Representative Write In candidate votes--includes registered and non-registered write-ins</attrdef></attr><attr xmlns=""><attrlabl Sync="TRUE">MNLEGTOTAL</attrlabl><attalias Sync="TRUE">MNLEGTOTAL</attalias><attrtype Sync="TRUE">Double</attrtype><attwidth Sync="TRUE">16</attwidth><atprecis Sync="TRUE">15</atprecis><attscale Sync="TRUE">6</attscale><attrdef>MN Representative total votes</attrdef></attr><attr xmlns=""><attrlabl Sync="TRUE">MNCA1YES</attrlabl><attalias Sync="TRUE">MNCA1YES</attalias><attrtype Sync="TRUE">Double</attrtype><attwidth Sync="TRUE">16</attwidth><atprecis Sync="TRUE">15</atprecis><attscale Sync="TRUE">6</attscale><attrdef>Constitutional Amendment 1 (Marriage) Yes votes</attrdef></attr><attr xmlns=""><attrlabl Sync="TRUE">MNCA1NO</attrlabl><attalias Sync="TRUE">MNCA1NO</attalias><attrtype Sync="TRUE">Double</attrtype><attwidth Sync="TRUE">16</attwidth><atprecis Sync="TRUE">15</atprecis><attscale Sync="TRUE">6</attscale><attrdef>Constitutional Amendment 1 (Marriage) No votes</attrdef></attr><attr xmlns=""><attrlabl Sync="TRUE">MNCA1EST</attrlabl><attalias Sync="TRUE">MNCA1EST</attalias><attrtype Sync="TRUE">Double</attrtype><attwidth Sync="TRUE">16</attwidth><atprecis Sync="TRUE">15</atprecis><attscale Sync="TRUE">6</attscale><attrdef>Constitutional Amendment 1 (Marriage) Estimated Blanks</attrdef></attr><attr xmlns=""><attrlabl Sync="TRUE">MNCA1TOTAL</attrlabl><attalias Sync="TRUE">MNCA1TOTAL</attalias><attrtype Sync="TRUE">Double</attrtype><attwidth Sync="TRUE">16</attwidth><atprecis Sync="TRUE">15</atprecis><attscale Sync="TRUE">6</attscale><attrdef>Constitutional Amendment 1 (Marriage) Total votes (=TOTVOTING)</attrdef></attr><attr xmlns=""><attrlabl Sync="TRUE">MNCA2YES</attrlabl><attalias Sync="TRUE">MNCA2YES</attalias><attrtype Sync="TRUE">Double</attrtype><attwidth Sync="TRUE">16</attwidth><atprecis Sync="TRUE">15</atprecis><attscale Sync="TRUE">6</attscale><attrdef>Constitutional Amendment 2 (Voter ID) Yes votes</attrdef></attr><attr xmlns=""><attrlabl Sync="TRUE">MNCA2NO</attrlabl><attalias Sync="TRUE">MNCA2NO</attalias><attrtype Sync="TRUE">Double</attrtype><attwidth Sync="TRUE">16</attwidth><atprecis Sync="TRUE">15</atprecis><attscale Sync="TRUE">6</attscale><attrdef>Constitutional Amendment 2 (Voter ID) No votes</attrdef></attr><attr xmlns=""><attrlabl Sync="TRUE">MNCA2EST</attrlabl><attalias Sync="TRUE">MNCA2EST</attalias><attrtype Sync="TRUE">Double</attrtype><attwidth Sync="TRUE">16</attwidth><atprecis Sync="TRUE">15</atprecis><attscale Sync="TRUE">6</attscale><attrdef>Constitutional Amendment 2 (Voter ID) Estimated Blanks</attrdef></attr><attr xmlns=""><attrlabl Sync="TRUE">MNCA2TOTAL</attrlabl><attalias Sync="TRUE">MNCA2TOTAL</attalias><attrtype Sync="TRUE">Double</attrtype><attwidth Sync="TRUE">16</attwidth><atprecis Sync="TRUE">15</atprecis><attscale Sync="TRUE">6</attscale><attrdef>Constitutional Amendment 2 (Voter ID) Total votes (=TOTVOTING)</attrdef></attr></detailed></eainfo><mdChar><CharSetCd value="004"/></mdChar><mdMaint xmlns=""><maintFreq><MaintFreqCd value="011"/></maintFreq></mdMaint></metadata>
