<?xml version="1.0" encoding="UTF-8"?>
<metadata xml:lang="en"><Esri><CreaDate>20120413</CreaDate><CreaTime>11091500</CreaTime><ArcGISFormat>1.0</ArcGISFormat><ArcGISstyle>FGDC CSDGM Metadata</ArcGISstyle><SyncOnce>FALSE</SyncOnce><DataProperties><lineage><Process ToolSource="C:\Program Files (x86)\ArcGIS\Desktop10.0\ArcToolbox\Toolboxes\Data Management Tools.tbx\CalculateField" Date="20110324" Time="134718" Name="" export="">CalculateField SGID93.POLITICAL.VistaBallotAreas CountyID 20 VB #</Process><Process ToolSource="C:\Program Files (x86)\ArcGIS\Desktop10.0\ArcToolbox\Toolboxes\Data Management Tools.tbx\CalculateField" Date="20110324" Time="134732" Name="" export="">CalculateField SGID93.POLITICAL.VistaBallotAreas PrecinctID [PrecinctID] VB #</Process><Process ToolSource="C:\Program Files (x86)\ArcGIS\Desktop10.0\ArcToolbox\Toolboxes\Data Management Tools.tbx\CalculateField" Date="20110324" Time="134745" Name="" export="">CalculateField SGID93.POLITICAL.VistaBallotAreas PrecinctID [VistaID] VB #</Process><Process ToolSource="C:\Program Files (x86)\ArcGIS\Desktop10.0\ArcToolbox\Toolboxes\Data Management Tools.tbx\CalculateField" Date="20110324" Time="134758" Name="" export="">CalculateField SGID93.POLITICAL.VistaBallotAreas VersionNbr "Current" VB #</Process><Process ToolSource="C:\Program Files (x86)\ArcGIS\Desktop10.0\ArcToolbox\Toolboxes\Data Management Tools.tbx\CalculateField" Date="20110324" Time="134810" Name="" export="">CalculateField SGID93.POLITICAL.VistaBallotAreas EffectiveDate "1/1/2011" VB #</Process><Process ToolSource="C:\Program Files (x86)\ArcGIS\Desktop10.0\ArcToolbox\Toolboxes\Data Management Tools.tbx\CalculateField" Date="20110324" Time="134830" Name="" export="">CalculateField SGID93.POLITICAL.VistaBallotAreas Comments "wayne" VB #</Process><Process ToolSource="C:\Program Files (x86)\ArcGIS\Desktop10.0\ArcToolbox\Toolboxes\Data Management Tools.tbx\CalculateField" Date="20110324" Time="134919" Name="" export="">CalculateField SGID93.POLITICAL.VistaBallotAreas EffectiveDate "10/01/2010" VB #</Process><Process ToolSource="C:\Program Files (x86)\ArcGIS\Desktop10.0\ArcToolbox\Toolboxes\Data Management Tools.tbx\CalculateField" Date="20110324" Time="134932" Name="" export="">CalculateField SGID93.POLITICAL.VistaBallotAreas RcvdDate "3/23/11" VB #</Process><Process ToolSource="C:\Program Files (x86)\ArcGIS\Desktop10.0\ArcToolbox\Toolboxes\Data Management Tools.tbx\ChangePrivileges" Date="20110324" Time="135849" Name="" export="">ChangePrivileges 'Database Connections\DC_Political@SGID93@gdb93.agrc.utah.gov.sde\SGID93.POLITICAL.VistaBallotAreas' AGRC GRANT #</Process><Process ToolSource="C:\Program Files (x86)\ArcGIS\Desktop10.0\ArcToolbox\Toolboxes\Data Management Tools.tbx\CalculateField" Date="20110328" Time="102446" Name="" export="">CalculateField SGID93.POLITICAL.VistaBallotAreas CountyID 26 VB #</Process><Process ToolSource="C:\Program Files (x86)\ArcGIS\Desktop10.0\ArcToolbox\Toolboxes\Data Management Tools.tbx\CalculateField" Date="20110328" Time="102553" Name="" export="">CalculateField SGID93.POLITICAL.VistaBallotAreas CountyID 23 VB #</Process><Process ToolSource="C:\Program Files (x86)\ArcGIS\Desktop10.0\ArcToolbox\Toolboxes\Data Management Tools.tbx\CalculateField" Date="20110328" Time="102619" Name="" export="">CalculateField SGID93.POLITICAL.VistaBallotAreas EffectiveDate "1/1/2011" VB #</Process><Process ToolSource="C:\Program Files (x86)\ArcGIS\Desktop10.0\ArcToolbox\Toolboxes\Data Management Tools.tbx\CalculateField" Date="20110328" Time="102640" Name="" export="">CalculateField SGID93.POLITICAL.VistaBallotAreas RcvdDate "3/25/2011" VB #</Process><Process ToolSource="C:\Program Files (x86)\ArcGIS\Desktop10.0\ArcToolbox\Toolboxes\Data Management Tools.tbx\CalculateField" Date="20110328" Time="102716" Name="" export="">CalculateField SGID93.POLITICAL.VistaBallotAreas Comments "mcaldwell" VB #</Process><Process ToolSource="C:\Program Files (x86)\ArcGIS\Desktop10.0\ArcToolbox\Toolboxes\Data Management Tools.tbx\CalculateField" Date="20110328" Time="102748" Name="" export="">CalculateField SGID93.POLITICAL.VistaBallotAreas Comments "ispencer" VB #</Process><Process ToolSource="C:\Program Files (x86)\ArcGIS\Desktop10.0\ArcToolbox\Toolboxes\Data Management Tools.tbx\CalculateField" Date="20110328" Time="102805" Name="" export="">CalculateField SGID93.POLITICAL.VistaBallotAreas AliasName null VB #</Process><Process ToolSource="C:\Program Files (x86)\ArcGIS\Desktop10.0\ArcToolbox\Toolboxes\Data Management Tools.tbx\CalculateField" Date="20110328" Time="102827" Name="" export="">CalculateField SGID93.POLITICAL.VistaBallotAreas RcvdDate "03/18/2011" VB #</Process><Process ToolSource="C:\Program Files (x86)\ArcGIS\Desktop10.0\ArcToolbox\Toolboxes\Data Management Tools.tbx\CalculateField" Date="20110328" Time="103451" Name="" export="">CalculateField SGID93.POLITICAL.VistaBallotAreas AliasName [VistaID] VB #</Process><Process ToolSource="C:\Program Files (x86)\ArcGIS\Desktop10.0\ArcToolbox\Toolboxes\Data Management Tools.tbx\CalculateField" Date="20110328" Time="103507" Name="" export="">CalculateField SGID93.POLITICAL.VistaBallotAreas CountyID 4 VB #</Process><Process ToolSource="C:\Program Files (x86)\ArcGIS\Desktop10.0\ArcToolbox\Toolboxes\Data Management Tools.tbx\CalculateField" Date="20110328" Time="103516" Name="" export="">CalculateField SGID93.POLITICAL.VistaBallotAreas SubPrecinctID null VB #</Process><Process ToolSource="C:\Program Files (x86)\ArcGIS\Desktop10.0\ArcToolbox\Toolboxes\Data Management Tools.tbx\CalculateField" Date="20110328" Time="103538" Name="" export="">CalculateField SGID93.POLITICAL.VistaBallotAreas RcvdDate "3/25/2011" VB #</Process><Process ToolSource="C:\Program Files (x86)\ArcGIS\Desktop10.0\ArcToolbox\Toolboxes\Data Management Tools.tbx\CalculateField" Date="20110328" Time="103626" Name="" export="">CalculateField SGID93.POLITICAL.VistaBallotAreas Comments "mellissa.lasslo"
 VB #</Process><Process ToolSource="C:\Program Files (x86)\ArcGIS\Desktop10.0\ArcToolbox\Toolboxes\Data Management Tools.tbx\CalculateField" Date="20110328" Time="103730" Name="" export="">CalculateField SGID93.POLITICAL.VistaBallotAreas VistaID [PrecinctID] VB #</Process><Process ToolSource="C:\Program Files (x86)\ArcGIS\Desktop10.0\ArcToolbox\Toolboxes\Data Management Tools.tbx\CalculateField" Date="20110328" Time="103845" Name="" export="">CalculateField SGID93.POLITICAL.VistaBallotAreas AliasName replace([AliasName], [PrecinctID]," " &amp; [PrecinctID] )
 VB #</Process><Process ToolSource="C:\Program Files (x86)\ArcGIS\Desktop10.0\ArcToolbox\Toolboxes\Data Management Tools.tbx\CalculateField" Date="20110329" Time="141103" Name="" export="">CalculateField SGID93.POLITICAL.VistaBallotAreas RcvdDate "03/29/2011" VB #</Process><Process ToolSource="C:\Program Files (x86)\ArcGIS\Desktop10.0\ArcToolbox\Toolboxes\Data Management Tools.tbx\CalculateField" Date="20110329" Time="141137" Name="" export="">CalculateField SGID93.POLITICAL.VistaBallotAreas Comments "clinton" VB #</Process><Process ToolSource="C:\Program Files (x86)\ArcGIS\Desktop10.0\ArcToolbox\Toolboxes\Data Management Tools.tbx\CalculateField" Date="20110329" Time="141350" Name="" export="">CalculateField SGID93.POLITICAL.VistaBallotAreas VistaID replace( [VistaID],":0",":") VB #</Process><Process ToolSource="C:\Program Files (x86)\ArcGIS\Desktop10.0\ArcToolbox\Toolboxes\Data Management Tools.tbx\CalculateField" Date="20110329" Time="141432" Name="" export="">CalculateField SGID93.POLITICAL.VistaBallotAreas AliasName [VistaID] VB #</Process><Process ToolSource="C:\Program Files (x86)\ArcGIS\Desktop10.0\ArcToolbox\Toolboxes\Data Management Tools.tbx\CalculateField" Date="20110329" Time="141443" Name="" export="">CalculateField SGID93.POLITICAL.VistaBallotAreas VistaID left( [PrecinctID],1) VB #</Process><Process ToolSource="C:\Program Files (x86)\ArcGIS\Desktop10.0\ArcToolbox\Toolboxes\Data Management Tools.tbx\CalculateField" Date="20110329" Time="141452" Name="" export="">CalculateField SGID93.POLITICAL.VistaBallotAreas VistaID [PrecinctID] VB #</Process><Process ToolSource="C:\Program Files (x86)\ArcGIS\Desktop10.0\ArcToolbox\Toolboxes\Data Management Tools.tbx\CalculateField" Date="20110329" Time="141501" Name="" export="">CalculateField SGID93.POLITICAL.VistaBallotAreas PrecinctID left( [PrecinctID],1) VB #</Process><Process ToolSource="C:\Program Files (x86)\ArcGIS\Desktop10.0\ArcToolbox\Toolboxes\Data Management Tools.tbx\CalculateField" Date="20110329" Time="141511" Name="" export="">CalculateField SGID93.POLITICAL.VistaBallotAreas SubPrecinctID right( [PrecinctID],1) VB #</Process><Process ToolSource="C:\Program Files (x86)\ArcGIS\Desktop10.0\ArcToolbox\Toolboxes\Data Management Tools.tbx\CalculateField" Date="20110329" Time="141548" Name="" export="">CalculateField SGID93.POLITICAL.VistaBallotAreas RcvdDate "dmanning" VB #</Process><Process ToolSource="C:\Program Files (x86)\ArcGIS\Desktop10.0\ArcToolbox\Toolboxes\Data Management Tools.tbx\CalculateField" Date="20110329" Time="141557" Name="" export="">CalculateField SGID93.POLITICAL.VistaBallotAreas Comments "dmanning" VB #</Process><Process ToolSource="C:\Program Files (x86)\ArcGIS\Desktop10.0\ArcToolbox\Toolboxes\Data Management Tools.tbx\CalculateField" Date="20110329" Time="141612" Name="" export="">CalculateField SGID93.POLITICAL.VistaBallotAreas RcvdDate "3/29/2011" VB #</Process><Process ToolSource="C:\Program Files (x86)\ArcGIS\Desktop10.0\ArcToolbox\Toolboxes\Data Management Tools.tbx\CalculateField" Date="20110330" Time="170801" Name="" export="">CalculateField SGID93.POLITICAL.VistaBallotAreas VistaID "ECHO24" VB #</Process><Process ToolSource="C:\Program Files (x86)\ArcGIS\Desktop10.0\ArcToolbox\Toolboxes\Data Management Tools.tbx\CalculateField" Date="20110330" Time="170808" Name="" export="">CalculateField SGID93.POLITICAL.VistaBallotAreas SubPrecinctID null VB #</Process><Process ToolSource="C:\Program Files (x86)\ArcGIS\Desktop10.0\ArcToolbox\Toolboxes\Data Management Tools.tbx\CalculateField" Date="20110330" Time="170825" Name="" export="">CalculateField SGID93.POLITICAL.VistaBallotAreas EffectiveDate "1/1/2011" VB #</Process><Process ToolSource="C:\Program Files (x86)\ArcGIS\Desktop10.0\ArcToolbox\Toolboxes\Data Management Tools.tbx\CalculateField" Date="20110330" Time="170849" Name="" export="">CalculateField SGID93.POLITICAL.VistaBallotAreas Comments "dparry" VB #</Process><Process ToolSource="C:\Program Files (x86)\ArcGIS\Desktop10.0\ArcToolbox\Toolboxes\Data Management Tools.tbx\CalculateField" Date="20110330" Time="170906" Name="" export="">CalculateField SGID93.POLITICAL.VistaBallotAreas RcvdDate "3/30/11" VB #</Process><Process ToolSource="C:\Program Files (x86)\ArcGIS\Desktop10.0\ArcToolbox\Toolboxes\Data Management Tools.tbx\DeleteFeatures" Date="20110331" Time="154152" Name="" export="">DeleteFeatures POLITICAL.VistaBallotAreas_L</Process><Process ToolSource="C:\Program Files (x86)\ArcGIS\Desktop10.0\ArcToolbox\Toolboxes\Data Management Tools.tbx\CalculateField" Date="20110404" Time="175507" Name="" export="">CalculateField SGID93.POLITICAL.VistaBallotAreas PrecinctID split( [VistaID],":")(0) VB #</Process><Process ToolSource="C:\Program Files (x86)\ArcGIS\Desktop10.0\ArcToolbox\Toolboxes\Data Management Tools.tbx\CalculateField" Date="20110404" Time="175541" Name="" export="">CalculateField SGID93.POLITICAL.VistaBallotAreas EffectiveDate "01/01/2011" VB #</Process><Process ToolSource="C:\Program Files (x86)\ArcGIS\Desktop10.0\ArcToolbox\Toolboxes\Data Management Tools.tbx\CalculateField" Date="20110404" Time="175610" Name="" export="">CalculateField SGID93.POLITICAL.VistaBallotAreas Comments "nancy.lucchetti" VB #</Process><Process ToolSource="C:\Program Files (x86)\ArcGIS\Desktop10.0\ArcToolbox\Toolboxes\Data Management Tools.tbx\CalculateField" Date="20110404" Time="175628" Name="" export="">CalculateField SGID93.POLITICAL.VistaBallotAreas RcvdDate "04/01/2011"
 VB #</Process><Process ToolSource="C:\Program Files (x86)\ArcGIS\Desktop10.0\ArcToolbox\Toolboxes\Data Management Tools.tbx\CalculateField" Date="20110404" Time="175708" Name="" export="">CalculateField SGID93.POLITICAL.VistaBallotAreas SubPrecinctID split( [VistaID] ,":")(1)
 VB #</Process><Process ToolSource="C:\Program Files (x86)\ArcGIS\Desktop10.0\ArcToolbox\Toolboxes\Data Management Tools.tbx\CalculateField" Date="20110404" Time="180327" Name="" export="">CalculateField SGID93.POLITICAL.VistaBallotAreas EffectiveDate "01/01/2011" VB #</Process><Process ToolSource="C:\Program Files (x86)\ArcGIS\Desktop10.0\ArcToolbox\Toolboxes\Data Management Tools.tbx\CalculateField" Date="20110404" Time="180346" Name="" export="">CalculateField SGID93.POLITICAL.VistaBallotAreas Comments "bnelson" VB #</Process><Process ToolSource="C:\Program Files (x86)\ArcGIS\Desktop10.0\ArcToolbox\Toolboxes\Data Management Tools.tbx\CalculateField" Date="20110404" Time="180416" Name="" export="">CalculateField SGID93.POLITICAL.VistaBallotAreas RcvdDate "03/30/2011" VB #</Process><Process ToolSource="C:\Program Files (x86)\ArcGIS\Desktop10.0\ArcToolbox\Toolboxes\Data Management Tools.tbx\CalculateField" Date="20110404" Time="180814" Name="" export="">CalculateField SGID93.POLITICAL.VistaBallotAreas EffectiveDate "01/01/2011" VB #</Process><Process ToolSource="C:\Program Files (x86)\ArcGIS\Desktop10.0\ArcToolbox\Toolboxes\Data Management Tools.tbx\CalculateField" Date="20110404" Time="180918" Name="" export="">CalculateField SGID93.POLITICAL.VistaBallotAreas Comments "jordmerrell" VB #</Process><Process ToolSource="C:\Program Files (x86)\ArcGIS\Desktop10.0\ArcToolbox\Toolboxes\Data Management Tools.tbx\CalculateField" Date="20110404" Time="180942" Name="" export="">CalculateField SGID93.POLITICAL.VistaBallotAreas RcvdDate "04/01/2011" VB #</Process><Process ToolSource="C:\Program Files (x86)\ArcGIS\Desktop10.0\ArcToolbox\Toolboxes\Data Management Tools.tbx\CalculateField" Date="20110411" Time="133608" Name="" export="">CalculateField SGID93.POLITICAL.VistaBallotAreas Comments "curtisw.ucpw" VB #</Process><Process ToolSource="C:\Program Files (x86)\ArcGIS\Desktop10.0\ArcToolbox\Toolboxes\Data Management Tools.tbx\CalculateField" Date="20110411" Time="133621" Name="" export="">CalculateField SGID93.POLITICAL.VistaBallotAreas RcvdDate "04/08/2011" VB #</Process><Process ToolSource="C:\Program Files (x86)\ArcGIS\Desktop10.0\ArcToolbox\Toolboxes\Data Management Tools.tbx\CalculateField" Date="20110411" Time="150937" Name="" export="">CalculateField SGID93.POLITICAL.VistaBallotAreas CountyID 18 VB #</Process><Process ToolSource="C:\Program Files (x86)\ArcGIS\Desktop10.0\ArcToolbox\Toolboxes\Data Management Tools.tbx\CalculateField" Date="20110411" Time="151004" Name="" export="">CalculateField SGID93.POLITICAL.VistaBallotAreas CountyID 7 VB #</Process><Process ToolSource="C:\Program Files (x86)\ArcGIS\Desktop10.0\ArcToolbox\Toolboxes\Data Management Tools.tbx\CalculateField" Date="20110412" Time="104323" Name="" export="">CalculateField SGID93.POLITICAL.VistaBallotAreas CountyID 18 VB #</Process><Process ToolSource="C:\Program Files (x86)\ArcGIS\Desktop10.0\ArcToolbox\Toolboxes\Data Management Tools.tbx\CalculateField" Date="20110412" Time="113218" Name="" export="">CalculateField SGID93.POLITICAL.VistaBallotAreas PrecinctID split([VistaID],":")(0) VB #</Process><Process ToolSource="C:\Program Files (x86)\ArcGIS\Desktop10.0\ArcToolbox\Toolboxes\Data Management Tools.tbx\CalculateField" Date="20110412" Time="113234" Name="" export="">CalculateField SGID93.POLITICAL.VistaBallotAreas VersionNbr "Current" VB #</Process><Process ToolSource="C:\Program Files (x86)\ArcGIS\Desktop10.0\ArcToolbox\Toolboxes\Data Management Tools.tbx\CalculateField" Date="20110412" Time="113247" Name="" export="">CalculateField SGID93.POLITICAL.VistaBallotAreas EffectiveDate "01/01/2011" VB #</Process><Process ToolSource="C:\Program Files (x86)\ArcGIS\Desktop10.0\ArcToolbox\Toolboxes\Data Management Tools.tbx\CalculateField" Date="20110412" Time="114629" Name="" export="">CalculateField SGID93.POLITICAL.VistaBallotAreas RcvdDate "04/08/2011" VB #</Process><Process ToolSource="C:\Program Files (x86)\ArcGIS\Desktop10.0\ArcToolbox\Toolboxes\Data Management Tools.tbx\CalculateField" Date="20110412" Time="115109" Name="" export="">CalculateField SGID93.POLITICAL.VistaBallotAreas AliasName [Comments] VB #</Process><Process ToolSource="C:\Program Files (x86)\ArcGIS\Desktop10.0\ArcToolbox\Toolboxes\Data Management Tools.tbx\CalculateField" Date="20110412" Time="115136" Name="" export="">CalculateField SGID93.POLITICAL.VistaBallotAreas Comments "kswensen" VB #</Process><Process ToolSource="C:\Program Files (x86)\ArcGIS\Desktop10.0\ArcToolbox\Toolboxes\Data Management Tools.tbx\CalculateField" Date="20110412" Time="115207" Name="" export="">CalculateField SGID93.POLITICAL.VistaBallotAreas CountyID 23 VB #</Process><Process ToolSource="C:\Program Files (x86)\ArcGIS\Desktop10.0\ArcToolbox\Toolboxes\Data Management Tools.tbx\CalculateField" Date="20110412" Time="115228" Name="" export="">CalculateField SGID93.POLITICAL.VistaBallotAreas EffectiveDate "Current" VB #</Process><Process ToolSource="C:\Program Files (x86)\ArcGIS\Desktop10.0\ArcToolbox\Toolboxes\Data Management Tools.tbx\CalculateField" Date="20110412" Time="115238" Name="" export="">CalculateField SGID93.POLITICAL.VistaBallotAreas VersionNbr "Current" VB #</Process><Process ToolSource="C:\Program Files (x86)\ArcGIS\Desktop10.0\ArcToolbox\Toolboxes\Data Management Tools.tbx\CalculateField" Date="20110412" Time="115254" Name="" export="">CalculateField SGID93.POLITICAL.VistaBallotAreas EffectiveDate "01/01/2011" VB #</Process><Process ToolSource="C:\Program Files (x86)\ArcGIS\Desktop10.0\ArcToolbox\Toolboxes\Data Management Tools.tbx\CalculateField" Date="20110412" Time="115357" Name="" export="">CalculateField SGID93.POLITICAL.VistaBallotAreas RcvdDate "04/12/2011" VB #</Process><Process ToolSource="C:\Program Files (x86)\ArcGIS\Desktop10.0\ArcToolbox\Toolboxes\Data Management Tools.tbx\CalculateField" Date="20110412" Time="115416" Name="" export="">CalculateField SGID93.POLITICAL.VistaBallotAreas Comments "mcaldwell" VB #</Process><Process ToolSource="C:\Program Files (x86)\ArcGIS\Desktop10.0\ArcToolbox\Toolboxes\Data Management Tools.tbx\CalculateField" Date="20110412" Time="171233" Name="" export="">CalculateField SGID93.POLITICAL.VistaBallotAreas VistaID replace( [VistaID],left( [VistaID],2) &amp; "0","") VB #</Process><Process ToolSource="C:\Program Files (x86)\ArcGIS\Desktop10.0\ArcToolbox\Toolboxes\Data Management Tools.tbx\CalculateField" Date="20110412" Time="171254" Name="" export="">CalculateField SGID93.POLITICAL.VistaBallotAreas VistaID replace( [VistaID],left( [VistaID],2) ,"") VB #</Process><Process ToolSource="C:\Program Files (x86)\ArcGIS\Desktop10.0\ArcToolbox\Toolboxes\Data Management Tools.tbx\CalculateField" Date="20110412" Time="171335" Name="" export="">CalculateField SGID93.POLITICAL.VistaBallotAreas VistaID replace( [VistaID],".",":") VB #</Process><Process ToolSource="C:\Program Files (x86)\ArcGIS\Desktop10.0\ArcToolbox\Toolboxes\Data Management Tools.tbx\CalculateField" Date="20110412" Time="171353" Name="" export="">CalculateField SGID93.POLITICAL.VistaBallotAreas PrecinctID split( [VistaID],":")(0) VB #</Process><Process ToolSource="C:\Program Files (x86)\ArcGIS\Desktop10.0\ArcToolbox\Toolboxes\Data Management Tools.tbx\CalculateField" Date="20110412" Time="171450" Name="" export="">CalculateField SGID93.POLITICAL.VistaBallotAreas SubPrecinctID split( [VistaID],":")(1) VB #</Process><Process ToolSource="C:\Program Files (x86)\ArcGIS\Desktop10.0\ArcToolbox\Toolboxes\Data Management Tools.tbx\CalculateField" Date="20110412" Time="171458" Name="" export="">CalculateField SGID93.POLITICAL.VistaBallotAreas VersionNbr "Current" VB #</Process><Process ToolSource="C:\Program Files (x86)\ArcGIS\Desktop10.0\ArcToolbox\Toolboxes\Data Management Tools.tbx\CalculateField" Date="20110412" Time="171508" Name="" export="">CalculateField SGID93.POLITICAL.VistaBallotAreas EffectiveDate "01/01/2011" VB #</Process><Process ToolSource="C:\Program Files (x86)\ArcGIS\Desktop10.0\ArcToolbox\Toolboxes\Data Management Tools.tbx\CalculateField" Date="20110412" Time="171555" Name="" export="">CalculateField SGID93.POLITICAL.VistaBallotAreas Comments "countyrd@xm (CN)" VB #</Process><Process ToolSource="C:\Program Files (x86)\ArcGIS\Desktop10.0\ArcToolbox\Toolboxes\Data Management Tools.tbx\CalculateField" Date="20110412" Time="171605" Name="" export="">CalculateField SGID93.POLITICAL.VistaBallotAreas RcvdDate "04/12/11" VB #</Process><Process ToolSource="C:\Program Files (x86)\ArcGIS\Desktop10.0\ArcToolbox\Toolboxes\Data Management Tools.tbx\CalculateField" Date="20110412" Time="171734" Name="" export="">CalculateField SGID93.POLITICAL.VistaBallotAreas CountyID 21 VB #</Process><Process ToolSource="C:\Program Files (x86)\ArcGIS\Desktop10.0\ArcToolbox\Toolboxes\Data Management Tools.tbx\CalculateField" Date="20110412" Time="171835" Name="" export="">CalculateField SGID93.POLITICAL.VistaBallotAreas Comments "smonks" VB #</Process><Process ToolSource="C:\Program Files (x86)\ArcGIS\Desktop10.0\ArcToolbox\Toolboxes\Data Management Tools.tbx\CalculateField" Date="20110412" Time="171859" Name="" export="">CalculateField SGID93.POLITICAL.VistaBallotAreas RcvdDate "04/07/2011" VB #</Process><Process ToolSource="C:\Program Files (x86)\ArcGIS\Desktop10.0\ArcToolbox\Toolboxes\Data Management Tools.tbx\CalculateField" Date="20110412" Time="171936" Name="" export="">CalculateField SGID93.POLITICAL.VistaBallotAreas PrecinctID split( [VistaID],":")(0) VB #</Process><Process ToolSource="C:\Program Files (x86)\ArcGIS\Desktop10.0\ArcToolbox\Toolboxes\Data Management Tools.tbx\CalculateField" Date="20110412" Time="173228" Name="" export="">CalculateField SGID93.POLITICAL.VistaBallotAreas CountyID 3 VB #</Process><Process ToolSource="C:\Program Files (x86)\ArcGIS\Desktop10.0\ArcToolbox\Toolboxes\Data Management Tools.tbx\CalculateField" Date="20110412" Time="173250" Name="" export="">CalculateField SGID93.POLITICAL.VistaBallotAreas VistaID replace( [Comments]," ","") VB #</Process><Process ToolSource="C:\Program Files (x86)\ArcGIS\Desktop10.0\ArcToolbox\Toolboxes\Data Management Tools.tbx\CalculateField" Date="20110412" Time="173310" Name="" export="">CalculateField SGID93.POLITICAL.VistaBallotAreas PrecinctID split( [VistaID],":")(0) VB #</Process><Process ToolSource="C:\Program Files (x86)\ArcGIS\Desktop10.0\ArcToolbox\Toolboxes\Data Management Tools.tbx\CalculateField" Date="20110412" Time="173318" Name="" export="">CalculateField SGID93.POLITICAL.VistaBallotAreas SubPrecinctID split( [VistaID],":")(1) VB #</Process><Process ToolSource="C:\Program Files (x86)\ArcGIS\Desktop10.0\ArcToolbox\Toolboxes\Data Management Tools.tbx\CalculateField" Date="20110412" Time="173326" Name="" export="">CalculateField SGID93.POLITICAL.VistaBallotAreas VersionNbr "Current" VB #</Process><Process ToolSource="C:\Program Files (x86)\ArcGIS\Desktop10.0\ArcToolbox\Toolboxes\Data Management Tools.tbx\CalculateField" Date="20110412" Time="173335" Name="" export="">CalculateField SGID93.POLITICAL.VistaBallotAreas EffectiveDate "01/01/11" VB #</Process><Process ToolSource="C:\Program Files (x86)\ArcGIS\Desktop10.0\ArcToolbox\Toolboxes\Data Management Tools.tbx\CalculateField" Date="20110412" Time="173349" Name="" export="">CalculateField SGID93.POLITICAL.VistaBallotAreas RcvdDate "04/05/11" VB #</Process><Process ToolSource="C:\Program Files (x86)\ArcGIS\Desktop10.0\ArcToolbox\Toolboxes\Data Management Tools.tbx\CalculateField" Date="20110412" Time="173409" Name="" export="">CalculateField SGID93.POLITICAL.VistaBallotAreas Comments "Wendy.Hurd" VB #</Process><Process ToolSource="C:\Program Files (x86)\ArcGIS\Desktop10.0\ArcToolbox\Toolboxes\Data Management Tools.tbx\CalculateField" Date="20110412" Time="175058" Name="" export="">CalculateField SGID93.POLITICAL.VistaBallotAreas Comments 3 VB #</Process><Process ToolSource="C:\Program Files (x86)\ArcGIS\Desktop10.0\ArcToolbox\Toolboxes\Data Management Tools.tbx\CalculateField" Date="20110412" Time="175108" Name="" export="">CalculateField SGID93.POLITICAL.VistaBallotAreas Comments "Wendy.Hurd" VB #</Process><Process ToolSource="C:\Program Files (x86)\ArcGIS\Desktop10.0\ArcToolbox\Toolboxes\Data Management Tools.tbx\CalculateField" Date="20110412" Time="175114" Name="" export="">CalculateField SGID93.POLITICAL.VistaBallotAreas CountyID 3 VB #</Process><Process ToolSource="C:\Program Files (x86)\ArcGIS\Desktop10.0\ArcToolbox\Toolboxes\Data Management Tools.tbx\CalculateField" Date="20110412" Time="175125" Name="" export="">CalculateField SGID93.POLITICAL.VistaBallotAreas EffectiveDate "01/01/2011" VB #</Process><Process ToolSource="C:\Program Files (x86)\ArcGIS\Desktop10.0\ArcToolbox\Toolboxes\Data Management Tools.tbx\CalculateField" Date="20110412" Time="175512" Name="" export="">CalculateField SGID93.POLITICAL.VistaBallotAreas VistaID "MIL02:U" VB #</Process><Process ToolSource="C:\Program Files (x86)\ArcGIS\Desktop10.0\ArcToolbox\Toolboxes\Data Management Tools.tbx\CalculateField" Date="20110412" Time="175546" Name="" export="">CalculateField SGID93.POLITICAL.VistaBallotAreas PrecinctID split( [VistaID],":")(0) VB #</Process><Process ToolSource="C:\Program Files (x86)\ArcGIS\Desktop10.0\ArcToolbox\Toolboxes\Data Management Tools.tbx\CalculateField" Date="20110412" Time="175555" Name="" export="">CalculateField SGID93.POLITICAL.VistaBallotAreas SubPrecinctID split( [VistaID],":")(1) VB #</Process><Process ToolSource="C:\Program Files (x86)\ArcGIS\Desktop10.0\ArcToolbox\Toolboxes\Data Management Tools.tbx\CalculateField" Date="20110412" Time="175602" Name="" export="">CalculateField SGID93.POLITICAL.VistaBallotAreas VersionNbr "Current" VB #</Process><Process ToolSource="C:\Program Files (x86)\ArcGIS\Desktop10.0\ArcToolbox\Toolboxes\Data Management Tools.tbx\CalculateField" Date="20110412" Time="175623" Name="" export="">CalculateField SGID93.POLITICAL.VistaBallotAreas RcvdDate "4/5/2011" VB #</Process><Process ToolSource="C:\Program Files (x86)\ArcGIS\Desktop10.0\ArcToolbox\Toolboxes\Data Management Tools.tbx\CalculateField" Date="20110413" Time="073019" Name="" export="">CalculateField SGID93.POLITICAL.VistaBallotAreas CountyID 28 VB #</Process><Process ToolSource="C:\Program Files (x86)\ArcGIS\Desktop10.0\ArcToolbox\Toolboxes\Data Management Tools.tbx\CalculateField" Date="20110413" Time="073040" Name="" export="">CalculateField SGID93.POLITICAL.VistaBallotAreas VistaID "right( [AliasName],1) &amp; ":" &amp; [SubPrecinctID]" VB #</Process><Process ToolSource="C:\Program Files (x86)\ArcGIS\Desktop10.0\ArcToolbox\Toolboxes\Data Management Tools.tbx\CalculateField" Date="20110413" Time="073050" Name="" export="">CalculateField SGID93.POLITICAL.VistaBallotAreas PrecinctID "right( [AliasName],1) " VB #</Process><Process ToolSource="C:\Program Files (x86)\ArcGIS\Desktop10.0\ArcToolbox\Toolboxes\Data Management Tools.tbx\CalculateField" Date="20110413" Time="073059" Name="" export="">CalculateField SGID93.POLITICAL.VistaBallotAreas VersionNbr "Current" VB #</Process><Process ToolSource="C:\Program Files (x86)\ArcGIS\Desktop10.0\ArcToolbox\Toolboxes\Data Management Tools.tbx\CalculateField" Date="20110413" Time="073110" Name="" export="">CalculateField SGID93.POLITICAL.VistaBallotAreas EffectiveDate "01/01/2011" VB #</Process><Process ToolSource="C:\Program Files (x86)\ArcGIS\Desktop10.0\ArcToolbox\Toolboxes\Data Management Tools.tbx\CalculateField" Date="20110413" Time="073135" Name="" export="">CalculateField SGID93.POLITICAL.VistaBallotAreas Comments "brandon" VB #</Process><Process ToolSource="C:\Program Files (x86)\ArcGIS\Desktop10.0\ArcToolbox\Toolboxes\Data Management Tools.tbx\CalculateField" Date="20110413" Time="073154" Name="" export="">CalculateField SGID93.POLITICAL.VistaBallotAreas RcvdDate "04/11/11" VB #</Process><Process ToolSource="C:\Program Files (x86)\ArcGIS\Desktop10.0\ArcToolbox\Toolboxes\Data Management Tools.tbx\CalculateField" Date="20110414" Time="135846" Name="" export="">CalculateField SGID93.POLITICAL.VistaBallotAreas PrecinctID split( [VistaID],":")(0) VB #</Process><Process ToolSource="C:\Program Files (x86)\ArcGIS\Desktop10.0\ArcToolbox\Toolboxes\Data Management Tools.tbx\CalculateField" Date="20110414" Time="135906" Name="" export="">CalculateField SGID93.POLITICAL.VistaBallotAreas VersionNbr "Current" VB #</Process><Process ToolSource="C:\Program Files (x86)\ArcGIS\Desktop10.0\ArcToolbox\Toolboxes\Data Management Tools.tbx\CalculateField" Date="20110414" Time="135918" Name="" export="">CalculateField SGID93.POLITICAL.VistaBallotAreas EffectiveDate "01/01/2011" VB #</Process><Process ToolSource="C:\Program Files (x86)\ArcGIS\Desktop10.0\ArcToolbox\Toolboxes\Data Management Tools.tbx\CalculateField" Date="20110414" Time="135938" Name="" export="">CalculateField SGID93.POLITICAL.VistaBallotAreas Comments "kanerds" VB #</Process><Process ToolSource="C:\Program Files (x86)\ArcGIS\Desktop10.0\ArcToolbox\Toolboxes\Data Management Tools.tbx\CalculateField" Date="20110414" Time="135948" Name="" export="">CalculateField SGID93.POLITICAL.VistaBallotAreas RcvdDate "04/13/11" VB #</Process><Process ToolSource="C:\Program Files (x86)\ArcGIS\Desktop10.0\ArcToolbox\Toolboxes\Data Management Tools.tbx\CalculateField" Date="20110418" Time="095817" Name="" export="">CalculateField SGID93.POLITICAL.VistaBallotAreas VistaID "25:1" VB #</Process><Process ToolSource="C:\Program Files (x86)\ArcGIS\Desktop10.0\ArcToolbox\Toolboxes\Data Management Tools.tbx\CalculateField" Date="20110418" Time="095826" Name="" export="">CalculateField SGID93.POLITICAL.VistaBallotAreas PrecinctID "25" VB #</Process><Process ToolSource="C:\Program Files (x86)\ArcGIS\Desktop10.0\ArcToolbox\Toolboxes\Data Management Tools.tbx\CalculateField" Date="20110418" Time="095855" Name="" export="">CalculateField SGID93.POLITICAL.VistaBallotAreas RcvdDate "04/18/11" VB #</Process><Process ToolSource="C:\Program Files (x86)\ArcGIS\Desktop10.0\ArcToolbox\Toolboxes\Data Management Tools.tbx\CalculateField" Date="20110421" Time="130500" Name="" export="">CalculateField SGID93.POLITICAL.VistaBallotAreas EffectiveDate "1/1/2011" VB #</Process><Process ToolSource="C:\Program Files (x86)\ArcGIS\Desktop10.0\ArcToolbox\Toolboxes\Data Management Tools.tbx\CalculateField" Date="20110421" Time="130514" Name="" export="">CalculateField SGID93.POLITICAL.VistaBallotAreas VersionNbr "Current" VB #</Process><Process ToolSource="C:\Program Files (x86)\ArcGIS\Desktop10.0\ArcToolbox\Toolboxes\Data Management Tools.tbx\CalculateField" Date="20110421" Time="130555" Name="" export="">CalculateField SGID93.POLITICAL.VistaBallotAreas Comments "bnelson" VB #</Process><Process ToolSource="C:\Program Files (x86)\ArcGIS\Desktop10.0\ArcToolbox\Toolboxes\Data Management Tools.tbx\CalculateField" Date="20110421" Time="130607" Name="" export="">CalculateField SGID93.POLITICAL.VistaBallotAreas RcvdDate "4/19/11" VB #</Process><Process ToolSource="C:\Program Files (x86)\ArcGIS\Desktop10.0\ArcToolbox\Toolboxes\Data Management Tools.tbx\CalculateField" Date="20110504" Time="105705" Name="" export="">CalculateField SGID93.POLITICAL.VistaBallotAreas VersionNbr "5.03" VB #</Process><Process ToolSource="C:\Program Files (x86)\ArcGIS\Desktop10.0\ArcToolbox\Toolboxes\Data Management Tools.tbx\CalculateField" Date="20110504" Time="105720" Name="" export="">CalculateField SGID93.POLITICAL.VistaBallotAreas EffectiveDate "01/01/11" VB #</Process><Process ToolSource="C:\Program Files (x86)\ArcGIS\Desktop10.0\ArcToolbox\Toolboxes\Data Management Tools.tbx\CalculateField" Date="20110504" Time="105752" Name="" export="">CalculateField SGID93.POLITICAL.VistaBallotAreas Comments "mcaldwell" VB #</Process><Process ToolSource="C:\Program Files (x86)\ArcGIS\Desktop10.0\ArcToolbox\Toolboxes\Data Management Tools.tbx\CalculateField" Date="20110504" Time="105803" Name="" export="">CalculateField SGID93.POLITICAL.VistaBallotAreas RcvdDate "5/3/11" VB #</Process><Process ToolSource="C:\Program Files (x86)\ArcGIS\Desktop10.0\ArcToolbox\Toolboxes\Data Management Tools.tbx\CalculateField" Date="20110504" Time="110016" Name="" export="">CalculateField SGID93.POLITICAL.VistaBallotAreas CountyID "23" VB #</Process><Process ToolSource="C:\Program Files (x86)\ArcGIS\Desktop10.0\ArcToolbox\Toolboxes\Data Management Tools.tbx\CalculateField" Date="20110504" Time="110335" Name="" export="">CalculateField SGID93.POLITICAL.VistaBallotAreas PrecinctID split( [VistaID],":")(0) VB #</Process><Process ToolSource="C:\Program Files (x86)\ArcGIS\Desktop10.0\ArcToolbox\Toolboxes\Data Management Tools.tbx\CalculateField" Date="20110504" Time="110414" Name="" export="">CalculateField SGID93.POLITICAL.VistaBallotAreas EffectiveDate "01/01/11" VB #</Process><Process ToolSource="C:\Program Files (x86)\ArcGIS\Desktop10.0\ArcToolbox\Toolboxes\Data Management Tools.tbx\CalculateField" Date="20110504" Time="110450" Name="" export="">CalculateField SGID93.POLITICAL.VistaBallotAreas Comments "nancy.lucchetti" VB #</Process><Process ToolSource="C:\Program Files (x86)\ArcGIS\Desktop10.0\ArcToolbox\Toolboxes\Data Management Tools.tbx\CalculateField" Date="20110504" Time="110504" Name="" export="">CalculateField SGID93.POLITICAL.VistaBallotAreas RcvdDate "4/25/11"
 VB #</Process><Process ToolSource="C:\Program Files (x86)\ArcGIS\Desktop10.0\ArcToolbox\Toolboxes\Data Management Tools.tbx\CalculateField" Date="20110504" Time="110550" Name="" export="">CalculateField SGID93.POLITICAL.VistaBallotAreas SubPrecinctID split( [VistaID],":")(1)
 VB #</Process><Process ToolSource="C:\Program Files (x86)\ArcGIS\Desktop10.0\ArcToolbox\Toolboxes\Data Management Tools.tbx\CalculateField" Date="20110504" Time="123531" Name="" export="">CalculateField SGID93.POLITICAL.VistaBallotAreas Comments "clarsen" VB #</Process><Process ToolSource="C:\Program Files (x86)\ArcGIS\Desktop10.0\ArcToolbox\Toolboxes\Data Management Tools.tbx\CalculateField" Date="20110504" Time="123546" Name="" export="">CalculateField SGID93.POLITICAL.VistaBallotAreas RcvdDate "5/4/2011" VB #</Process><Process ToolSource="C:\Program Files (x86)\ArcGIS\Desktop10.0\ArcToolbox\Toolboxes\Data Management Tools.tbx\CalculateField" Date="20110504" Time="123808" Name="" export="">CalculateField SGID93.POLITICAL.VistaBallotAreas CountyID "13" VB #</Process><Process ToolSource="C:\Program Files (x86)\ArcGIS\Desktop10.0\ArcToolbox\Toolboxes\Data Management Tools.tbx\CalculateField" Date="20110510" Time="122224" Name="" export="">CalculateField SGID93.POLITICAL.VistaBallotAreas SubPrecinctID "split( [VistaID] ,":")(1) " VB #</Process><Process ToolSource="C:\Program Files (x86)\ArcGIS\Desktop10.0\ArcToolbox\Toolboxes\Data Management Tools.tbx\CalculateField" Date="20110517" Time="131731" Name="" export="">CalculateField SGID93.POLITICAL.VistaBallotAreas PrecinctID split( [VistaID],":")(0) VB #</Process><Process ToolSource="C:\Program Files (x86)\ArcGIS\Desktop10.0\ArcToolbox\Toolboxes\Data Management Tools.tbx\CalculateField" Date="20110517" Time="131806" Name="" export="">CalculateField SGID93.POLITICAL.VistaBallotAreas Comments "dvaughan" VB #</Process><Process ToolSource="C:\Program Files (x86)\ArcGIS\Desktop10.0\ArcToolbox\Toolboxes\Data Management Tools.tbx\CalculateField" Date="20110517" Time="131816" Name="" export="">CalculateField SGID93.POLITICAL.VistaBallotAreas RcvdDate "5/17/11" VB #</Process><Process ToolSource="C:\Program Files (x86)\ArcGIS\Desktop10.0\ArcToolbox\Toolboxes\Data Management Tools.tbx\CalculateField" Date="20110524" Time="111806" Name="" export="">CalculateField SGID93.POLITICAL.VistaBallotAreas VistaID "[PrecinctID] &amp; ":0"" VB #</Process><Process ToolSource="C:\Program Files (x86)\ArcGIS\Desktop10.0\ArcToolbox\Toolboxes\Data Management Tools.tbx\CalculateField" Date="20110524" Time="111817" Name="" export="">CalculateField SGID93.POLITICAL.VistaBallotAreas SubPrecinctID "0" VB #</Process><Process ToolSource="C:\Program Files (x86)\ArcGIS\Desktop10.0\ArcToolbox\Toolboxes\Data Management Tools.tbx\CalculateField" Date="20110524" Time="111827" Name="" export="">CalculateField SGID93.POLITICAL.VistaBallotAreas EffectiveDate "5/17/11" VB #</Process><Process ToolSource="C:\Program Files (x86)\ArcGIS\Desktop10.0\ArcToolbox\Toolboxes\Data Management Tools.tbx\CalculateField" Date="20110524" Time="111845" Name="" export="">CalculateField SGID93.POLITICAL.VistaBallotAreas EffectiveDate "3/17/11" VB #</Process><Process ToolSource="C:\Program Files (x86)\ArcGIS\Desktop10.0\ArcToolbox\Toolboxes\Data Management Tools.tbx\CalculateField" Date="20110524" Time="111851" Name="" export="">CalculateField SGID93.POLITICAL.VistaBallotAreas RcvdDate "5/17/11" VB #</Process><Process ToolSource="C:\Program Files (x86)\ArcGIS\Desktop10.0\ArcToolbox\Toolboxes\Data Management Tools.tbx\CalculateField" Date="20110525" Time="110156" Name="" export="">CalculateField SGID93.POLITICAL.VistaBallotAreas CountyID "10" VB #</Process><Process ToolSource="C:\Program Files (x86)\ArcGIS\Desktop10.0\ArcToolbox\Toolboxes\Data Management Tools.tbx\CalculateField" Date="20110525" Time="110228" Name="" export="">CalculateField SGID93.POLITICAL.VistaBallotAreas PrecinctID split([VistaID],":")(0) VB #</Process><Process ToolSource="C:\Program Files (x86)\ArcGIS\Desktop10.0\ArcToolbox\Toolboxes\Data Management Tools.tbx\CalculateField" Date="20110525" Time="110235" Name="" export="">CalculateField SGID93.POLITICAL.VistaBallotAreas SubPrecinctID split([VistaID],":")(1) VB #</Process><Process ToolSource="C:\Program Files (x86)\ArcGIS\Desktop10.0\ArcToolbox\Toolboxes\Data Management Tools.tbx\CalculateField" Date="20110525" Time="110242" Name="" export="">CalculateField SGID93.POLITICAL.VistaBallotAreas VersionNbr "GC1" VB #</Process><Process ToolSource="C:\Program Files (x86)\ArcGIS\Desktop10.0\ArcToolbox\Toolboxes\Data Management Tools.tbx\CalculateField" Date="20110525" Time="110302" Name="" export="">CalculateField SGID93.POLITICAL.VistaBallotAreas EffectiveDate "05/11/11" VB #</Process><Process ToolSource="C:\Program Files (x86)\ArcGIS\Desktop10.0\ArcToolbox\Toolboxes\Data Management Tools.tbx\CalculateField" Date="20110525" Time="110330" Name="" export="">CalculateField SGID93.POLITICAL.VistaBallotAreas RcvdDate "05/23/11" VB #</Process><Process ToolSource="C:\Program Files (x86)\ArcGIS\Desktop10.0\ArcToolbox\Toolboxes\Data Management Tools.tbx\CalculateField" Date="20110525" Time="110341" Name="" export="">CalculateField SGID93.POLITICAL.VistaBallotAreas Comments "dvaughan" VB #</Process><Process ToolSource="C:\Program Files (x86)\ArcGIS\Desktop10.0\ArcToolbox\Toolboxes\Data Management Tools.tbx\CalculateField" Date="20110606" Time="130014" Name="" export="">CalculateField SGID93.POLITICAL.VistaBallotAreas SubPrecinctID 1 VB #</Process><Process ToolSource="C:\Program Files (x86)\ArcGIS\Desktop10.0\ArcToolbox\Toolboxes\Data Management Tools.tbx\CalculateField" Date="20110606" Time="130046" Name="" export="">CalculateField SGID93.POLITICAL.VistaBallotAreas VistaID "[PrecinctID] &amp; ":" &amp; [SubPrecinctID]" VB #</Process><Process ToolSource="C:\Program Files (x86)\ArcGIS\Desktop10.0\ArcToolbox\Toolboxes\Data Management Tools.tbx\CalculateField" Date="20110606" Time="130101" Name="" export="">CalculateField SGID93.POLITICAL.VistaBallotAreas RcvdDate "6/6/11" VB #</Process><Process ToolSource="C:\Program Files (x86)\ArcGIS\Desktop10.0\ArcToolbox\Toolboxes\Data Management Tools.tbx\CalculateField" Date="20110613" Time="132522" Name="" export="">CalculateField SGID93.POLITICAL.VistaBallotAreas RcvdDate 6/9/11 VB #</Process><Process ToolSource="C:\Program Files (x86)\ArcGIS\Desktop10.0\ArcToolbox\Toolboxes\Data Management Tools.tbx\CalculateField" Date="20110613" Time="132532" Name="" export="">CalculateField SGID93.POLITICAL.VistaBallotAreas RcvdDate "6/9/11" VB #</Process><Process ToolSource="C:\Program Files (x86)\ArcGIS\Desktop10.0\ArcToolbox\Toolboxes\Data Management Tools.tbx\CalculateField" Date="20110613" Time="132542" Name="" export="">CalculateField SGID93.POLITICAL.VistaBallotAreas EffectiveDate "1/1/11" VB #</Process><Process ToolSource="C:\Program Files (x86)\ArcGIS\Desktop10.0\ArcToolbox\Toolboxes\Data Management Tools.tbx\CalculateField" Date="20110613" Time="132558" Name="" export="">CalculateField SGID93.POLITICAL.VistaBallotAreas Comments "kallan" VB #</Process><Process ToolSource="C:\Program Files (x86)\ArcGIS\Desktop10.0\ArcToolbox\Toolboxes\Data Management Tools.tbx\CalculateField" Date="20110613" Time="132620" Name="" export="">CalculateField SGID93.POLITICAL.VistaBallotAreas VistaID replace([SubPrecinctID],"-",":") VB #</Process><Process ToolSource="C:\Program Files (x86)\ArcGIS\Desktop10.0\ArcToolbox\Toolboxes\Data Management Tools.tbx\CalculateField" Date="20110613" Time="132640" Name="" export="">CalculateField SGID93.POLITICAL.VistaBallotAreas SubPrecinctID split([VistaID],":")(1) VB #</Process><Process ToolSource="C:\Program Files (x86)\ArcGIS\Desktop10.0\ArcToolbox\Toolboxes\Data Management Tools.tbx\CalculateField" Date="20110613" Time="132657" Name="" export="">CalculateField SGID93.POLITICAL.VistaBallotAreas CountyID "16" VB #</Process><Process ToolSource="C:\Program Files (x86)\ArcGIS\Desktop10.0\ArcToolbox\Toolboxes\Data Management Tools.tbx\CalculateField" Date="20110614" Time="111236" Name="" export="">CalculateField SGID93.POLITICAL.VistaBallotAreas VersionNbr "Current" VB #</Process><Process ToolSource="C:\Program Files (x86)\ArcGIS\Desktop10.0\ArcToolbox\Toolboxes\Data Management Tools.tbx\CalculateField" Date="20110614" Time="111252" Name="" export="">CalculateField SGID93.POLITICAL.VistaBallotAreas RcvdDate "6/14/11"
 VB #</Process><Process ToolSource="C:\Program Files (x86)\ArcGIS\Desktop10.0\ArcToolbox\Toolboxes\Data Management Tools.tbx\CalculateField" Date="20110614" Time="111325" Name="" export="">CalculateField SGID93.POLITICAL.VistaBallotAreas Comments "glenng" VB #</Process><Process ToolSource="C:\Program Files (x86)\ArcGIS\Desktop10.0\ArcToolbox\Toolboxes\Data Management Tools.tbx\ChangePrivileges" Date="20110614" Time="112221" Name="" export="">ChangePrivileges 'Database Connections\DC_Political@SGID93@gdb93.agrc.utah.gov.sde\SGID93.POLITICAL.VistaBallotAreas' AGRC GRANT #</Process><Process ToolSource="C:\Program Files (x86)\ArcGIS\Desktop10.0\ArcToolbox\Toolboxes\Data Management Tools.tbx\CalculateField" Date="20110615" Time="091445" Name="" export="">CalculateField SGID93.POLITICAL.VistaBallotAreas CountyID "03" VB #</Process><Process ToolSource="C:\Program Files (x86)\ArcGIS\Desktop10.0\ArcToolbox\Toolboxes\Data Management Tools.tbx\CalculateField" Date="20110615" Time="091557" Name="" export="">CalculateField SGID93.POLITICAL.VistaBallotAreas VistaID replace( [VistaID]," ","") VB #</Process><Process ToolSource="C:\Program Files (x86)\ArcGIS\Desktop10.0\ArcToolbox\Toolboxes\Data Management Tools.tbx\CalculateField" Date="20110615" Time="093318" Name="" export="">CalculateField SGID93.POLITICAL.VistaBallotAreas SubPrecinctID split([VistaID], ":")(1) VB #</Process><Process ToolSource="C:\Program Files (x86)\ArcGIS\Desktop10.0\ArcToolbox\Toolboxes\Data Management Tools.tbx\CalculateField" Date="20110620" Time="142314" Name="" export="">CalculateField SGID93.POLITICAL.VistaBallotAreas VistaID "10:45" VB #</Process><Process ToolSource="C:\Program Files (x86)\ArcGIS\Desktop10.0\ArcToolbox\Toolboxes\Data Management Tools.tbx\CalculateField" Date="20110620" Time="142327" Name="" export="">CalculateField SGID93.POLITICAL.VistaBallotAreas SubPrecinctID "45" VB #</Process><Process ToolSource="C:\Program Files (x86)\ArcGIS\Desktop10.0\ArcToolbox\Toolboxes\Data Management Tools.tbx\CalculateField" Date="20110620" Time="142343" Name="" export="">CalculateField SGID93.POLITICAL.VistaBallotAreas Comments "lceniceros" VB #</Process><Process ToolSource="C:\Program Files (x86)\ArcGIS\Desktop10.0\ArcToolbox\Toolboxes\Data Management Tools.tbx\CalculateField" Date="20110620" Time="142420" Name="" export="">CalculateField SGID93.POLITICAL.VistaBallotAreas RcvdDate "06/20/2011" VB #</Process><Process ToolSource="C:\Program Files\ArcGIS\Desktop10.0\ArcToolbox\Toolboxes\Data Management Tools.tbx\CalculateField" Date="20110630" Time="141402" Name="" export="">CalculateField SGID93.POLITICAL.VistaBallotAreas CountyID 18 VB #</Process><Process ToolSource="C:\Program Files\ArcGIS\Desktop10.0\ArcToolbox\Toolboxes\Data Management Tools.tbx\CalculateField" Date="20110630" Time="141608" Name="" export="">CalculateField SGID93.POLITICAL.VistaBallotAreas EffectiveDate 6/30/2011 VB #</Process><Process ToolSource="C:\Program Files\ArcGIS\Desktop10.0\ArcToolbox\Toolboxes\Data Management Tools.tbx\CalculateField" Date="20110630" Time="141622" Name="" export="">CalculateField SGID93.POLITICAL.VistaBallotAreas EffectiveDate "6/30/2011" VB #</Process><Process ToolSource="C:\Program Files\ArcGIS\Desktop10.0\ArcToolbox\Toolboxes\Data Management Tools.tbx\CalculateField" Date="20110630" Time="141633" Name="" export="">CalculateField SGID93.POLITICAL.VistaBallotAreas RcvdDate "6/30/2011" VB #</Process><Process ToolSource="C:\Program Files (x86)\ArcGIS\Desktop10.0\ArcToolbox\Toolboxes\Data Management Tools.tbx\CalculateField" Date="20110711" Time="165038" Name="" export="">CalculateField SGID93.POLITICAL.VistaBallotAreas EffectiveDate "1/1/11" VB #</Process><Process ToolSource="C:\Program Files (x86)\ArcGIS\Desktop10.0\ArcToolbox\Toolboxes\Data Management Tools.tbx\CalculateField" Date="20110711" Time="165107" Name="" export="">CalculateField SGID93.POLITICAL.VistaBallotAreas Comments "jordmerrell" VB #</Process><Process ToolSource="C:\Program Files (x86)\ArcGIS\Desktop10.0\ArcToolbox\Toolboxes\Data Management Tools.tbx\CalculateField" Date="20110711" Time="165123" Name="" export="">CalculateField SGID93.POLITICAL.VistaBallotAreas RcvdDate "07/11/2011" VB #</Process><Process ToolSource="C:\Program Files (x86)\ArcGIS\Desktop10.0\ArcToolbox\Toolboxes\Data Management Tools.tbx\CalculateField" Date="20110711" Time="170100" Name="" export="">CalculateField SGID93.POLITICAL.VistaBallotAreas SubPrecinctID null VB #</Process><Process ToolSource="C:\Program Files (x86)\ArcGIS\Desktop10.0\ArcToolbox\Toolboxes\Data Management Tools.tbx\CalculateField" Date="20110711" Time="170240" Name="" export="">CalculateField SGID93.POLITICAL.VistaBallotAreas PrecinctID split([VistaID],":")(0) VB #</Process><Process ToolSource="C:\Program Files (x86)\ArcGIS\Desktop10.0\ArcToolbox\Toolboxes\Data Management Tools.tbx\CalculateField" Date="20110711" Time="170304" Name="" export="">CalculateField SGID93.POLITICAL.VistaBallotAreas EffectiveDate "1/1/2011" VB #</Process><Process ToolSource="C:\Program Files (x86)\ArcGIS\Desktop10.0\ArcToolbox\Toolboxes\Data Management Tools.tbx\CalculateField" Date="20110711" Time="170315" Name="" export="">CalculateField SGID93.POLITICAL.VistaBallotAreas RcvdDate "7/7/2011" VB #</Process><Process ToolSource="C:\Program Files (x86)\ArcGIS\Desktop10.0\ArcToolbox\Toolboxes\Data Management Tools.tbx\CalculateField" Date="20110711" Time="170710" Name="" export="">CalculateField SGID93.POLITICAL.VistaBallotAreas Comments "bbeede" VB #</Process><Process ToolSource="C:\Program Files (x86)\ArcGIS\Desktop10.0\ArcToolbox\Toolboxes\Data Management Tools.tbx\CalculateField" Date="20110711" Time="170841" Name="" export="">CalculateField SGID93.POLITICAL.VistaBallotAreas SubPrecinctID split( [VistaID],":")(1) VB #</Process><Process ToolSource="C:\Program Files (x86)\ArcGIS\Desktop10.0\ArcToolbox\Toolboxes\Data Management Tools.tbx\CalculateField" Date="20110712" Time="090027" Name="" export="">CalculateField SGID93.POLITICAL.VistaBallotAreas CountyID 3 VB #</Process><Process ToolSource="C:\Program Files (x86)\ArcGIS\Desktop10.0\ArcToolbox\Toolboxes\Data Management Tools.tbx\CalculateField" Date="20110712" Time="090126" Name="" export="">CalculateField SGID93.POLITICAL.VistaBallotAreas SubPrecinctID split( [VistaID],":")(1) VB #</Process><Process ToolSource="C:\Program Files (x86)\ArcGIS\Desktop10.0\ArcToolbox\Toolboxes\Data Management Tools.tbx\CalculateField" Date="20110712" Time="104345" Name="" export="">CalculateField SGID93.POLITICAL.VistaBallotAreas Comments "wendy.hurd" VB #</Process><Process ToolSource="C:\Program Files (x86)\ArcGIS\Desktop10.0\ArcToolbox\Toolboxes\Data Management Tools.tbx\CalculateField" Date="20110712" Time="155952" Name="" export="">CalculateField SGID93.POLITICAL.VistaBallotAreas PrecinctID split( [VistaID],":")(0) VB #</Process><Process ToolSource="C:\Program Files (x86)\ArcGIS\Desktop10.0\ArcToolbox\Toolboxes\Data Management Tools.tbx\CalculateField" Date="20110712" Time="155958" Name="" export="">CalculateField SGID93.POLITICAL.VistaBallotAreas SubPrecinctID split( [VistaID],":")(1) VB #</Process><Process ToolSource="C:\Program Files (x86)\ArcGIS\Desktop10.0\ArcToolbox\Toolboxes\Data Management Tools.tbx\CalculateField" Date="20110712" Time="160010" Name="" export="">CalculateField SGID93.POLITICAL.VistaBallotAreas EffectiveDate "01/01/2011" VB #</Process><Process ToolSource="C:\Program Files (x86)\ArcGIS\Desktop10.0\ArcToolbox\Toolboxes\Data Management Tools.tbx\CalculateField" Date="20110712" Time="160028" Name="" export="">CalculateField SGID93.POLITICAL.VistaBallotAreas Comments initialestimatebyAGRC VB #</Process><Process ToolSource="C:\Program Files (x86)\ArcGIS\Desktop10.0\ArcToolbox\Toolboxes\Data Management Tools.tbx\CalculateField" Date="20110712" Time="160043" Name="" export="">CalculateField SGID93.POLITICAL.VistaBallotAreas Comments "initial estimate by AGRC" VB #</Process><Process ToolSource="C:\Program Files (x86)\ArcGIS\Desktop10.0\ArcToolbox\Toolboxes\Data Management Tools.tbx\CalculateField" Date="20110712" Time="160055" Name="" export="">CalculateField SGID93.POLITICAL.VistaBallotAreas RcvdDate "07/12/11" VB #</Process><Process ToolSource="C:\Program Files (x86)\ArcGIS\Desktop10.0\ArcToolbox\Toolboxes\Data Management Tools.tbx\CalculateField" Date="20110712" Time="160109" Name="" export="">CalculateField SGID93.POLITICAL.VistaBallotAreas CountyID 9 VB #</Process><Process ToolSource="C:\Program Files (x86)\ArcGIS\Desktop10.0\ArcToolbox\Toolboxes\Data Management Tools.tbx\CalculateField" Date="20110713" Time="102653" Name="" export="">CalculateField SGID93.POLITICAL.VistaBallotAreas EffectiveDate "1/1/11" VB #</Process><Process ToolSource="C:\Program Files (x86)\ArcGIS\Desktop10.0\ArcToolbox\Toolboxes\Data Management Tools.tbx\CalculateField" Date="20110713" Time="102706" Name="" export="">CalculateField SGID93.POLITICAL.VistaBallotAreas Comments "bbeede" VB #</Process><Process ToolSource="C:\Program Files (x86)\ArcGIS\Desktop10.0\ArcToolbox\Toolboxes\Data Management Tools.tbx\CalculateField" Date="20110713" Time="102717" Name="" export="">CalculateField SGID93.POLITICAL.VistaBallotAreas RcvdDate "07/13/11" VB #</Process><Process ToolSource="C:\Program Files (x86)\ArcGIS\Desktop10.0\ArcToolbox\Toolboxes\Data Management Tools.tbx\CalculateField" Date="20110713" Time="102741" Name="" export="">CalculateField SGID93.POLITICAL.VistaBallotAreas SubPrecinctID null VB #</Process><Process ToolSource="C:\Program Files (x86)\ArcGIS\Desktop10.0\ArcToolbox\Toolboxes\Data Management Tools.tbx\CalculateField" Date="20110713" Time="102759" Name="" export="">CalculateField SGID93.POLITICAL.VistaBallotAreas CountyID 23 VB #</Process><Process ToolSource="C:\Program Files (x86)\ArcGIS\Desktop10.0\ArcToolbox\Toolboxes\Data Management Tools.tbx\CalculateField" Date="20110713" Time="174535">CalculateField SGID93.POLITICAL.VistaBallotAreas RcvdDate "5/4/11" VB #</Process><Process ToolSource="C:\Program Files (x86)\ArcGIS\Desktop10.0\ArcToolbox\Toolboxes\Data Management Tools.tbx\CalculateField" Date="20110713" Time="174918">CalculateField SGID93.POLITICAL.VistaBallotAreas EffectiveDate "5/4/11" VB #</Process><Process ToolSource="C:\Program Files (x86)\ArcGIS\Desktop10.0\ArcToolbox\Toolboxes\Data Management Tools.tbx\CalculateField" Date="20110714" Time="131527">CalculateField SGID93.POLITICAL.VistaBallotAreas Comments "wayne" VB #</Process><Process ToolSource="C:\Program Files (x86)\ArcGIS\Desktop10.0\ArcToolbox\Toolboxes\Data Management Tools.tbx\CalculateField" Date="20110714" Time="131540">CalculateField SGID93.POLITICAL.VistaBallotAreas RcvdDate "07/14/11"
 VB #</Process><Process ToolSource="C:\Program Files (x86)\ArcGIS\Desktop10.0\ArcToolbox\Toolboxes\Data Management Tools.tbx\CalculateField" Date="20110714" Time="131623">CalculateField SGID93.POLITICAL.VistaBallotAreas PrecinctID split( [VistaID] ,":")(0) VB #</Process><Process ToolSource="C:\Program Files (x86)\ArcGIS\Desktop10.0\ArcToolbox\Toolboxes\Data Management Tools.tbx\CalculateField" Date="20110714" Time="131713">CalculateField SGID93.POLITICAL.VistaBallotAreas SubPrecinctID split([VistaID],":")(1) VB #</Process><Process ToolSource="C:\Program Files (x86)\ArcGIS\Desktop10.0\ArcToolbox\Toolboxes\Data Management Tools.tbx\CalculateField" Date="20110714" Time="133013">CalculateField SGID93.POLITICAL.VistaBallotAreas CountyID 0 VB #</Process><Process ToolSource="C:\Program Files (x86)\ArcGIS\Desktop10.0\ArcToolbox\Toolboxes\Data Management Tools.tbx\CalculateField" Date="20110718" Time="091559">CalculateField SGID93.POLITICAL.VistaBallotAreas VistaID replace( [VistaID] ,"VERN","VRN") VB #</Process><Process ToolSource="C:\Program Files (x86)\ArcGIS\Desktop10.0\ArcToolbox\Toolboxes\Data Management Tools.tbx\CalculateField" Date="20110718" Time="091610">CalculateField SGID93.POLITICAL.VistaBallotAreas PrecinctID replace( [PrecinctID] ,"VERN","VRN") VB #</Process><Process ToolSource="C:\Program Files (x86)\ArcGIS\Desktop10.0\ArcToolbox\Toolboxes\Data Management Tools.tbx\CalculateField" Date="20110718" Time="091730">CalculateField SGID93.POLITICAL.VistaBallotAreas VistaID replace( [VistaID] ,"-",":") VB #</Process><Process ToolSource="C:\Program Files (x86)\ArcGIS\Desktop10.0\ArcToolbox\Toolboxes\Data Management Tools.tbx\CalculateField" Date="20110718" Time="091740">CalculateField SGID93.POLITICAL.VistaBallotAreas PrecinctID "LINC" VB #</Process><Process ToolSource="C:\Program Files (x86)\ArcGIS\Desktop10.0\ArcToolbox\Toolboxes\Data Management Tools.tbx\CalculateField" Date="20110718" Time="091745">CalculateField SGID93.POLITICAL.VistaBallotAreas SubPrecinctID 1 VB #</Process><Process ToolSource="C:\Program Files (x86)\ArcGIS\Desktop10.0\ArcToolbox\Toolboxes\Data Management Tools.tbx\CalculateField" Date="20110718" Time="111618">CalculateField SGID93.POLITICAL.VistaBallotAreas VistaID "GAR2" VB #</Process><Process ToolSource="C:\Program Files (x86)\ArcGIS\Desktop10.0\ArcToolbox\Toolboxes\Data Management Tools.tbx\CalculateField" Date="20110718" Time="112513">CalculateField SGID93.POLITICAL.VistaBallotAreas CountyID 20 VB #</Process><Process ToolSource="C:\Program Files (x86)\ArcGIS\Desktop10.0\ArcToolbox\Toolboxes\Data Management Tools.tbx\CalculateField" Date="20110718" Time="175917">CalculateField SGID93.POLITICAL.VistaBallotAreas PrecinctID split( [VistaID],":")(0) VB #</Process><Process ToolSource="C:\Program Files (x86)\ArcGIS\Desktop10.0\ArcToolbox\Toolboxes\Data Management Tools.tbx\CalculateField" Date="20110718" Time="175932">CalculateField SGID93.POLITICAL.VistaBallotAreas VersionNbr "1.00" VB #</Process><Process ToolSource="C:\Program Files (x86)\ArcGIS\Desktop10.0\ArcToolbox\Toolboxes\Data Management Tools.tbx\CalculateField" Date="20110718" Time="175948">CalculateField SGID93.POLITICAL.VistaBallotAreas EffectiveDate "6/17/11" VB #</Process><Process ToolSource="C:\Program Files (x86)\ArcGIS\Desktop10.0\ArcToolbox\Toolboxes\Data Management Tools.tbx\CalculateField" Date="20110718" Time="175958">CalculateField SGID93.POLITICAL.VistaBallotAreas Comments "7/14/11" VB #</Process><Process ToolSource="C:\Program Files (x86)\ArcGIS\Desktop10.0\ArcToolbox\Toolboxes\Data Management Tools.tbx\CalculateField" Date="20110718" Time="180005">CalculateField SGID93.POLITICAL.VistaBallotAreas RcvdDate "7/14/11" VB #</Process><Process ToolSource="C:\Program Files (x86)\ArcGIS\Desktop10.0\ArcToolbox\Toolboxes\Data Management Tools.tbx\CalculateField" Date="20110718" Time="180024">CalculateField SGID93.POLITICAL.VistaBallotAreas Comments "wayne" VB #</Process><Process ToolSource="C:\Program Files (x86)\ArcGIS\Desktop10.0\ArcToolbox\Toolboxes\Data Management Tools.tbx\CalculateField" Date="20110718" Time="180034">CalculateField SGID93.POLITICAL.VistaBallotAreas Comments "manual edits" VB #</Process><Process ToolSource="C:\Program Files (x86)\ArcGIS\Desktop10.0\ArcToolbox\Toolboxes\Data Management Tools.tbx\CalculateField" Date="20110718" Time="180100">CalculateField SGID93.POLITICAL.VistaBallotAreas SubPrecinctID split( [VistaID],":")(1) VB #</Process><Process ToolSource="C:\Program Files (x86)\ArcGIS\Desktop10.0\ArcToolbox\Toolboxes\Data Management Tools.tbx\CalculateField" Date="20110804" Time="161810">CalculateField SGID93.POLITICAL.VistaBallotAreas EffectiveDate "1/1/2011" VB #</Process><Process ToolSource="C:\Program Files (x86)\ArcGIS\Desktop10.0\ArcToolbox\Toolboxes\Data Management Tools.tbx\CalculateField" Date="20110804" Time="161823">CalculateField SGID93.POLITICAL.VistaBallotAreas RcvdDate "8/4/2011" VB #</Process><Process ToolSource="C:\Program Files (x86)\ArcGIS\Desktop10.0\ArcToolbox\Toolboxes\Data Management Tools.tbx\CalculateField" Date="20110804" Time="161843">CalculateField SGID93.POLITICAL.VistaBallotAreas Comments "jordmerrell" VB #</Process><Process ToolSource="C:\Program Files (x86)\ArcGIS\Desktop10.0\ArcToolbox\Toolboxes\Data Management Tools.tbx\CalculateField" Date="20110804" Time="162921">CalculateField SGID93.POLITICAL.VistaBallotAreas CountyID "24" VB #</Process><Process ToolSource="C:\Program Files (x86)\ArcGIS\Desktop10.0\ArcToolbox\Toolboxes\Data Management Tools.tbx\CalculateField" Date="20110804" Time="162940">CalculateField SGID93.POLITICAL.VistaBallotAreas PrecinctID split( [VistaID],":")(0) VB #</Process><Process ToolSource="C:\Program Files (x86)\ArcGIS\Desktop10.0\ArcToolbox\Toolboxes\Data Management Tools.tbx\CalculateField" Date="20110804" Time="163009">CalculateField SGID93.POLITICAL.VistaBallotAreas PrecinctID split( [VistaID],":")(0) VB #</Process><Process ToolSource="C:\Program Files (x86)\ArcGIS\Desktop10.0\ArcToolbox\Toolboxes\Data Management Tools.tbx\CalculateField" Date="20110804" Time="163212">CalculateField SGID93.POLITICAL.VistaBallotAreas PrecinctID split([VistaID],":")(0) VB #</Process><Process ToolSource="C:\Program Files (x86)\ArcGIS\Desktop10.0\ArcToolbox\Toolboxes\Data Management Tools.tbx\CalculateField" Date="20110804" Time="163221">CalculateField SGID93.POLITICAL.VistaBallotAreas SubPrecinctID split([VistaID],":")(1) VB #</Process><Process ToolSource="C:\Program Files (x86)\ArcGIS\Desktop10.0\ArcToolbox\Toolboxes\Data Management Tools.tbx\CalculateField" Date="20110804" Time="163231">CalculateField SGID93.POLITICAL.VistaBallotAreas EffectiveDate "1/1/11" VB #</Process><Process ToolSource="C:\Program Files (x86)\ArcGIS\Desktop10.0\ArcToolbox\Toolboxes\Data Management Tools.tbx\CalculateField" Date="20110804" Time="163242">CalculateField SGID93.POLITICAL.VistaBallotAreas Comments "jordmerrell" VB #</Process><Process ToolSource="C:\Program Files (x86)\ArcGIS\Desktop10.0\ArcToolbox\Toolboxes\Data Management Tools.tbx\CalculateField" Date="20110804" Time="163256">CalculateField SGID93.POLITICAL.VistaBallotAreas RcvdDate "8/4/11" VB #</Process><Process ToolSource="C:\Program Files (x86)\ArcGIS\Desktop10.0\ArcToolbox\Toolboxes\Data Management Tools.tbx\CalculateField" Date="20110804" Time="163341">CalculateField SGID93.POLITICAL.VistaBallotAreas Comments "tbruckner" VB #</Process><Process ToolSource="C:\Program Files (x86)\ArcGIS\Desktop10.0\ArcToolbox\Toolboxes\Data Management Tools.tbx\CalculateField" Date="20110804" Time="163914">CalculateField SGID93.POLITICAL.VistaBallotAreas CountyID 23 VB #</Process><Process ToolSource="C:\Program Files (x86)\ArcGIS\Desktop10.0\ArcToolbox\Toolboxes\Data Management Tools.tbx\CalculateField" Date="20110804" Time="163930">CalculateField SGID93.POLITICAL.VistaBallotAreas EffectiveDate "1/1/11" VB #</Process><Process ToolSource="C:\Program Files (x86)\ArcGIS\Desktop10.0\ArcToolbox\Toolboxes\Data Management Tools.tbx\CalculateField" Date="20110804" Time="163939">CalculateField SGID93.POLITICAL.VistaBallotAreas EffectiveDate "1/1/11" VB #</Process><Process ToolSource="C:\Program Files (x86)\ArcGIS\Desktop10.0\ArcToolbox\Toolboxes\Data Management Tools.tbx\CalculateField" Date="20110804" Time="163953">CalculateField SGID93.POLITICAL.VistaBallotAreas RcvdDate "8/4/2011" VB #</Process><Process ToolSource="C:\Program Files (x86)\ArcGIS\Desktop10.0\ArcToolbox\Toolboxes\Data Management Tools.tbx\CalculateField" Date="20110804" Time="164015">CalculateField SGID93.POLITICAL.VistaBallotAreas RcvdDate "8/4/2011" VB #</Process><Process ToolSource="C:\Program Files (x86)\ArcGIS\Desktop10.0\ArcToolbox\Toolboxes\Data Management Tools.tbx\CalculateField" Date="20110804" Time="164026">CalculateField SGID93.POLITICAL.VistaBallotAreas Comments "bbeede" VB #</Process><Process ToolSource="C:\Program Files (x86)\ArcGIS\Desktop10.0\ArcToolbox\Toolboxes\Data Management Tools.tbx\CalculateField" Date="20110804" Time="164037">CalculateField SGID93.POLITICAL.VistaBallotAreas EffectiveDate "01/01/11"
 VB #</Process><Process ToolSource="C:\Program Files (x86)\ArcGIS\Desktop10.0\ArcToolbox\Toolboxes\Data Management Tools.tbx\CalculateField" Date="20110810" Time="112508">CalculateField SGID93.POLITICAL.VistaBallotAreas VistaID "15:3" VB #</Process><Process ToolSource="C:\Program Files (x86)\ArcGIS\Desktop10.0\ArcToolbox\Toolboxes\Data Management Tools.tbx\CalculateField" Date="20110810" Time="112519">CalculateField SGID93.POLITICAL.VistaBallotAreas SubPrecinctID 3 VB #</Process><Process ToolSource="C:\Program Files (x86)\ArcGIS\Desktop10.0\ArcToolbox\Toolboxes\Data Management Tools.tbx\CalculateField" Date="20110815" Time="083702">CalculateField SGID93.POLITICAL.VistaBallotAreas CountyID 27 VB #</Process><Process ToolSource="C:\Program Files (x86)\ArcGIS\Desktop10.0\ArcToolbox\Toolboxes\Data Management Tools.tbx\CalculateField" Date="20110815" Time="083738">CalculateField SGID93.POLITICAL.VistaBallotAreas PrecinctID split( [VistaID],":")(0) VB #</Process><Process ToolSource="C:\Program Files (x86)\ArcGIS\Desktop10.0\ArcToolbox\Toolboxes\Data Management Tools.tbx\CalculateField" Date="20110815" Time="083800">CalculateField SGID93.POLITICAL.VistaBallotAreas VistaID "UNKN" VB #</Process><Process ToolSource="C:\Program Files (x86)\ArcGIS\Desktop10.0\ArcToolbox\Toolboxes\Data Management Tools.tbx\CalculateField" Date="20110815" Time="083805">CalculateField SGID93.POLITICAL.VistaBallotAreas PrecinctID "UNKN" VB #</Process><Process ToolSource="C:\Program Files (x86)\ArcGIS\Desktop10.0\ArcToolbox\Toolboxes\Data Management Tools.tbx\CalculateField" Date="20110815" Time="083915">CalculateField SGID93.POLITICAL.VistaBallotAreas SubPrecinctID split( [VistaID],":")(1) VB #</Process><Process ToolSource="C:\Program Files (x86)\ArcGIS\Desktop10.0\ArcToolbox\Toolboxes\Data Management Tools.tbx\CalculateField" Date="20110815" Time="084012">CalculateField SGID93.POLITICAL.VistaBallotAreas Comments "peter.hansen" VB #</Process><Process ToolSource="C:\Program Files (x86)\ArcGIS\Desktop10.0\ArcToolbox\Toolboxes\Data Management Tools.tbx\CalculateField" Date="20110815" Time="084033">CalculateField SGID93.POLITICAL.VistaBallotAreas RcvdDate "7/21/2011" VB #</Process><Process ToolSource="C:\Program Files (x86)\ArcGIS\Desktop10.0\ArcToolbox\Toolboxes\Data Management Tools.tbx\CalculateField" Date="20110815" Time="084113">CalculateField SGID93.POLITICAL.VistaBallotAreas EffectiveDate "1/1/2011" VB #</Process><Process ToolSource="C:\Program Files (x86)\ArcGIS\Desktop10.0\ArcToolbox\Toolboxes\Data Management Tools.tbx\Append" Date="20110816" Time="143734">Append POLITICAL.VistaBallotAreas_prop SGID93.POLITICAL.VistaBallotAreas TEST # #</Process><Process ToolSource="C:\Program Files (x86)\ArcGIS\Desktop10.0\ArcToolbox\Toolboxes\Data Management Tools.tbx\DeleteFeatures" Date="20110816" Time="153707">DeleteFeatures oldlayer2</Process><Process ToolSource="C:\Program Files (x86)\ArcGIS\Desktop10.0\ArcToolbox\Toolboxes\Data Management Tools.tbx\Append" Date="20110816" Time="153709">Append newlayer2 "Database Connections\DC_Political@SGID93@gdb93.agrc.utah.gov.sde\SGID93.POLITICAL.VistaBallotAreas" TEST # #</Process><Process ToolSource="C:\Program Files (x86)\ArcGIS\Desktop10.0\ArcToolbox\Toolboxes\Data Management Tools.tbx\DeleteFeatures" Date="20110901" Time="173107">DeleteFeatures SGID93.POLITICAL.VistaBallotAreas</Process><Process ToolSource="C:\Program Files (x86)\ArcGIS\Desktop10.0\ArcToolbox\Toolboxes\Data Management Tools.tbx\CalculateField" Date="20110906" Time="114659">CalculateField SGID93.POLITICAL.VistaBallotAreas VistaID "AXT:U" VB #</Process><Process ToolSource="C:\Program Files (x86)\ArcGIS\Desktop10.0\ArcToolbox\Toolboxes\Data Management Tools.tbx\CalculateField" Date="20110906" Time="114709">CalculateField SGID93.POLITICAL.VistaBallotAreas SubPrecinctID "U" VB #</Process><Process ToolSource="C:\Program Files (x86)\ArcGIS\Desktop10.0\ArcToolbox\Toolboxes\Data Management Tools.tbx\DeleteFeatures" Date="20110912" Time="132854">DeleteFeatures oldlayer2</Process><Process ToolSource="C:\Program Files (x86)\ArcGIS\Desktop10.0\ArcToolbox\Toolboxes\Data Management Tools.tbx\Append" Date="20110912" Time="132856">Append newlayer2 "Database Connections\DC_Political@SGID93@gdb93.agrc.utah.gov.sde\SGID93.POLITICAL.VistaBallotAreas" TEST # #</Process><Process ToolSource="C:\Program Files (x86)\ArcGIS\Desktop10.0\ArcToolbox\Toolboxes\Data Management Tools.tbx\DeleteFeatures" Date="20110915" Time="155522">DeleteFeatures oldlayer2</Process><Process ToolSource="C:\Program Files (x86)\ArcGIS\Desktop10.0\ArcToolbox\Toolboxes\Data Management Tools.tbx\Append" Date="20110915" Time="155525">Append newlayer2 "Database Connections\DC_Political@SGID93@gdb93.agrc.utah.gov.sde\SGID93.POLITICAL.VistaBallotAreas" TEST # #</Process><Process ToolSource="C:\Program Files (x86)\ArcGIS\Desktop10.0\ArcToolbox\Toolboxes\Data Management Tools.tbx\DeleteFeatures" Date="20111004" Time="172318">DeleteFeatures oldlayer2</Process><Process ToolSource="C:\Program Files (x86)\ArcGIS\Desktop10.0\ArcToolbox\Toolboxes\Data Management Tools.tbx\Append" Date="20111004" Time="172320">Append newlayer2 "Database Connections\DC_Political@SGID93@gdb93.agrc.utah.gov.sde\SGID93.POLITICAL.VistaBallotAreas" TEST # #</Process><Process ToolSource="C:\Program Files (x86)\ArcGIS\Desktop10.0\ArcToolbox\Toolboxes\Data Management Tools.tbx\DeleteFeatures" Date="20111012" Time="102619">DeleteFeatures oldlayer2</Process><Process ToolSource="C:\Program Files (x86)\ArcGIS\Desktop10.0\ArcToolbox\Toolboxes\Data Management Tools.tbx\Append" Date="20111012" Time="102621">Append newlayer2 "Database Connections\DC_Political@SGID93@gdb93.agrc.utah.gov.sde\SGID93.POLITICAL.VistaBallotAreas" TEST # #</Process><Process ToolSource="C:\Program Files (x86)\ArcGIS\Desktop10.0\ArcToolbox\Toolboxes\Data Management Tools.tbx\DeleteFeatures" Date="20111017" Time="171013">DeleteFeatures oldlayer2</Process><Process ToolSource="C:\Program Files (x86)\ArcGIS\Desktop10.0\ArcToolbox\Toolboxes\Data Management Tools.tbx\Append" Date="20111017" Time="171015">Append newlayer2 "Database Connections\DC_Political@SGID93@gdb93.agrc.utah.gov.sde\SGID93.POLITICAL.VistaBallotAreas" TEST # #</Process><Process ToolSource="C:\Program Files (x86)\ArcGIS\Desktop10.0\ArcToolbox\Toolboxes\Data Management Tools.tbx\DeleteFeatures" Date="20111019" Time="084442">DeleteFeatures oldlayer2</Process><Process ToolSource="C:\Program Files (x86)\ArcGIS\Desktop10.0\ArcToolbox\Toolboxes\Data Management Tools.tbx\Append" Date="20111019" Time="084444">Append newlayer2 "Database Connections\DC_Political@SGID93@gdb93.agrc.utah.gov.sde\SGID93.POLITICAL.VistaBallotAreas" TEST # #</Process><Process ToolSource="C:\Program Files (x86)\ArcGIS\Desktop10.0\ArcToolbox\Toolboxes\Data Management Tools.tbx\DeleteFeatures" Date="20111019" Time="174312">DeleteFeatures oldlayer2</Process><Process ToolSource="C:\Program Files (x86)\ArcGIS\Desktop10.0\ArcToolbox\Toolboxes\Data Management Tools.tbx\Append" Date="20111019" Time="174315">Append newlayer2 "Database Connections\DC_Political@SGID93@gdb93.agrc.utah.gov.sde\SGID93.POLITICAL.VistaBallotAreas" TEST # #</Process><Process ToolSource="C:\Program Files (x86)\ArcGIS\Desktop10.0\ArcToolbox\Toolboxes\Data Management Tools.tbx\DeleteFeatures" Date="20111114" Time="105709">DeleteFeatures oldlayer2</Process><Process ToolSource="C:\Program Files (x86)\ArcGIS\Desktop10.0\ArcToolbox\Toolboxes\Data Management Tools.tbx\Append" Date="20111114" Time="105713">Append newlayer2 "Database Connections\DC_Political@SGID93@gdb93.agrc.utah.gov.sde\SGID93.POLITICAL.VistaBallotAreas" TEST # #</Process><Process ToolSource="C:\Program Files (x86)\ArcGIS\Desktop10.0\ArcToolbox\Toolboxes\Data Management Tools.tbx\DeleteFeatures" Date="20111207" Time="095908">DeleteFeatures oldlayer2</Process><Process ToolSource="C:\Program Files (x86)\ArcGIS\Desktop10.0\ArcToolbox\Toolboxes\Data Management Tools.tbx\Append" Date="20111207" Time="095915">Append newlayer2 "Database Connections\DC_Political@SGID93@gdb93.agrc.utah.gov.sde\SGID93.POLITICAL.VistaBallotAreas" TEST # #</Process><Process ToolSource="C:\Program Files (x86)\ArcGIS\Desktop10.0\ArcToolbox\Toolboxes\Data Management Tools.tbx\CalculateField" Date="20111213" Time="121214">CalculateField SGID93.POLITICAL.VistaBallotAreas RcvdDate "12/13/2011" VB #</Process><Process ToolSource="C:\Program Files (x86)\ArcGIS\Desktop10.0\ArcToolbox\Toolboxes\Data Management Tools.tbx\DeleteFeatures" Date="20111227" Time="121008">DeleteFeatures oldlayer2</Process><Process ToolSource="C:\Program Files (x86)\ArcGIS\Desktop10.0\ArcToolbox\Toolboxes\Data Management Tools.tbx\Append" Date="20111227" Time="121011">Append newlayer2 "Database Connections\DC_Political@SGID93@gdb93.agrc.utah.gov.sde\SGID93.POLITICAL.VistaBallotAreas" TEST # #</Process><Process ToolSource="C:\Program Files (x86)\ArcGIS\Desktop10.0\ArcToolbox\Toolboxes\Data Management Tools.tbx\DeleteFeatures" Date="20120123" Time="095057">DeleteFeatures oldlayer2</Process><Process ToolSource="C:\Program Files (x86)\ArcGIS\Desktop10.0\ArcToolbox\Toolboxes\Data Management Tools.tbx\Append" Date="20120123" Time="095058">Append newlayer2 "Database Connections\DC_Political@SGID93@gdb93.agrc.utah.gov.sde\SGID93.POLITICAL.VistaBallotAreas" TEST # #</Process><Process ToolSource="C:\Program Files (x86)\ArcGIS\Desktop10.0\ArcToolbox\Toolboxes\Data Management Tools.tbx\ChangePrivileges" Date="20120207" Time="144349">ChangePrivileges 'Database Connections\DC_Political@SGID93@gdb93.agrc.utah.gov.sde\SGID93.POLITICAL.VistaBallotAreas_2011' AGRC GRANT #</Process><Process ToolSource="c:\program files (x86)\arcgis\desktop10.0\ArcToolbox\Toolboxes\Data Management Tools.tbx\DeleteFeatures" Date="20120207" Time="145226">DeleteFeatures POLITICAL.VistaBallotAreas_A</Process><Process ToolSource="c:\program files (x86)\arcgis\desktop10.0\ArcToolbox\Toolboxes\Data Management Tools.tbx\DeleteFeatures" Date="20120207" Time="160826">DeleteFeatures POLITICAL.VistaBallotAreas_A</Process><Process ToolSource="C:\Program Files (x86)\ArcGIS\Desktop10.0\ArcToolbox\Toolboxes\Data Management Tools.tbx\ChangePrivileges" Date="20120216" Time="105032">ChangePrivileges 'Database Connections\DC_Political@SGID10@gdb10.agrc.utah.gov.sde\SGID10.POLITICAL.VistaBallotAreas_Archive2011' AGRC GRANT #</Process><Process ToolSource="c:\program files (x86)\arcgis\desktop10.0\ArcToolbox\Toolboxes\Data Management Tools.tbx\CalculateField" Date="20120216" Time="105648">CalculateField "Database Connections\DC_Political@SGID10@gdb10.agrc.utah.gov.sde\SGID10.POLITICAL.VistaBallotAreas_Archive2011" EndDate "12/31/2011" VB #</Process><Process ToolSource="C:\Program Files (x86)\ArcGIS\Desktop10.0\ArcToolbox\Toolboxes\Data Management Tools.tbx\Analyze" Date="20120226" Time="010410">Analyze "Database Connections\DC_sdeadmin@SGID10@itdb104sp.dts.utah.gov.sde\SGID10.POLITICAL.VistaBallotAreas_Archive2011" BUSINESS;FEATURE;ADDS;DELETES</Process><Process ToolSource="C:\Program Files (x86)\ArcGIS\Desktop10.0\ArcToolbox\Toolboxes\Data Management Tools.tbx\CopyFeatures" Date="20120413" Time="110925">CopyFeatures C:\sgidout\POLITICAL\PackagedData\_Statewide\UtahVotingPrecincts_Archive_Thru2011\UtahVotingPrecincts_Archive_Thru2011.gdb\VistaBallotAreas_Archive2011 C:\sgidout\POLITICAL\PackagedData\_Statewide\UtahVotingPrecincts_Archive_Thru2011\VistaBallotAreas_Archive2011.shp # 0 0 0</Process></lineage><itemProps><itemName Sync="TRUE">VistaBallotAreas_Archive2011</itemName><imsContentType Sync="TRUE">002</imsContentType><nativeExtBox><westBL Sync="TRUE">228606.930000</westBL><eastBL Sync="TRUE">673940.600000</eastBL><southBL Sync="TRUE">4094775.500000</southBL><northBL Sync="TRUE">4653614.710000</northBL><exTypeCode Sync="TRUE">1</exTypeCode></nativeExtBox><itemLocation><linkage Sync="TRUE">file://\\DP-BRANBERG\C$\sgidout\POLITICAL\PackagedData\_Statewide\UtahVotingPrecincts_Archive_Thru2011\VistaBallotAreas_Archive2011.shp</linkage><protocol Sync="TRUE">Local Area Network</protocol></itemLocation><itemSize Sync="TRUE">0.000</itemSize></itemProps><coordRef><type Sync="TRUE">Projected</type><geogcsn Sync="TRUE">GCS_North_American_1983</geogcsn><projcsn Sync="TRUE">NAD_1983_UTM_Zone_12N</projcsn><peXml Sync="TRUE">&lt;ProjectedCoordinateSystem xsi:type='typens:ProjectedCoordinateSystem' xmlns:xsi='http://www.w3.org/2001/XMLSchema-instance' xmlns:xs='http://www.w3.org/2001/XMLSchema' xmlns:typens='http://www.esri.com/schemas/ArcGIS/10.0'&gt;&lt;WKT&gt;PROJCS[&amp;quot;NAD_1983_UTM_Zone_12N&amp;quot;,GEOGCS[&amp;quot;GCS_North_American_1983&amp;quot;,DATUM[&amp;quot;D_North_American_1983&amp;quot;,SPHEROID[&amp;quot;GRS_1980&amp;quot;,6378137.0,298.257222101]],PRIMEM[&amp;quot;Greenwich&amp;quot;,0.0],UNIT[&amp;quot;Degree&amp;quot;,0.0174532925199433]],PROJECTION[&amp;quot;Transverse_Mercator&amp;quot;],PARAMETER[&amp;quot;False_Easting&amp;quot;,500000.0],PARAMETER[&amp;quot;False_Northing&amp;quot;,0.0],PARAMETER[&amp;quot;Central_Meridian&amp;quot;,-111.0],PARAMETER[&amp;quot;Scale_Factor&amp;quot;,0.9996],PARAMETER[&amp;quot;Latitude_Of_Origin&amp;quot;,0.0],UNIT[&amp;quot;Meter&amp;quot;,1.0],AUTHORITY[&amp;quot;EPSG&amp;quot;,26912]]&lt;/WKT&gt;&lt;XOrigin&gt;-5120900&lt;/XOrigin&gt;&lt;YOrigin&gt;-9998100&lt;/YOrigin&gt;&lt;XYScale&gt;450445547.3910538&lt;/XYScale&gt;&lt;ZOrigin&gt;-100000&lt;/ZOrigin&gt;&lt;ZScale&gt;10000&lt;/ZScale&gt;&lt;MOrigin&gt;-100000&lt;/MOrigin&gt;&lt;MScale&gt;10000&lt;/MScale&gt;&lt;XYTolerance&gt;0.001&lt;/XYTolerance&gt;&lt;ZTolerance&gt;0.001&lt;/ZTolerance&gt;&lt;MTolerance&gt;0.001&lt;/MTolerance&gt;&lt;HighPrecision&gt;true&lt;/HighPrecision&gt;&lt;WKID&gt;26912&lt;/WKID&gt;&lt;/ProjectedCoordinateSystem&gt;</peXml><csUnits Sync="TRUE">Linear Unit: Meter (1.000000)</csUnits></coordRef></DataProperties><SyncDate>20120413</SyncDate><SyncTime>11092400</SyncTime><ModDate>20120413</ModDate><ModTime>11092400</ModTime><ArcGISProfile>FGDC</ArcGISProfile></Esri><idinfo><keywords><theme><themekey>Political</themekey><themekey>Elections</themekey><themekey>Voting</themekey><themekey>HAVA</themekey><themekey>VISTA</themekey><themekey>Voter</themekey><themekey>Boundaries</themekey><themekey>Precincts</themekey><themekey>Subprecincts</themekey></theme></keywords><descript><abstract>In response to the Help America Vote Act (HAVA) passed in 2002, the Office of Elections in the Lieutenant Governor's, designed, developed and implemented a statewide database, the Utah Voter Information and State Tracking Application (VISTA)

In 2011, the VISTA project began closely integrating county-level GIS mapping data representing the precinct and subprecinct boundaries that define the ballot areas for the state. This dataset is the digital map dataset that the VISTA project is actively using for their GIS integration.

VISTA Precincts and Sub Precincts are tracked using a unique identifier of up to 10 characters to represent a specific balloting unit (wherein all voters in a specified precinct receive the same ballot). Precincts are identified using up to 6 characters; example: SJ001A or 007. Sub Precincts  are identified using a 6 character precinct identifier, a “:” character, and up to 4 characters for the Sub Precinct identifier; example: SJ0003:SW2.
</abstract><purpose>These are the Vista precincts that were used for the the 2011 General Election. They will NOT be used for the 2012 Elections as they have been superceded.</purpose><supplinf>The VISTABallotAreas layer is updated frequently and it is recommended that GIS users access this data via an ArcSDE connection. Please note that the metadata in SDE will contain the most recent update date and individual county 'last updated' dates are contained in the RcvdDate field.

Boundary Geometry guidelines provided to Utah County Clerks and their GIS staff:

GIS Format Data Files:  All new  Precinct - Sub Precinct Area data should be provided in a shapefile (please include the.shp, .shx, .dbf, .prj, and .xml component files) or file geodatabase format. An empty shapefile and filegeodatabase schema are available for download at:

        ftp://ftp.agrc.utah.gov/VISTA/Vista_GISBallotAreas_Empty.zip.

Full, Seamless Coverage: Ballot Area polygons should seamlessly cover the full geographic extent of the county. The following topological rules should hold valid: 1) must not overlap; and 2) must not have gaps.


One Record Per Unique Precinct - Sub Precinct Area: Each VISTA Precinct or Sub Precinct will have one and only one geographic area record. Where two or more areas have the same VISTA Precinct or Sub Precinct identification number, these should be merged into a single geographic feature and corresponding attribute record. No Precinct-level polygon should be submitted if that Precinct is subdivided into Sub Precincts .


Standard Coordinate System: Ideally, all submissions will represent Precinct - Sub Precinct Areas using Universal Transverse Mercator coordinates (NAD83, Zone 12 North). However, boundaries stored in other industry standard coordinate systems will be accepted if they are both defined within the data file(s) and documented in the metadata (see below).
</supplinf></descript><ptcontac><cntinfo><cntperp><cntper>Bert Granberg</cntper><cntorg>Utah AGRC, SGID Group</cntorg></cntperp><cntvoice>801 538 3072</cntvoice><cntemail>bgranberg@utah.gov</cntemail><cntinst>General VISTA Database and Application Contact Points:
Ray Palmer (email: rpalmer@utah.gov; office phone: 801-538-1546)
Kevin Higgs (email: khiggs@utah.gov; office phone: 801-538-1393)</cntinst></cntinfo></ptcontac><citation><citeinfo><pubdate>20110718</pubdate></citeinfo></citation><timeperd><timeinfo><sngdate><caldate>20110718</caldate></sngdate></timeinfo><current>see RcvdDate field for individual counties</current></timeperd><status><progress>In work</progress><update>Continually</update></status><accconst>none</accconst><datacred>Utah AGRC, Utah Counties, Lt. Governor's Elections Office</datacred></idinfo><dataIdInfo><envirDesc Sync="TRUE">Microsoft Windows 7 Version 6.1 (Build 7600) ; ESRI ArcGIS 10.0.3.3600</envirDesc><dataLang><languageCode value="eng" country="USA"/><countryCode value="USA" Sync="TRUE"/></dataLang><idCitation><resTitle Sync="TRUE">VistaBallotAreas_Archive2011</resTitle><presForm><PresFormCd value="005"/></presForm></idCitation><descKeys><thesaName uuidref="723f6998-058e-11dc-8314-0800200c9a66"/><keyword Sync="TRUE">002</keyword></descKeys><spatRpType><SpatRepTypCd value="001"/></spatRpType><dataExt><geoEle><GeoBndBox esriExtentType="search"><westBL Sync="TRUE">-114.276180</westBL><eastBL Sync="TRUE">-108.899260</eastBL><northBL Sync="TRUE">42.034572</northBL><southBL Sync="TRUE">36.959978</southBL><exTypeCode Sync="TRUE">1</exTypeCode></GeoBndBox></geoEle></dataExt><idPurp>see FGDC metadata</idPurp></dataIdInfo><mdLang><languageCode value="eng"/><countryCode value="USA" Sync="TRUE"/></mdLang><mdChar><CharSetCd value="004"/></mdChar><distInfo><distFormat><formatName Sync="TRUE">Shapefile</formatName></distFormat><distTranOps><transSize Sync="TRUE">0.000</transSize></distTranOps></distInfo><mdHrLv><ScopeCd value="005"/></mdHrLv><mdHrLvName Sync="TRUE">dataset</mdHrLvName><refSysInfo><RefSystem><refSysID><identCode code="26912"/><idCodeSpace Sync="TRUE">EPSG</idCodeSpace><idVersion Sync="TRUE">7.4.1</idVersion></refSysID></RefSystem></refSysInfo><spdoinfo><ptvctinf><esriterm><efeatyp Sync="TRUE">Simple</efeatyp><efeageom code="4" Sync="TRUE"></efeageom><esritopo Sync="TRUE">FALSE</esritopo><efeacnt Sync="TRUE">0</efeacnt><spindex Sync="TRUE">FALSE</spindex><linrefer Sync="TRUE">FALSE</linrefer></esriterm></ptvctinf></spdoinfo><spatRepInfo><VectSpatRep><geometObjs Name="VistaBallotAreas_Archive2011"><geoObjTyp><GeoObjTypCd value="002" Sync="TRUE"></GeoObjTypCd></geoObjTyp><geoObjCnt Sync="TRUE">0</geoObjCnt></geometObjs><topLvl><TopoLevCd value="001" Sync="TRUE"></TopoLevCd></topLvl></VectSpatRep></spatRepInfo><eainfo><detailed Name="VistaBallotAreas_Archive2011"><enttyp><enttypl Sync="TRUE">VistaBallotAreas_Archive2011</enttypl><enttypt Sync="TRUE">Feature Class</enttypt><enttypc Sync="TRUE">0</enttypc></enttyp><attr><attrlabl Sync="TRUE">FID</attrlabl><attalias Sync="TRUE">FID</attalias><attrtype Sync="TRUE">OID</attrtype><attwidth Sync="TRUE">4</attwidth><atprecis Sync="TRUE">0</atprecis><attscale Sync="TRUE">0</attscale><attrdef Sync="TRUE">Internal feature number.</attrdef><attrdefs Sync="TRUE">ESRI</attrdefs><attrdomv><udom Sync="TRUE">Sequential unique whole numbers that are automatically generated.</udom></attrdomv></attr><attr><attrlabl Sync="TRUE">CountyID</attrlabl><attalias Sync="TRUE">CountyID</attalias><attrtype Sync="TRUE">SmallInteger</attrtype><attwidth Sync="TRUE">4</attwidth><atprecis Sync="TRUE">4</atprecis><attscale Sync="TRUE">0</attscale><attrdef>County ID Number	Beaver = 1, Box Elder = 2, Cache = 3,..., Weber = 29</attrdef></attr><attr><attrlabl Sync="TRUE">VistaID</attrlabl><attalias Sync="TRUE">VistaID</attalias><attrtype Sync="TRUE">String</attrtype><attwidth Sync="TRUE">10</attwidth><atprecis Sync="TRUE">0</atprecis><attscale Sync="TRUE">0</attscale><attrdef>Ballot Area ID. Composed of the VISTA Precinct Name and where applicable, a colon (:) and the VISTA Sub Precinct ID. VistaIDs must exactly match one, and only one precinct or sub precinct in the state VISTA database. Convention is 6char:4char	BRGC09:CFD,</attrdef></attr><attr><attrlabl Sync="TRUE">PrecinctID</attrlabl><attalias Sync="TRUE">PrecinctID</attalias><attrtype Sync="TRUE">String</attrtype><attwidth Sync="TRUE">6</attwidth><atprecis Sync="TRUE">0</atprecis><attscale Sync="TRUE">0</attscale><attrdef>PrecinctID	Text	6	VISTA database unique identifier for Precinct area. Up to six alphanumeric characters	BRGC09, SJ001A,</attrdef></attr><attr><attrlabl Sync="TRUE">VersionNbr</attrlabl><attalias Sync="TRUE">VersionNbr</attalias><attrtype Sync="TRUE">String</attrtype><attwidth Sync="TRUE">20</attwidth><atprecis Sync="TRUE">0</atprecis><attscale Sync="TRUE">0</attscale><attrdef>County version number for plan	1.0, 12B, etc  NOT REQUIRED</attrdef></attr><attr><attrlabl Sync="TRUE">SubPrecinc</attrlabl><attalias Sync="TRUE">SubPrecinc</attalias><attrtype Sync="TRUE">String</attrtype><attwidth Sync="TRUE">4</attwidth><atprecis Sync="TRUE">0</atprecis><attscale Sync="TRUE">0</attscale></attr><attr><attrlabl Sync="TRUE">AliasName</attrlabl><attalias Sync="TRUE">AliasName</attalias><attrtype Sync="TRUE">String</attrtype><attwidth Sync="TRUE">50</attwidth><atprecis Sync="TRUE">0</atprecis><attscale Sync="TRUE">0</attscale><attrdef>maybe used to show common name for precinct</attrdef></attr><attr><attrlabl Sync="TRUE">EffectiveD</attrlabl><attalias Sync="TRUE">EffectiveD</attalias><attrtype Sync="TRUE">Date</attrtype><attwidth Sync="TRUE">8</attwidth><atprecis Sync="TRUE">0</atprecis><attscale Sync="TRUE">0</attscale></attr><attr><attrlabl Sync="TRUE">Comments</attrlabl><attalias Sync="TRUE">Comments</attalias><attrtype Sync="TRUE">String</attrtype><attwidth Sync="TRUE">100</attwidth><atprecis Sync="TRUE">0</atprecis><attscale Sync="TRUE">0</attscale><attrdef>comments, county submission contact notes</attrdef></attr><attr><attrlabl Sync="TRUE">RcvdDate</attrlabl><attalias Sync="TRUE">RcvdDate</attalias><attrtype Sync="TRUE">Date</attrtype><attwidth Sync="TRUE">8</attwidth><atprecis Sync="TRUE">0</atprecis><attscale Sync="TRUE">0</attscale><attrdef>THIS IS THE DATE THE CURRENT BOUNDARIES WERE RECEIVED FROM THE COUNTY (AND LOADED INTO THIS DATASET)</attrdef></attr><attr><attrlabl Sync="TRUE">SHAPE</attrlabl><attalias Sync="TRUE">Shape</attalias><attrtype Sync="TRUE">Geometry</attrtype><attwidth Sync="TRUE">0</attwidth><atprecis Sync="TRUE">0</atprecis><attscale Sync="TRUE">0</attscale><attrdef Sync="TRUE">Feature geometry.</attrdef><attrdefs Sync="TRUE">ESRI</attrdefs><attrdomv><udom Sync="TRUE">Coordinates defining the features.</udom></attrdomv></attr><attr><attrlabl Sync="TRUE">EndDate</attrlabl><attalias Sync="TRUE">EndDate</attalias><attrtype Sync="TRUE">Date</attrtype><attwidth Sync="TRUE">8</attwidth><atprecis Sync="TRUE">0</atprecis><attscale Sync="TRUE">0</attscale></attr><attr><attrlabl Sync="TRUE">SHAPE_Leng</attrlabl><attalias Sync="TRUE">SHAPE_Leng</attalias><attrtype Sync="TRUE">Double</attrtype><attwidth Sync="TRUE">19</attwidth><atprecis Sync="TRUE">0</atprecis><attscale Sync="TRUE">0</attscale></attr><attr><attrlabl Sync="TRUE">SHAPE_Area</attrlabl><attalias Sync="TRUE">SHAPE_Area</attalias><attrtype Sync="TRUE">Double</attrtype><attwidth Sync="TRUE">19</attwidth><atprecis Sync="TRUE">0</atprecis><attscale Sync="TRUE">0</attscale><attrdef Sync="TRUE">Area of feature in internal units squared.</attrdef><attrdefs Sync="TRUE">ESRI</attrdefs><attrdomv><udom Sync="TRUE">Positive real numbers that are automatically generated.</udom></attrdomv></attr></detailed></eainfo><mdDateSt Sync="TRUE">20120413</mdDateSt></metadata>
