<?xml version="1.0" encoding="UTF-8"?><metadata>
<idinfo>
<citation>
<citeinfo>
<origin/>
<title>Election Boundaries</title>
<edition>N/A</edition>
<geoform>vector digital data</geoform>
<onlink>http://firstmap.gis.delaware.gov/arcgis/rest/services/Boundaries/DE_Election_Boundaries/FeatureServer</onlink>
</citeinfo>
</citation>
<descript>
<abstract>2012 State of Delaware Election District Boundaries</abstract>
<purpose>2012 State of Delaware Election District Boundaries</purpose>
<supplinf>None</supplinf>
</descript>
<status>
<progress>Complete</progress>
</status>
<spdom/>
<keywords>
<theme>
<themekt>Legislative</themekt>
<themekey>Election Districts</themekey>
<themekey>Election Boundaries</themekey>
</theme>
<theme>
<themekt>ISO 19115 Topic Categories</themekt>
<themekey>boundaries</themekey>
</theme>
<place>
<placekt>Delaware</placekt>
<placekey>State of Delaware</placekey>
</place>
</keywords>
<accconst>None</accconst>
<useconst>The State of Delaware makes no warranty or representation, expressed or implied, with respect to the quality, content, accuracy, completeness, currency, or non-infringement of proprietary rights, of any of the GIS or other data or information, or any other materials and items, that are displayed or made available for download from this site. All such data, information, items and materials (collectively, the “FirstMap Data”) are provided &amp;quot;as is&amp;quot; and users are fully and solely responsible for any consequences of use. FirstMap Data may have been created from a variety of sources, including sources beyond the control of the State of Delaware, and are subject to change without notice. To the extent you use, apply, add to, modify or implement this information in your own information system or other setting, or otherwise for your own purposes, you do so at your own risk. In no event shall the State of Delaware or its agencies, officers, employees, agents, or representatives be liable for any damages of any kind or nature whatsoever including, but not limited to, direct, indirect, special, punitive, incidental, exemplary or consequential damages arising from your downloading, modifying, sharing, distributing, or using of FirstMap Data even if notified of the possibility of such damages.  Further, the State of Delaware does not accept liability for any damages or misrepresentation caused by inaccuracies in the FirstMap Data or as a result of changes to the FirstMap Data, nor is there responsibility assumed to maintain the FirstMap Data in any manner or form.</useconst>
<ptcontac>
<cntinfo>
<cntorgp>
<cntorg>State of Delaware Department of Elections</cntorg>
<cntper>State of Delaware Department of Elections</cntper>
</cntorgp>
<cntaddr>
<addrtype>unknown</addrtype>
<country>AF</country>
</cntaddr>
<cntvoice>(302)739-4277</cntvoice>
<cntemail>COE_VOTE@state.de.us</cntemail>
</cntinfo>
</ptcontac>
<datacred>State of Delaware, Department of Elections</datacred>
<native>Unknown</native>
<crossref>
<citeinfo>
<title>State of Delaware Election District Boundaries</title>
</citeinfo>
</crossref>
</idinfo>
<spdoinfo>
<direct>Vector</direct>
<ptvctinf>
<sdtsterm>
<ptvctcnt>430</ptvctcnt>
</sdtsterm>
</ptvctinf>
</spdoinfo>
<eainfo>
<detailed>
<enttyp>
<enttypl>DATA_PROD.ED_RD_2012</enttypl>
</enttyp>
<attr>
<attrlabl>EDRD_2012</attrlabl>
</attr>
<attr>
<attrlabl>EGIS_OWNER.Election_ED_RD_2012.AREA</attrlabl>
</attr>
<attr>
<attrlabl>ID</attrlabl>
</attr>
<attr>
<attrlabl>SHAPE.LEN</attrlabl>
</attr>
<attr>
<attrlabl>SHAPE.AREA</attrlabl>
</attr>
<attr>
<attrlabl>OBJECTID</attrlabl>
<attrdef>Internal feature number.</attrdef>
<attrdefs>ESRI</attrdefs>
<attrdomv>
					<udom>Sequential unique whole numbers that are automatically generated.</udom>
				</attrdomv>
</attr>
<attr>
<attrlabl>Shape</attrlabl>
<attrdef>Feature geometry.</attrdef>
<attrdefs>ESRI</attrdefs>
<attrdomv>
					<udom>Coordinates defining the features.</udom>
				</attrdomv>
</attr>
<attr>
<attrlabl>POPULATION</attrlabl>
</attr>
</detailed>
</eainfo>
<distinfo>
<distrib>
<cntinfo>
<cntorgp>
<cntorg>State of Delaware Department of Elections</cntorg>
<cntper>State of Delaware Department of Elections</cntper>
</cntorgp>
<cntaddr>
<addrtype>unknown</addrtype>
<country>AF</country>
</cntaddr>
<cntvoice>(302)739-4277</cntvoice>
<cntemail>COE_VOTE@state.de.us</cntemail>
</cntinfo>
</distrib>
<resdesc>2012 State of Delaware Election District Boundaries</resdesc>
<distliab>See access and use constraints information.</distliab>
</distinfo>
<metainfo>
<metd>20120622</metd>
<metc>
<cntinfo>
<!--no contact person or organization name available-->
<cntaddr>
<addrtype>unknown</addrtype>
<country>AF</country>
</cntaddr>
</cntinfo>
</metc>
<metstdn>FGDC Content Standard for Digital Geospatial Metadata</metstdn>
<metstdv>FGDC-STD-001-1998</metstdv>
<mettc>local time</mettc>
</metainfo>
</metadata>
