<?xml version="1.0"?>
<?xml-stylesheet href="../fgdc_classic.xsl" type="text/xsl"?>
<metadata xml:lang="en">
	<Esri><MetaID>{BF9817FB-E4F0-40BB-9029-E0DD0F11EDF3}</MetaID>
		<CreaDate>20050714</CreaDate><CreaTime>10382500</CreaTime><SyncOnce>FALSE</SyncOnce><SyncDate>20050714</SyncDate><SyncTime>10383200</SyncTime><ModDate>20050714</ModDate><ModTime>11034000</ModTime></Esri><idinfo><native Sync="TRUE">Microsoft Windows XP Version 5.1 (Build 2600) Service Pack 2; ESRI ArcCatalog 9.0.0.535</native><descript><langdata Sync="TRUE">en</langdata><abstract>geo-data delineating the 2000 voter precincts of Missouri</abstract><purpose>Political and Demographic spatial analyses</purpose></descript><citation><citeinfo><origin>Geographic Resources Center</origin><pubdate>2000</pubdate><title>MO 2000 Voting Precincts (SHP)</title><ftname Sync="TRUE">svp</ftname><geoform Sync="TRUE">vector digital data</geoform><onlink>ftp:msdis.missouri.edu/pub/Cultural_Society_Demography/MO_2000_Voting_Precincts_shp.zip</onlink><pubinfo><pubplace>GRC</pubplace><publish>GRC</publish></pubinfo></citeinfo></citation><timeperd><current>publication date</current><timeinfo><sngdate><caldate>unknown</caldate></sngdate></timeinfo></timeperd><status><progress>Complete</progress><update>Unknown</update></status><spdom><bounding><westbc Sync="TRUE">-95.775271</westbc><eastbc Sync="TRUE">-88.898029</eastbc><northbc Sync="TRUE">40.620628</northbc><southbc Sync="TRUE">35.962484</southbc></bounding><lboundng><leftbc Sync="TRUE">265131.375000</leftbc><rightbc Sync="TRUE">847375.750000</rightbc><bottombc Sync="TRUE">3986650.000000</bottombc><topbc Sync="TRUE">4496645.000000</topbc></lboundng></spdom><keywords><theme><themekt>Voting Precincts</themekt><themekey>society, Voting Precincts, Missouri</themekey></theme><place><placekey>Missouri</placekey></place></keywords><accconst>none</accconst><useconst>none</useconst><natvform Sync="TRUE">ArcInfo Coverage</natvform><ptcontac><cntinfo><cntperp><cntper>James D. Harlan</cntper><cntorg>GRC</cntorg></cntperp><cntpos>Program Manager</cntpos><cntaddr><addrtype>mailing address</addrtype><address>104 Stewart Hall, University of Missouri</address><city>Columbia</city><state>MO</state><postal>65211</postal><country>USA</country></cntaddr><cntvoice>(573) 882-1356</cntvoice><cntemail>harlanj@missouri.edu</cntemail><hours>8-5</hours></cntinfo></ptcontac></idinfo><dataIdInfo><envirDesc Sync="TRUE">Microsoft Windows XP Version 5.1 (Build 2600) Service Pack 2; ESRI ArcCatalog 9.0.0.535</envirDesc><dataLang><languageCode Sync="TRUE" value="en"></languageCode></dataLang><idCitation><resTitle Sync="TRUE">svp</resTitle><presForm><PresFormCd Sync="TRUE" value="005"></PresFormCd></presForm></idCitation><spatRpType><SpatRepTypCd Sync="TRUE" value="001"></SpatRepTypCd></spatRpType><dataExt><geoEle><GeoBndBox esriExtentType="native"><westBL Sync="TRUE">265131.375</westBL><eastBL Sync="TRUE">847375.75</eastBL><northBL Sync="TRUE">4496645</northBL><southBL Sync="TRUE">3986650</southBL><exTypeCode Sync="TRUE">1</exTypeCode></GeoBndBox></geoEle></dataExt><geoBox esriExtentType="decdegrees"><westBL Sync="TRUE">-95.775271</westBL><eastBL Sync="TRUE">-88.898029</eastBL><northBL Sync="TRUE">40.620628</northBL><southBL Sync="TRUE">35.962484</southBL><exTypeCode Sync="TRUE">1</exTypeCode></geoBox></dataIdInfo><metainfo><langmeta Sync="TRUE">en</langmeta><metstdn Sync="TRUE">FGDC Content Standards for Digital Geospatial Metadata</metstdn><metstdv Sync="TRUE">FGDC-STD-001-1998</metstdv><mettc Sync="TRUE">local time</mettc><metc><cntinfo><cntaddr><addrtype>REQUIRED: The mailing and/or physical address for the organization or individual.</addrtype><city>REQUIRED: The city of the address.</city><state>REQUIRED: The state or province of the address.</state><postal>REQUIRED: The ZIP or other postal code of the address.</postal></cntaddr><cntvoice>(573) 882-1356</cntvoice><cntperp><cntper>James D. Harlan</cntper><cntorg>GRC</cntorg></cntperp></cntinfo></metc><metd Sync="TRUE">20050714</metd><metextns><onlink Sync="TRUE">http://www.esri.com/metadata/esriprof80.html</onlink><metprof Sync="TRUE">ESRI Metadata Profile</metprof></metextns></metainfo><mdLang><languageCode Sync="TRUE" value="en"></languageCode></mdLang><mdStanName Sync="TRUE">ISO 19115 Geographic Information - Metadata</mdStanName><mdStanVer Sync="TRUE">DIS_ESRI1.0</mdStanVer><mdChar><CharSetCd Sync="TRUE" value="004"></CharSetCd></mdChar><mdHrLv><ScopeCd Sync="TRUE" value="005"></ScopeCd></mdHrLv><mdHrLvName Sync="TRUE">dataset</mdHrLvName><distinfo><resdesc Sync="TRUE">Downloadable Data</resdesc><stdorder><digform><digtinfo><transize Sync="TRUE">8.198</transize><dssize Sync="TRUE">8.198</dssize></digtinfo></digform></stdorder></distinfo><distInfo><distributor><distorTran><onLineSrc><orDesc Sync="TRUE">002</orDesc><linkage Sync="TRUE">file://\\AS-HARLANJ\C$\grc\harlan\svp</linkage><protocol Sync="TRUE">Local Area Network</protocol></onLineSrc><transSize Sync="TRUE">8.198</transSize></distorTran><distorFormat><formatName Sync="TRUE">ArcInfo Coverage</formatName></distorFormat></distributor></distInfo><spdoinfo><direct Sync="TRUE">Vector</direct><ptvctinf><esriterm Name="arc"><efeatyp Sync="TRUE">Simple</efeatyp><efeageom Sync="TRUE">Arc</efeageom><esritopo Sync="TRUE">FALSE</esritopo><efeacnt Sync="TRUE">12264</efeacnt><spindex Sync="TRUE">FALSE</spindex><linrefer Sync="TRUE">FALSE</linrefer></esriterm><esriterm Name="label"><efeatyp Sync="TRUE">Simple</efeatyp><efeageom Sync="TRUE">Label</efeageom><esritopo Sync="TRUE">FALSE</esritopo><efeacnt Sync="TRUE">4361</efeacnt><spindex Sync="TRUE">FALSE</spindex><linrefer Sync="TRUE">FALSE</linrefer></esriterm><esriterm Name="polygon"><efeatyp Sync="TRUE">Simple</efeatyp><efeageom Sync="TRUE">Polygon</efeageom><esritopo Sync="TRUE">TRUE</esritopo><efeacnt Sync="TRUE">4361</efeacnt><spindex Sync="TRUE">FALSE</spindex><linrefer Sync="TRUE">FALSE</linrefer></esriterm><esriterm Name="tic"><efeatyp Sync="TRUE">Simple</efeatyp><efeageom Sync="TRUE">Tic</efeageom><esritopo Sync="TRUE">FALSE</esritopo><efeacnt Sync="TRUE">4</efeacnt><spindex Sync="TRUE">FALSE</spindex><linrefer Sync="TRUE">FALSE</linrefer></esriterm></ptvctinf></spdoinfo><spref><horizsys><cordsysn><geogcsn Sync="TRUE">GCS_North_American_1983</geogcsn><projcsn Sync="TRUE">NAD_1983_UTM_Zone_15N</projcsn></cordsysn><planar><planci><plance Sync="TRUE">coordinate pair</plance><plandu Sync="TRUE">meters</plandu><coordrep><absres Sync="TRUE">0.001024</absres><ordres Sync="TRUE">0.001024</ordres></coordrep></planci><gridsys><gridsysn Sync="TRUE">Universal Transverse Mercator</gridsysn><utm><utmzone Sync="TRUE">15</utmzone><transmer><sfctrmer Sync="TRUE">0.999600</sfctrmer><longcm Sync="TRUE">-93.000000</longcm><latprjo Sync="TRUE">0.000000</latprjo><feast Sync="TRUE">500000.000000</feast><fnorth Sync="TRUE">0.000000</fnorth></transmer></utm></gridsys></planar><geodetic><horizdn Sync="TRUE">North American Datum of 1983</horizdn><ellips Sync="TRUE">Geodetic Reference System 80</ellips><semiaxis Sync="TRUE">6378137.000000</semiaxis><denflat Sync="TRUE">298.257222</denflat></geodetic></horizsys></spref><refSysInfo><RefSystem><refSysID><identCode Sync="TRUE">NAD_1983_UTM_Zone_15N</identCode></refSysID></RefSystem></refSysInfo><spatRepInfo><VectSpatRep><topLvl><TopoLevCd Sync="TRUE" value="004"></TopoLevCd></topLvl><geometObjs Name="arc"><geoObjTyp><GeoObjTypCd Sync="TRUE" value="003"></GeoObjTypCd></geoObjTyp><geoObjCnt Sync="TRUE">12264</geoObjCnt></geometObjs><geometObjs Name="label"><geoObjTyp><GeoObjTypCd Sync="TRUE" value="004"></GeoObjTypCd></geoObjTyp><geoObjCnt Sync="TRUE">4361</geoObjCnt></geometObjs><geometObjs Name="polygon"><geoObjTyp><GeoObjTypCd Sync="TRUE" value="002"></GeoObjTypCd></geoObjTyp><geoObjCnt Sync="TRUE">4361</geoObjCnt></geometObjs><geometObjs Name="tic"><geoObjTyp><GeoObjTypCd Sync="TRUE" value="004"></GeoObjTypCd></geoObjTyp><geoObjCnt Sync="TRUE">4</geoObjCnt></geometObjs></VectSpatRep></spatRepInfo><eainfo><detailed Name="svp.pat"><enttyp><enttypl Sync="TRUE">svp.pat</enttypl><enttypt Sync="TRUE">Feature Class</enttypt><enttypc Sync="TRUE">4361</enttypc></enttyp><attr><attrlabl Sync="TRUE">FID</attrlabl><attalias Sync="TRUE">FID</attalias><attrtype Sync="TRUE">OID</attrtype><attwidth Sync="TRUE">4</attwidth><atprecis Sync="TRUE">0</atprecis><attscale Sync="TRUE">0</attscale><attrdef Sync="TRUE">Internal feature number.</attrdef><attrdefs Sync="TRUE">ESRI</attrdefs><attrdomv><udom Sync="TRUE">Sequential unique whole numbers that are automatically generated.</udom></attrdomv></attr><attr><attrlabl Sync="TRUE">Shape</attrlabl><attalias Sync="TRUE">Shape</attalias><attrtype Sync="TRUE">Geometry</attrtype><attwidth Sync="TRUE">0</attwidth><atprecis Sync="TRUE">0</atprecis><attscale Sync="TRUE">0</attscale><attrdef Sync="TRUE">Feature geometry.</attrdef><attrdefs Sync="TRUE">ESRI</attrdefs><attrdomv><udom Sync="TRUE">Coordinates defining the features.</udom></attrdomv></attr><attr><attrlabl Sync="TRUE">AREA</attrlabl><attwidth Sync="TRUE">4</attwidth><atoutwid Sync="TRUE">12</atoutwid><attrtype Sync="TRUE">Float</attrtype><atnumdec Sync="TRUE">3</atnumdec><attrdef Sync="TRUE">Area of feature in internal units squared.</attrdef><attrdefs Sync="TRUE">ESRI</attrdefs><attrdomv><udom Sync="TRUE">Positive real numbers that are automatically generated.</udom></attrdomv></attr><attr><attrlabl Sync="TRUE">PERIMETER</attrlabl><attwidth Sync="TRUE">4</attwidth><atoutwid Sync="TRUE">12</atoutwid><attrtype Sync="TRUE">Float</attrtype><atnumdec Sync="TRUE">3</atnumdec><attrdef Sync="TRUE">Perimeter of feature in internal units.</attrdef><attrdefs Sync="TRUE">ESRI</attrdefs><attrdomv><udom Sync="TRUE">Positive real numbers that are automatically generated.</udom></attrdomv></attr><attr><attrlabl Sync="TRUE">SVP#</attrlabl><attwidth Sync="TRUE">4</attwidth><atoutwid Sync="TRUE">5</atoutwid><attrtype Sync="TRUE">Binary</attrtype><attrdef Sync="TRUE">Internal feature number.</attrdef><attrdefs Sync="TRUE">ESRI</attrdefs><attrdomv><udom Sync="TRUE">Sequential unique whole numbers that are automatically generated.</udom></attrdomv></attr><attr><attrlabl Sync="TRUE">SVP-ID</attrlabl><attwidth Sync="TRUE">4</attwidth><atoutwid Sync="TRUE">5</atoutwid><attrtype Sync="TRUE">Binary</attrtype><attrdef Sync="TRUE">User-defined feature number.</attrdef><attrdefs Sync="TRUE">ESRI</attrdefs></attr><attr><attrlabl Sync="TRUE">POLY-ID</attrlabl><attwidth Sync="TRUE">4</attwidth><atoutwid Sync="TRUE">5</atoutwid><attrtype Sync="TRUE">Binary</attrtype></attr><attr><attrlabl Sync="TRUE">RINGS_OK</attrlabl><attwidth Sync="TRUE">7</attwidth><atoutwid Sync="TRUE">7</atoutwid><attrtype Sync="TRUE">Integer</attrtype></attr><attr><attrlabl Sync="TRUE">RINGS_NOK</attrlabl><attwidth Sync="TRUE">7</attwidth><atoutwid Sync="TRUE">7</atoutwid><attrtype Sync="TRUE">Integer</attrtype></attr><attr><attrlabl Sync="TRUE">ID</attrlabl><attwidth Sync="TRUE">8</attwidth><atoutwid Sync="TRUE">12</atoutwid><attrtype Sync="TRUE">Float</attrtype><atnumdec Sync="TRUE">0</atnumdec></attr><attr><attrlabl Sync="TRUE">DATA</attrlabl><attwidth Sync="TRUE">8</attwidth><atoutwid Sync="TRUE">12</atoutwid><attrtype Sync="TRUE">Float</attrtype><atnumdec Sync="TRUE">0</atnumdec></attr><attr><attrlabl Sync="TRUE">F00_UNIQUE</attrlabl><attwidth Sync="TRUE">4</attwidth><atoutwid Sync="TRUE">6</atoutwid><attrtype Sync="TRUE">Binary</attrtype></attr><attr><attrlabl Sync="TRUE">FIPS</attrlabl><attwidth Sync="TRUE">6</attwidth><atoutwid Sync="TRUE">6</atoutwid><attrtype Sync="TRUE">Character</attrtype></attr><attr><attrlabl Sync="TRUE">COUNTY</attrlabl><attwidth Sync="TRUE">16</attwidth><atoutwid Sync="TRUE">16</atoutwid><attrtype Sync="TRUE">Character</attrtype><attrdef>name of county</attrdef></attr><attr><attrlabl Sync="TRUE">PRECINCT</attrlabl><attwidth Sync="TRUE">50</attwidth><atoutwid Sync="TRUE">50</atoutwid><attrtype Sync="TRUE">Character</attrtype><attrdef>name of precinct</attrdef></attr><attr><attrlabl Sync="TRUE">F00PRESR_N</attrlabl><attwidth Sync="TRUE">4</attwidth><atoutwid Sync="TRUE">4</atoutwid><attrtype Sync="TRUE">Character</attrtype></attr><attr><attrlabl Sync="TRUE">F00PRESR_V</attrlabl><attwidth Sync="TRUE">4</attwidth><atoutwid Sync="TRUE">6</atoutwid><attrtype Sync="TRUE">Binary</attrtype></attr><attr><attrlabl Sync="TRUE">F00PRESD_N</attrlabl><attwidth Sync="TRUE">4</attwidth><atoutwid Sync="TRUE">4</atoutwid><attrtype Sync="TRUE">Character</attrtype></attr><attr><attrlabl Sync="TRUE">F00PRESD_V</attrlabl><attwidth Sync="TRUE">4</attwidth><atoutwid Sync="TRUE">6</atoutwid><attrtype Sync="TRUE">Binary</attrtype></attr><attr><attrlabl Sync="TRUE">F00PRESG_N</attrlabl><attwidth Sync="TRUE">5</attwidth><atoutwid Sync="TRUE">5</atoutwid><attrtype Sync="TRUE">Character</attrtype></attr><attr><attrlabl Sync="TRUE">F00PRESG_V</attrlabl><attwidth Sync="TRUE">4</attwidth><atoutwid Sync="TRUE">6</atoutwid><attrtype Sync="TRUE">Binary</attrtype></attr><attr><attrlabl Sync="TRUE">F00PRESREF</attrlabl><attwidth Sync="TRUE">8</attwidth><atoutwid Sync="TRUE">8</atoutwid><attrtype Sync="TRUE">Character</attrtype></attr><attr><attrlabl Sync="TRUE">F00PRESRE1</attrlabl><attwidth Sync="TRUE">4</attwidth><atoutwid Sync="TRUE">6</atoutwid><attrtype Sync="TRUE">Binary</attrtype></attr><attr><attrlabl Sync="TRUE">F00PRESL_N</attrlabl><attwidth Sync="TRUE">6</attwidth><atoutwid Sync="TRUE">6</atoutwid><attrtype Sync="TRUE">Character</attrtype></attr><attr><attrlabl Sync="TRUE">F00PRESL_V</attrlabl><attwidth Sync="TRUE">4</attwidth><atoutwid Sync="TRUE">6</atoutwid><attrtype Sync="TRUE">Binary</attrtype></attr><attr><attrlabl Sync="TRUE">F00PRESC_N</attrlabl><attwidth Sync="TRUE">8</attwidth><atoutwid Sync="TRUE">8</atoutwid><attrtype Sync="TRUE">Character</attrtype></attr><attr><attrlabl Sync="TRUE">F00PRESC_V</attrlabl><attwidth Sync="TRUE">4</attwidth><atoutwid Sync="TRUE">6</atoutwid><attrtype Sync="TRUE">Binary</attrtype></attr><attr><attrlabl Sync="TRUE">F00PRESN_N</attrlabl><attwidth Sync="TRUE">7</attwidth><atoutwid Sync="TRUE">7</atoutwid><attrtype Sync="TRUE">Character</attrtype></attr><attr><attrlabl Sync="TRUE">F00PRESN_V</attrlabl><attwidth Sync="TRUE">4</attwidth><atoutwid Sync="TRUE">6</atoutwid><attrtype Sync="TRUE">Binary</attrtype></attr><attr><attrlabl Sync="TRUE">F00GOVR_NA</attrlabl><attwidth Sync="TRUE">6</attwidth><atoutwid Sync="TRUE">6</atoutwid><attrtype Sync="TRUE">Character</attrtype></attr><attr><attrlabl Sync="TRUE">F00GOVR_VO</attrlabl><attwidth Sync="TRUE">4</attwidth><atoutwid Sync="TRUE">6</atoutwid><attrtype Sync="TRUE">Binary</attrtype></attr><attr><attrlabl Sync="TRUE">F00GOVD_NA</attrlabl><attwidth Sync="TRUE">6</attwidth><atoutwid Sync="TRUE">6</atoutwid><attrtype Sync="TRUE">Character</attrtype></attr><attr><attrlabl Sync="TRUE">F00GOVD_VO</attrlabl><attwidth Sync="TRUE">4</attwidth><atoutwid Sync="TRUE">6</atoutwid><attrtype Sync="TRUE">Binary</attrtype></attr><attr><attrlabl Sync="TRUE">F00GOVG_NA</attrlabl><attwidth Sync="TRUE">4</attwidth><atoutwid Sync="TRUE">4</atoutwid><attrtype Sync="TRUE">Character</attrtype></attr><attr><attrlabl Sync="TRUE">F00GOVG_VO</attrlabl><attwidth Sync="TRUE">4</attwidth><atoutwid Sync="TRUE">6</atoutwid><attrtype Sync="TRUE">Binary</attrtype></attr><attr><attrlabl Sync="TRUE">F00GOVREF_</attrlabl><attwidth Sync="TRUE">5</attwidth><atoutwid Sync="TRUE">5</atoutwid><attrtype Sync="TRUE">Character</attrtype></attr><attr><attrlabl Sync="TRUE">F00GOVREF1</attrlabl><attwidth Sync="TRUE">4</attwidth><atoutwid Sync="TRUE">6</atoutwid><attrtype Sync="TRUE">Binary</attrtype></attr><attr><attrlabl Sync="TRUE">F00GOVL_NA</attrlabl><attwidth Sync="TRUE">7</attwidth><atoutwid Sync="TRUE">7</atoutwid><attrtype Sync="TRUE">Character</attrtype></attr><attr><attrlabl Sync="TRUE">F00GOVL_VO</attrlabl><attwidth Sync="TRUE">4</attwidth><atoutwid Sync="TRUE">6</atoutwid><attrtype Sync="TRUE">Binary</attrtype></attr><attr><attrlabl Sync="TRUE">F00GOVC_NA</attrlabl><attwidth Sync="TRUE">5</attwidth><atoutwid Sync="TRUE">5</atoutwid><attrtype Sync="TRUE">Character</attrtype></attr><attr><attrlabl Sync="TRUE">F00GOVC_VO</attrlabl><attwidth Sync="TRUE">4</attwidth><atoutwid Sync="TRUE">6</atoutwid><attrtype Sync="TRUE">Binary</attrtype></attr><attr><attrlabl Sync="TRUE">F00GOVI_NA</attrlabl><attwidth Sync="TRUE">4</attwidth><atoutwid Sync="TRUE">4</atoutwid><attrtype Sync="TRUE">Character</attrtype></attr><attr><attrlabl Sync="TRUE">F00GOVI_VO</attrlabl><attwidth Sync="TRUE">4</attwidth><atoutwid Sync="TRUE">6</atoutwid><attrtype Sync="TRUE">Binary</attrtype></attr><attr><attrlabl Sync="TRUE">F00LGR_NAM</attrlabl><attwidth Sync="TRUE">6</attwidth><atoutwid Sync="TRUE">6</atoutwid><attrtype Sync="TRUE">Character</attrtype></attr><attr><attrlabl Sync="TRUE">F00LGR_VOT</attrlabl><attwidth Sync="TRUE">4</attwidth><atoutwid Sync="TRUE">6</atoutwid><attrtype Sync="TRUE">Binary</attrtype></attr><attr><attrlabl Sync="TRUE">F00LGD_NAM</attrlabl><attwidth Sync="TRUE">7</attwidth><atoutwid Sync="TRUE">7</atoutwid><attrtype Sync="TRUE">Character</attrtype></attr><attr><attrlabl Sync="TRUE">F00LGD_VOT</attrlabl><attwidth Sync="TRUE">4</attwidth><atoutwid Sync="TRUE">6</atoutwid><attrtype Sync="TRUE">Binary</attrtype></attr><attr><attrlabl Sync="TRUE">F00LGG_NAM</attrlabl><attwidth Sync="TRUE">8</attwidth><atoutwid Sync="TRUE">8</atoutwid><attrtype Sync="TRUE">Character</attrtype></attr><attr><attrlabl Sync="TRUE">F00LGG_VOT</attrlabl><attwidth Sync="TRUE">4</attwidth><atoutwid Sync="TRUE">6</atoutwid><attrtype Sync="TRUE">Binary</attrtype></attr><attr><attrlabl Sync="TRUE">F00LGREF_N</attrlabl><attwidth Sync="TRUE">5</attwidth><atoutwid Sync="TRUE">5</atoutwid><attrtype Sync="TRUE">Character</attrtype></attr><attr><attrlabl Sync="TRUE">F00LGREF_V</attrlabl><attwidth Sync="TRUE">4</attwidth><atoutwid Sync="TRUE">6</atoutwid><attrtype Sync="TRUE">Binary</attrtype></attr><attr><attrlabl Sync="TRUE">F00LGL_NAM</attrlabl><attwidth Sync="TRUE">6</attwidth><atoutwid Sync="TRUE">6</atoutwid><attrtype Sync="TRUE">Character</attrtype></attr><attr><attrlabl Sync="TRUE">F00LGL_VOT</attrlabl><attwidth Sync="TRUE">4</attwidth><atoutwid Sync="TRUE">6</atoutwid><attrtype Sync="TRUE">Binary</attrtype></attr><attr><attrlabl Sync="TRUE">F00LGC_NAM</attrlabl><attwidth Sync="TRUE">5</attwidth><atoutwid Sync="TRUE">5</atoutwid><attrtype Sync="TRUE">Character</attrtype></attr><attr><attrlabl Sync="TRUE">F00LGC_VOT</attrlabl><attwidth Sync="TRUE">4</attwidth><atoutwid Sync="TRUE">6</atoutwid><attrtype Sync="TRUE">Binary</attrtype></attr><attr><attrlabl Sync="TRUE">F00LGN_NAM</attrlabl><attwidth Sync="TRUE">8</attwidth><atoutwid Sync="TRUE">8</atoutwid><attrtype Sync="TRUE">Character</attrtype></attr><attr><attrlabl Sync="TRUE">F00LGN_VOT</attrlabl><attwidth Sync="TRUE">4</attwidth><atoutwid Sync="TRUE">6</atoutwid><attrtype Sync="TRUE">Binary</attrtype></attr><attr><attrlabl Sync="TRUE">F00SSR_NAM</attrlabl><attwidth Sync="TRUE">5</attwidth><atoutwid Sync="TRUE">5</atoutwid><attrtype Sync="TRUE">Character</attrtype></attr><attr><attrlabl Sync="TRUE">F00SSR_VOT</attrlabl><attwidth Sync="TRUE">4</attwidth><atoutwid Sync="TRUE">6</atoutwid><attrtype Sync="TRUE">Binary</attrtype></attr><attr><attrlabl Sync="TRUE">F00SSD_NAM</attrlabl><attwidth Sync="TRUE">3</attwidth><atoutwid Sync="TRUE">3</atoutwid><attrtype Sync="TRUE">Character</attrtype></attr><attr><attrlabl Sync="TRUE">F00SSD_VOT</attrlabl><attwidth Sync="TRUE">4</attwidth><atoutwid Sync="TRUE">6</atoutwid><attrtype Sync="TRUE">Binary</attrtype></attr><attr><attrlabl Sync="TRUE">F00SSG_NAM</attrlabl><attwidth Sync="TRUE">5</attwidth><atoutwid Sync="TRUE">5</atoutwid><attrtype Sync="TRUE">Character</attrtype></attr><attr><attrlabl Sync="TRUE">F00SSG_VOT</attrlabl><attwidth Sync="TRUE">4</attwidth><atoutwid Sync="TRUE">6</atoutwid><attrtype Sync="TRUE">Binary</attrtype></attr><attr><attrlabl Sync="TRUE">F00SSREF_N</attrlabl><attwidth Sync="TRUE">6</attwidth><atoutwid Sync="TRUE">6</atoutwid><attrtype Sync="TRUE">Character</attrtype></attr><attr><attrlabl Sync="TRUE">F00SSREF_V</attrlabl><attwidth Sync="TRUE">4</attwidth><atoutwid Sync="TRUE">6</atoutwid><attrtype Sync="TRUE">Binary</attrtype></attr><attr><attrlabl Sync="TRUE">F00SSL_NAM</attrlabl><attwidth Sync="TRUE">8</attwidth><atoutwid Sync="TRUE">8</atoutwid><attrtype Sync="TRUE">Character</attrtype></attr><attr><attrlabl Sync="TRUE">F00SSL_VOT</attrlabl><attwidth Sync="TRUE">4</attwidth><atoutwid Sync="TRUE">6</atoutwid><attrtype Sync="TRUE">Binary</attrtype></attr><attr><attrlabl Sync="TRUE">F00SSC_NAM</attrlabl><attwidth Sync="TRUE">9</attwidth><atoutwid Sync="TRUE">9</atoutwid><attrtype Sync="TRUE">Character</attrtype></attr><attr><attrlabl Sync="TRUE">F00SSC_VOT</attrlabl><attwidth Sync="TRUE">4</attwidth><atoutwid Sync="TRUE">6</atoutwid><attrtype Sync="TRUE">Binary</attrtype></attr><attr><attrlabl Sync="TRUE">F00SSN_NAM</attrlabl><attwidth Sync="TRUE">8</attwidth><atoutwid Sync="TRUE">8</atoutwid><attrtype Sync="TRUE">Character</attrtype></attr><attr><attrlabl Sync="TRUE">F00SSN_VOT</attrlabl><attwidth Sync="TRUE">4</attwidth><atoutwid Sync="TRUE">6</atoutwid><attrtype Sync="TRUE">Binary</attrtype></attr><attr><attrlabl Sync="TRUE">F00AGR_NAM</attrlabl><attwidth Sync="TRUE">5</attwidth><atoutwid Sync="TRUE">5</atoutwid><attrtype Sync="TRUE">Character</attrtype></attr><attr><attrlabl Sync="TRUE">F00AGR_VOT</attrlabl><attwidth Sync="TRUE">4</attwidth><atoutwid Sync="TRUE">6</atoutwid><attrtype Sync="TRUE">Binary</attrtype></attr><attr><attrlabl Sync="TRUE">F00AGD_NAM</attrlabl><attwidth Sync="TRUE">5</attwidth><atoutwid Sync="TRUE">5</atoutwid><attrtype Sync="TRUE">Character</attrtype></attr><attr><attrlabl Sync="TRUE">F00AGD_VOT</attrlabl><attwidth Sync="TRUE">4</attwidth><atoutwid Sync="TRUE">6</atoutwid><attrtype Sync="TRUE">Binary</attrtype></attr><attr><attrlabl Sync="TRUE">F00AGL_NAM</attrlabl><attwidth Sync="TRUE">5</attwidth><atoutwid Sync="TRUE">5</atoutwid><attrtype Sync="TRUE">Character</attrtype></attr><attr><attrlabl Sync="TRUE">F00AGL_VOT</attrlabl><attwidth Sync="TRUE">4</attwidth><atoutwid Sync="TRUE">6</atoutwid><attrtype Sync="TRUE">Binary</attrtype></attr><attr><attrlabl Sync="TRUE">F00TR_NAM</attrlabl><attwidth Sync="TRUE">6</attwidth><atoutwid Sync="TRUE">6</atoutwid><attrtype Sync="TRUE">Character</attrtype></attr><attr><attrlabl Sync="TRUE">F00TR_VOTE</attrlabl><attwidth Sync="TRUE">4</attwidth><atoutwid Sync="TRUE">6</atoutwid><attrtype Sync="TRUE">Binary</attrtype></attr><attr><attrlabl Sync="TRUE">F00TD_NAM</attrlabl><attwidth Sync="TRUE">6</attwidth><atoutwid Sync="TRUE">6</atoutwid><attrtype Sync="TRUE">Character</attrtype></attr><attr><attrlabl Sync="TRUE">F00TD_VOTE</attrlabl><attwidth Sync="TRUE">4</attwidth><atoutwid Sync="TRUE">6</atoutwid><attrtype Sync="TRUE">Binary</attrtype></attr><attr><attrlabl Sync="TRUE">F00TG_NAM</attrlabl><attwidth Sync="TRUE">13</attwidth><atoutwid Sync="TRUE">13</atoutwid><attrtype Sync="TRUE">Character</attrtype></attr><attr><attrlabl Sync="TRUE">F00TG_VOTE</attrlabl><attwidth Sync="TRUE">4</attwidth><atoutwid Sync="TRUE">6</atoutwid><attrtype Sync="TRUE">Binary</attrtype></attr><attr><attrlabl Sync="TRUE">F00TREF_NA</attrlabl><attwidth Sync="TRUE">5</attwidth><atoutwid Sync="TRUE">5</atoutwid><attrtype Sync="TRUE">Character</attrtype></attr><attr><attrlabl Sync="TRUE">F00TREF_VO</attrlabl><attwidth Sync="TRUE">4</attwidth><atoutwid Sync="TRUE">6</atoutwid><attrtype Sync="TRUE">Binary</attrtype></attr><attr><attrlabl Sync="TRUE">F00TL_NAM</attrlabl><attwidth Sync="TRUE">8</attwidth><atoutwid Sync="TRUE">8</atoutwid><attrtype Sync="TRUE">Character</attrtype></attr><attr><attrlabl Sync="TRUE">F00TL_VOTE</attrlabl><attwidth Sync="TRUE">4</attwidth><atoutwid Sync="TRUE">6</atoutwid><attrtype Sync="TRUE">Binary</attrtype></attr><attr><attrlabl Sync="TRUE">F00TC_NAM</attrlabl><attwidth Sync="TRUE">8</attwidth><atoutwid Sync="TRUE">8</atoutwid><attrtype Sync="TRUE">Character</attrtype></attr><attr><attrlabl Sync="TRUE">F00TC_VOTE</attrlabl><attwidth Sync="TRUE">4</attwidth><atoutwid Sync="TRUE">6</atoutwid><attrtype Sync="TRUE">Binary</attrtype></attr><attr><attrlabl Sync="TRUE">F00TN_NAM</attrlabl><attwidth Sync="TRUE">6</attwidth><atoutwid Sync="TRUE">6</atoutwid><attrtype Sync="TRUE">Character</attrtype></attr><attr><attrlabl Sync="TRUE">F00TN_VOTE</attrlabl><attwidth Sync="TRUE">4</attwidth><atoutwid Sync="TRUE">6</atoutwid><attrtype Sync="TRUE">Binary</attrtype></attr><attr><attrlabl Sync="TRUE">F00USR_NAM</attrlabl><attwidth Sync="TRUE">8</attwidth><atoutwid Sync="TRUE">8</atoutwid><attrtype Sync="TRUE">Character</attrtype></attr><attr><attrlabl Sync="TRUE">F00USR_VOT</attrlabl><attwidth Sync="TRUE">4</attwidth><atoutwid Sync="TRUE">6</atoutwid><attrtype Sync="TRUE">Binary</attrtype></attr><attr><attrlabl Sync="TRUE">F00USD_NAM</attrlabl><attwidth Sync="TRUE">8</attwidth><atoutwid Sync="TRUE">8</atoutwid><attrtype Sync="TRUE">Character</attrtype></attr><attr><attrlabl Sync="TRUE">F00USD_VOT</attrlabl><attwidth Sync="TRUE">4</attwidth><atoutwid Sync="TRUE">6</atoutwid><attrtype Sync="TRUE">Binary</attrtype></attr><attr><attrlabl Sync="TRUE">F00USG_NAM</attrlabl><attwidth Sync="TRUE">6</attwidth><atoutwid Sync="TRUE">6</atoutwid><attrtype Sync="TRUE">Character</attrtype></attr><attr><attrlabl Sync="TRUE">F00USG_VOT</attrlabl><attwidth Sync="TRUE">4</attwidth><atoutwid Sync="TRUE">6</atoutwid><attrtype Sync="TRUE">Binary</attrtype></attr><attr><attrlabl Sync="TRUE">F00USREF_N</attrlabl><attwidth Sync="TRUE">5</attwidth><atoutwid Sync="TRUE">5</atoutwid><attrtype Sync="TRUE">Character</attrtype></attr><attr><attrlabl Sync="TRUE">F00USREF_V</attrlabl><attwidth Sync="TRUE">4</attwidth><atoutwid Sync="TRUE">6</atoutwid><attrtype Sync="TRUE">Binary</attrtype></attr><attr><attrlabl Sync="TRUE">F00USL_NAM</attrlabl><attwidth Sync="TRUE">8</attwidth><atoutwid Sync="TRUE">8</atoutwid><attrtype Sync="TRUE">Character</attrtype></attr><attr><attrlabl Sync="TRUE">F00USL_VOT</attrlabl><attwidth Sync="TRUE">4</attwidth><atoutwid Sync="TRUE">6</atoutwid><attrtype Sync="TRUE">Binary</attrtype></attr><attr><attrlabl Sync="TRUE">F00USN_NAM</attrlabl><attwidth Sync="TRUE">7</attwidth><atoutwid Sync="TRUE">7</atoutwid><attrtype Sync="TRUE">Character</attrtype></attr><attr><attrlabl Sync="TRUE">F00USN_VOT</attrlabl><attwidth Sync="TRUE">4</attwidth><atoutwid Sync="TRUE">6</atoutwid><attrtype Sync="TRUE">Binary</attrtype></attr><attr><attrlabl Sync="TRUE">F00SSENR_N</attrlabl><attwidth Sync="TRUE">17</attwidth><atoutwid Sync="TRUE">17</atoutwid><attrtype Sync="TRUE">Character</attrtype></attr><attr><attrlabl Sync="TRUE">F00SSENR_V</attrlabl><attwidth Sync="TRUE">4</attwidth><atoutwid Sync="TRUE">6</atoutwid><attrtype Sync="TRUE">Binary</attrtype></attr><attr><attrlabl Sync="TRUE">F00SSEND_N</attrlabl><attwidth Sync="TRUE">18</attwidth><atoutwid Sync="TRUE">18</atoutwid><attrtype Sync="TRUE">Character</attrtype></attr><attr><attrlabl Sync="TRUE">F00SSEND_V</attrlabl><attwidth Sync="TRUE">4</attwidth><atoutwid Sync="TRUE">6</atoutwid><attrtype Sync="TRUE">Binary</attrtype></attr><attr><attrlabl Sync="TRUE">F00SSENG_N</attrlabl><attwidth Sync="TRUE">12</attwidth><atoutwid Sync="TRUE">12</atoutwid><attrtype Sync="TRUE">Character</attrtype></attr><attr><attrlabl Sync="TRUE">F00SSENG_V</attrlabl><attwidth Sync="TRUE">4</attwidth><atoutwid Sync="TRUE">6</atoutwid><attrtype Sync="TRUE">Binary</attrtype></attr><attr><attrlabl Sync="TRUE">F00SSENL_N</attrlabl><attwidth Sync="TRUE">17</attwidth><atoutwid Sync="TRUE">17</atoutwid><attrtype Sync="TRUE">Character</attrtype></attr><attr><attrlabl Sync="TRUE">F00SSENL_V</attrlabl><attwidth Sync="TRUE">4</attwidth><atoutwid Sync="TRUE">6</atoutwid><attrtype Sync="TRUE">Binary</attrtype></attr><attr><attrlabl Sync="TRUE">F00SSEN_VS</attrlabl><attwidth Sync="TRUE">4</attwidth><atoutwid Sync="TRUE">6</atoutwid><attrtype Sync="TRUE">Binary</attrtype></attr><attr><attrlabl Sync="TRUE">F00URR1_NA</attrlabl><attwidth Sync="TRUE">19</attwidth><atoutwid Sync="TRUE">19</atoutwid><attrtype Sync="TRUE">Character</attrtype></attr><attr><attrlabl Sync="TRUE">F00URR1_VO</attrlabl><attwidth Sync="TRUE">4</attwidth><atoutwid Sync="TRUE">6</atoutwid><attrtype Sync="TRUE">Binary</attrtype></attr><attr><attrlabl Sync="TRUE">F00URR2_NA</attrlabl><attwidth Sync="TRUE">15</attwidth><atoutwid Sync="TRUE">15</atoutwid><attrtype Sync="TRUE">Character</attrtype></attr><attr><attrlabl Sync="TRUE">F00URR2_VO</attrlabl><attwidth Sync="TRUE">4</attwidth><atoutwid Sync="TRUE">6</atoutwid><attrtype Sync="TRUE">Binary</attrtype></attr><attr><attrlabl Sync="TRUE">F00URD1_NA</attrlabl><attwidth Sync="TRUE">17</attwidth><atoutwid Sync="TRUE">17</atoutwid><attrtype Sync="TRUE">Character</attrtype></attr><attr><attrlabl Sync="TRUE">F00URD1_VO</attrlabl><attwidth Sync="TRUE">4</attwidth><atoutwid Sync="TRUE">6</atoutwid><attrtype Sync="TRUE">Binary</attrtype></attr><attr><attrlabl Sync="TRUE">F00URD2_NA</attrlabl><attwidth Sync="TRUE">13</attwidth><atoutwid Sync="TRUE">13</atoutwid><attrtype Sync="TRUE">Character</attrtype></attr><attr><attrlabl Sync="TRUE">F00URD2_VO</attrlabl><attwidth Sync="TRUE">4</attwidth><atoutwid Sync="TRUE">6</atoutwid><attrtype Sync="TRUE">Binary</attrtype></attr><attr><attrlabl Sync="TRUE">F00URG1_NA</attrlabl><attwidth Sync="TRUE">17</attwidth><atoutwid Sync="TRUE">17</atoutwid><attrtype Sync="TRUE">Character</attrtype></attr><attr><attrlabl Sync="TRUE">F00URG1_VO</attrlabl><attwidth Sync="TRUE">4</attwidth><atoutwid Sync="TRUE">6</atoutwid><attrtype Sync="TRUE">Binary</attrtype></attr><attr><attrlabl Sync="TRUE">F00URG2_NA</attrlabl><attwidth Sync="TRUE">17</attwidth><atoutwid Sync="TRUE">17</atoutwid><attrtype Sync="TRUE">Character</attrtype></attr><attr><attrlabl Sync="TRUE">F00URG2_VO</attrlabl><attwidth Sync="TRUE">4</attwidth><atoutwid Sync="TRUE">6</atoutwid><attrtype Sync="TRUE">Binary</attrtype></attr><attr><attrlabl Sync="TRUE">F00URREF1_</attrlabl><attwidth Sync="TRUE">19</attwidth><atoutwid Sync="TRUE">19</atoutwid><attrtype Sync="TRUE">Character</attrtype></attr><attr><attrlabl Sync="TRUE">F00URREF11</attrlabl><attwidth Sync="TRUE">4</attwidth><atoutwid Sync="TRUE">6</atoutwid><attrtype Sync="TRUE">Binary</attrtype></attr><attr><attrlabl Sync="TRUE">F00URREF2_</attrlabl><attwidth Sync="TRUE">17</attwidth><atoutwid Sync="TRUE">17</atoutwid><attrtype Sync="TRUE">Character</attrtype></attr><attr><attrlabl Sync="TRUE">F00URREF21</attrlabl><attwidth Sync="TRUE">4</attwidth><atoutwid Sync="TRUE">6</atoutwid><attrtype Sync="TRUE">Binary</attrtype></attr><attr><attrlabl Sync="TRUE">F00URL1_NA</attrlabl><attwidth Sync="TRUE">22</attwidth><atoutwid Sync="TRUE">22</atoutwid><attrtype Sync="TRUE">Character</attrtype></attr><attr><attrlabl Sync="TRUE">F00URL1_VO</attrlabl><attwidth Sync="TRUE">4</attwidth><atoutwid Sync="TRUE">6</atoutwid><attrtype Sync="TRUE">Binary</attrtype></attr><attr><attrlabl Sync="TRUE">F00URL2_NA</attrlabl><attwidth Sync="TRUE">15</attwidth><atoutwid Sync="TRUE">15</atoutwid><attrtype Sync="TRUE">Character</attrtype></attr><attr><attrlabl Sync="TRUE">F00URL2_VO</attrlabl><attwidth Sync="TRUE">4</attwidth><atoutwid Sync="TRUE">6</atoutwid><attrtype Sync="TRUE">Binary</attrtype></attr><attr><attrlabl Sync="TRUE">F00URN_NAM</attrlabl><attwidth Sync="TRUE">14</attwidth><atoutwid Sync="TRUE">14</atoutwid><attrtype Sync="TRUE">Character</attrtype></attr><attr><attrlabl Sync="TRUE">F00URN_VOT</attrlabl><attwidth Sync="TRUE">4</attwidth><atoutwid Sync="TRUE">6</atoutwid><attrtype Sync="TRUE">Binary</attrtype></attr><attr><attrlabl Sync="TRUE">F00SRR1_NA</attrlabl><attwidth Sync="TRUE">22</attwidth><atoutwid Sync="TRUE">22</atoutwid><attrtype Sync="TRUE">Character</attrtype></attr><attr><attrlabl Sync="TRUE">F00SRR1_VO</attrlabl><attwidth Sync="TRUE">4</attwidth><atoutwid Sync="TRUE">6</atoutwid><attrtype Sync="TRUE">Binary</attrtype></attr><attr><attrlabl Sync="TRUE">F00SRR2_NA</attrlabl><attwidth Sync="TRUE">22</attwidth><atoutwid Sync="TRUE">22</atoutwid><attrtype Sync="TRUE">Character</attrtype></attr><attr><attrlabl Sync="TRUE">F00SRR2_VO</attrlabl><attwidth Sync="TRUE">4</attwidth><atoutwid Sync="TRUE">6</atoutwid><attrtype Sync="TRUE">Binary</attrtype></attr><attr><attrlabl Sync="TRUE">F00SRR3_NA</attrlabl><attwidth Sync="TRUE">17</attwidth><atoutwid Sync="TRUE">17</atoutwid><attrtype Sync="TRUE">Character</attrtype></attr><attr><attrlabl Sync="TRUE">F00SRR3_VO</attrlabl><attwidth Sync="TRUE">4</attwidth><atoutwid Sync="TRUE">6</atoutwid><attrtype Sync="TRUE">Binary</attrtype></attr><attr><attrlabl Sync="TRUE">F00SRD1_NA</attrlabl><attwidth Sync="TRUE">23</attwidth><atoutwid Sync="TRUE">23</atoutwid><attrtype Sync="TRUE">Character</attrtype></attr><attr><attrlabl Sync="TRUE">F00SRD1_VO</attrlabl><attwidth Sync="TRUE">4</attwidth><atoutwid Sync="TRUE">6</atoutwid><attrtype Sync="TRUE">Binary</attrtype></attr><attr><attrlabl Sync="TRUE">F00SRD2_NA</attrlabl><attwidth Sync="TRUE">20</attwidth><atoutwid Sync="TRUE">20</atoutwid><attrtype Sync="TRUE">Character</attrtype></attr><attr><attrlabl Sync="TRUE">F00SRD2_VO</attrlabl><attwidth Sync="TRUE">4</attwidth><atoutwid Sync="TRUE">6</atoutwid><attrtype Sync="TRUE">Binary</attrtype></attr><attr><attrlabl Sync="TRUE">F00SRD3_NA</attrlabl><attwidth Sync="TRUE">15</attwidth><atoutwid Sync="TRUE">15</atoutwid><attrtype Sync="TRUE">Character</attrtype></attr><attr><attrlabl Sync="TRUE">F00SRD3_VO</attrlabl><attwidth Sync="TRUE">4</attwidth><atoutwid Sync="TRUE">6</atoutwid><attrtype Sync="TRUE">Binary</attrtype></attr><attr><attrlabl Sync="TRUE">F00SRG_NAM</attrlabl><attwidth Sync="TRUE">19</attwidth><atoutwid Sync="TRUE">19</atoutwid><attrtype Sync="TRUE">Character</attrtype></attr><attr><attrlabl Sync="TRUE">F00SRG_VOT</attrlabl><attwidth Sync="TRUE">4</attwidth><atoutwid Sync="TRUE">6</atoutwid><attrtype Sync="TRUE">Binary</attrtype></attr><attr><attrlabl Sync="TRUE">F00SRREF_N</attrlabl><attwidth Sync="TRUE">19</attwidth><atoutwid Sync="TRUE">19</atoutwid><attrtype Sync="TRUE">Character</attrtype></attr><attr><attrlabl Sync="TRUE">F00SRREF_V</attrlabl><attwidth Sync="TRUE">4</attwidth><atoutwid Sync="TRUE">6</atoutwid><attrtype Sync="TRUE">Binary</attrtype></attr><attr><attrlabl Sync="TRUE">F00SRL_NAM</attrlabl><attwidth Sync="TRUE">17</attwidth><atoutwid Sync="TRUE">17</atoutwid><attrtype Sync="TRUE">Character</attrtype></attr><attr><attrlabl Sync="TRUE">F00SRL_VOT</attrlabl><attwidth Sync="TRUE">4</attwidth><atoutwid Sync="TRUE">6</atoutwid><attrtype Sync="TRUE">Binary</attrtype></attr><attr><attrlabl Sync="TRUE">F00SRC_NAM</attrlabl><attwidth Sync="TRUE">17</attwidth><atoutwid Sync="TRUE">17</atoutwid><attrtype Sync="TRUE">Character</attrtype></attr><attr><attrlabl Sync="TRUE">F00SRC_VOT</attrlabl><attwidth Sync="TRUE">4</attwidth><atoutwid Sync="TRUE">6</atoutwid><attrtype Sync="TRUE">Binary</attrtype></attr><attr><attrlabl Sync="TRUE">F00SRI_NAM</attrlabl><attwidth Sync="TRUE">18</attwidth><atoutwid Sync="TRUE">18</atoutwid><attrtype Sync="TRUE">Character</attrtype></attr><attr><attrlabl Sync="TRUE">F00SRI_VOT</attrlabl><attwidth Sync="TRUE">4</attwidth><atoutwid Sync="TRUE">6</atoutwid><attrtype Sync="TRUE">Binary</attrtype></attr><attr><attrlabl Sync="TRUE">F00SRR1_VS</attrlabl><attwidth Sync="TRUE">4</attwidth><atoutwid Sync="TRUE">6</atoutwid><attrtype Sync="TRUE">Binary</attrtype></attr><attr><attrlabl Sync="TRUE">F00SRR2_VS</attrlabl><attwidth Sync="TRUE">4</attwidth><atoutwid Sync="TRUE">6</atoutwid><attrtype Sync="TRUE">Binary</attrtype></attr><attr><attrlabl Sync="TRUE">F00SRR3_VS</attrlabl><attwidth Sync="TRUE">4</attwidth><atoutwid Sync="TRUE">6</atoutwid><attrtype Sync="TRUE">Binary</attrtype></attr><attr><attrlabl Sync="TRUE">F00SRD1_VS</attrlabl><attwidth Sync="TRUE">4</attwidth><atoutwid Sync="TRUE">6</atoutwid><attrtype Sync="TRUE">Binary</attrtype></attr><attr><attrlabl Sync="TRUE">F00SRD2_VS</attrlabl><attwidth Sync="TRUE">4</attwidth><atoutwid Sync="TRUE">6</atoutwid><attrtype Sync="TRUE">Binary</attrtype></attr><attr><attrlabl Sync="TRUE">F00SRD3_VS</attrlabl><attwidth Sync="TRUE">4</attwidth><atoutwid Sync="TRUE">6</atoutwid><attrtype Sync="TRUE">Binary</attrtype></attr><attr><attrlabl Sync="TRUE">SSENRC</attrlabl><attwidth Sync="TRUE">8</attwidth><atoutwid Sync="TRUE">8</atoutwid><attrtype Sync="TRUE">Float</attrtype><atnumdec Sync="TRUE">0</atnumdec></attr><attr><attrlabl Sync="TRUE">SSENDC</attrlabl><attwidth Sync="TRUE">8</attwidth><atoutwid Sync="TRUE">8</atoutwid><attrtype Sync="TRUE">Float</attrtype><atnumdec Sync="TRUE">0</atnumdec></attr><attr><attrlabl Sync="TRUE">SRRC1</attrlabl><attwidth Sync="TRUE">8</attwidth><atoutwid Sync="TRUE">8</atoutwid><attrtype Sync="TRUE">Float</attrtype><atnumdec Sync="TRUE">0</atnumdec></attr><attr><attrlabl Sync="TRUE">SRRC2</attrlabl><attwidth Sync="TRUE">8</attwidth><atoutwid Sync="TRUE">8</atoutwid><attrtype Sync="TRUE">Float</attrtype><atnumdec Sync="TRUE">0</atnumdec></attr><attr><attrlabl Sync="TRUE">SRRC3</attrlabl><attwidth Sync="TRUE">8</attwidth><atoutwid Sync="TRUE">8</atoutwid><attrtype Sync="TRUE">Float</attrtype><atnumdec Sync="TRUE">0</atnumdec></attr><attr><attrlabl Sync="TRUE">SRDC1</attrlabl><attwidth Sync="TRUE">8</attwidth><atoutwid Sync="TRUE">8</atoutwid><attrtype Sync="TRUE">Float</attrtype><atnumdec Sync="TRUE">0</atnumdec></attr><attr><attrlabl Sync="TRUE">SRDC2</attrlabl><attwidth Sync="TRUE">8</attwidth><atoutwid Sync="TRUE">8</atoutwid><attrtype Sync="TRUE">Float</attrtype><atnumdec Sync="TRUE">0</atnumdec></attr><attr><attrlabl Sync="TRUE">SRDC3</attrlabl><attwidth Sync="TRUE">8</attwidth><atoutwid Sync="TRUE">8</atoutwid><attrtype Sync="TRUE">Float</attrtype><atnumdec Sync="TRUE">0</atnumdec></attr><attr><attrlabl Sync="TRUE">F00TOTALR</attrlabl><attwidth Sync="TRUE">4</attwidth><atoutwid Sync="TRUE">6</atoutwid><attrtype Sync="TRUE">Binary</attrtype></attr><attr><attrlabl Sync="TRUE">F00TOTALD</attrlabl><attwidth Sync="TRUE">4</attwidth><atoutwid Sync="TRUE">6</atoutwid><attrtype Sync="TRUE">Binary</attrtype></attr><attr><attrlabl Sync="TRUE">F00TOTALRD</attrlabl><attwidth Sync="TRUE">4</attwidth><atoutwid Sync="TRUE">6</atoutwid><attrtype Sync="TRUE">Binary</attrtype></attr><attr><attrlabl Sync="TRUE">F00TOTALOT</attrlabl><attwidth Sync="TRUE">4</attwidth><atoutwid Sync="TRUE">6</atoutwid><attrtype Sync="TRUE">Binary</attrtype></attr><attr><attrlabl Sync="TRUE">F00TOTAL_V</attrlabl><attwidth Sync="TRUE">4</attwidth><atoutwid Sync="TRUE">6</atoutwid><attrtype Sync="TRUE">Binary</attrtype></attr></detailed></eainfo><mdDateSt Sync="TRUE">20050714</mdDateSt><dataqual><complete>complete</complete></dataqual></metadata>
