<?xml version="1.0"?>
<!--<!DOCTYPE metadata SYSTEM "http://www.esri.com/metadata/esriprof80.dtd">-->
<metadata xml:lang="en"><Esri><CreaDate>20120530</CreaDate><CreaTime>15301100</CreaTime><SyncOnce>FALSE</SyncOnce><DataProperties><lineage><Process ToolSource="C:\Program Files\ArcGIS\ArcToolbox\Toolboxes\Data Management Tools.tbx\Project" Date="20120517" Time="131444">Project CountyCommissionDistricts G:\Boundaries\2011_State_Redistricting\CountyCommission\CountyCommission_SOE.shp GEOGCS['GCS_North_American_1983',DATUM['D_North_American_1983',SPHEROID['GRS_1980',6378137.0,298.257222101]],PRIMEM['Greenwich',0.0],UNIT['Degree',0.0174532925199433]] # PROJCS['NAD_1983_StatePlane_Florida_East_FIPS_0901_Feet',GEOGCS['GCS_North_American_1983',DATUM['D_North_American_1983',SPHEROID['GRS_1980',6378137.0,298.257222101]],PRIMEM['Greenwich',0.0],UNIT['Degree',0.0174532925199433]],PROJECTION['Transverse_Mercator'],PARAMETER['False_Easting',656166.6666666665],PARAMETER['False_Northing',0.0],PARAMETER['Central_Meridian',-81.0],PARAMETER['Scale_Factor',0.9999411764705882],PARAMETER['Latitude_Of_Origin',24.33333333333333],UNIT['Foot_US',0.3048006096012192]]</Process><Process ToolSource="C:\Program Files\ArcGIS\ArcToolbox\Toolboxes\Analysis Tools.tbx\Union" Date="20120522" Time="115730">Union "G:\Boundaries\2011_State_Redistricting\CountyCommission\CountyCommission_SOE.shp #;G:\Boundaries\2011_State_Redistricting\StateHouse\2011House_Osceola.shp #;G:\Boundaries\2011_State_Redistricting\StateSenate\2011Senate_Osceola.shp #;G:\Boundaries\2011_State_Redistricting\CDD\CDD_Nad83.shp #;G:\Boundaries\2011_State_Redistricting\CFD\CFD_NAD83.shp #;G:\Boundaries\2011_State_Redistricting\Municipalities\Cities_NAD83.shp #" G:\Boundaries\2011_State_Redistricting\Precincts\Super_Precincts2.shp ALL # GAPS</Process><Process ToolSource="C:\Program Files\ArcGIS\ArcToolbox\Toolboxes\Data Management Tools.tbx\MultipartToSinglepart" Date="20120522" Time="165211">MultipartToSinglepart Super_Precincts2 G:\Boundaries\2011_State_Redistricting\Precincts\PrecinctsSplit.shp</Process><Process ToolSource="C:\Program Files\ArcGIS\ArcToolbox\Toolboxes\Conversion Tools.tbx\FeatureClassToFeatureClass" Date="20120523" Time="104441">FeatureClassToFeatureClass G:\Boundaries\2011_State_Redistricting\Precincts\PrecinctsSplit.shp G:\Boundaries\2011_State_Redistricting\Geodatabase\Precincts_2012.mdb\SOE_Data Precincts2012 # "Id 'Id' true true false 6 Long 0 6 ,First,#,G:\Boundaries\2011_State_Redistricting\Precincts\PrecinctsSplit.shp,Id,-1,-1;CC 'CC' true true false 3 Text 0 0 ,First,#,G:\Boundaries\2011_State_Redistricting\Precincts\PrecinctsSplit.shp,CC,-1,-1;SB 'SB' true true false 3 Text 0 0 ,First,#,G:\Boundaries\2011_State_Redistricting\Precincts\PrecinctsSplit.shp,SB,-1,-1;SEN 'SEN' true true false 3 Text 0 0 ,First,#,G:\Boundaries\2011_State_Redistricting\Precincts\PrecinctsSplit.shp,SEN,-1,-1;CDDName 'CDDName' true true false 30 Text 0 0 ,First,#,G:\Boundaries\2011_State_Redistricting\Precincts\PrecinctsSplit.shp,CDDName,-1,-1;CDD 'CDD' true true false 3 Text 0 0 ,First,#,G:\Boundaries\2011_State_Redistricting\Precincts\PrecinctsSplit.shp,CDD,-1,-1;Facilty 'Facilty' true true false 50 Text 0 0 ,First,#,G:\Boundaries\2011_State_Redistricting\Precincts\PrecinctsSplit.shp,Facilty,-1,-1;CFD 'CFD' true true false 3 Text 0 0 ,First,#,G:\Boundaries\2011_State_Redistricting\Precincts\PrecinctsSplit.shp,CFD,-1,-1;CTY 'CTY' true true false 3 Text 0 0 ,First,#,G:\Boundaries\2011_State_Redistricting\Precincts\PrecinctsSplit.shp,CTY,-1,-1;HSE 'HSE' true true false 3 Text 0 0 ,First,#,G:\Boundaries\2011_State_Redistricting\Precincts\PrecinctsSplit.shp,HSE,-1,-1;CNG 'CNG' true true false 3 Text 0 0 ,First,#,G:\Boundaries\2011_State_Redistricting\Precincts\PrecinctsSplit.shp,CNG,-1,-1;ORIG_FID 'ORIG_FID' true true false 9 Long 0 9 ,First,#,G:\Boundaries\2011_State_Redistricting\Precincts\PrecinctsSplit.shp,ORIG_FID,-1,-1;Precinct12 'Precinct12' true true false 20 Text 0 0 ,First,#,G:\Boundaries\2011_State_Redistricting\Precincts\PrecinctsSplit.shp,Precinct12,-1,-1" # G:\Boundaries\2011_State_Redistricting\Geodatabase\Precincts_2012.mdb\SOE_Data\Precincts2012</Process><Process ToolSource="C:\Program Files\ArcGIS\ArcToolbox\Toolboxes\Data Management Tools.tbx\MultipartToSinglepart" Date="20120530" Time="153115">MultipartToSinglepart Precincts2012 G:\Boundaries\2011_State_Redistricting\Precincts\Precincts2012_SinglePart.shp</Process></lineage></DataProperties><SyncDate>20120530</SyncDate><SyncTime>15311400</SyncTime><ModDate>20120530</ModDate><ModTime>15311400</ModTime><MetaID>{E02CEECB-9450-4BAB-9B68-4F4AEF2A02AA}</MetaID></Esri><idinfo><native Sync="TRUE">Microsoft Windows XP Version 5.1 (Build 2600) Service Pack 3; ESRI ArcCatalog 9.3.1.4000</native><descript><langdata Sync="TRUE">en</langdata><abstract>REQUIRED: A brief narrative summary of the data set.</abstract><purpose>REQUIRED: A summary of the intentions with which the data set was developed.</purpose></descript><citation><citeinfo><origin>REQUIRED: The name of an organization or individual that developed the data set.</origin><pubdate>REQUIRED: The date when the data set is published or otherwise made available for release.</pubdate><title Sync="TRUE">Precincts2012_SinglePart</title><ftname Sync="TRUE">Precincts2012_SinglePart</ftname><geoform Sync="TRUE">vector digital data</geoform><onlink Sync="TRUE">\\cedarlake\gisdata\Boundaries\2011_State_Redistricting\Precincts\Precincts2012_SinglePart.shp</onlink></citeinfo></citation><timeperd><current>REQUIRED: The basis on which the time period of content information is determined.</current><timeinfo><sngdate><caldate>REQUIRED: The year (and optionally month, or month and day) for which the data set corresponds to the ground.</caldate></sngdate></timeinfo></timeperd><status><progress>REQUIRED: The state of the data set.</progress><update>REQUIRED: The frequency with which changes and additions are made to the data set after the initial data set is completed.</update></status><spdom><bounding><westbc Sync="TRUE">REQUIRED: Western-most coordinate of the limit of coverage expressed in longitude.</westbc><eastbc Sync="TRUE">REQUIRED: Eastern-most coordinate of the limit of coverage expressed in longitude.</eastbc><northbc Sync="TRUE">REQUIRED: Northern-most coordinate of the limit of coverage expressed in latitude.</northbc><southbc Sync="TRUE">REQUIRED: Southern-most coordinate of the limit of coverage expressed in latitude.</southbc></bounding></spdom><keywords><theme><themekt>REQUIRED: Reference to a formally registered thesaurus or a similar authoritative source of theme keywords.</themekt><themekey>REQUIRED: Common-use word or phrase used to describe the subject of the data set.</themekey></theme></keywords><accconst>REQUIRED: Restrictions and legal prerequisites for accessing the data set.</accconst><useconst>REQUIRED: Restrictions and legal prerequisites for using the data set after access is granted.</useconst><natvform Sync="TRUE">Shapefile</natvform></idinfo><dataIdInfo><envirDesc Sync="TRUE">Microsoft Windows XP Version 5.1 (Build 2600) Service Pack 3; ESRI ArcCatalog 9.3.1.4000</envirDesc><dataLang><languageCode Sync="TRUE" value="en"></languageCode></dataLang><idCitation><resTitle Sync="TRUE">Precincts2012_SinglePart</resTitle><presForm><PresFormCd Sync="TRUE" value="005"></PresFormCd></presForm></idCitation><spatRpType><SpatRepTypCd Sync="TRUE" value="001"></SpatRepTypCd></spatRpType></dataIdInfo><metainfo><langmeta Sync="TRUE">en</langmeta><metstdn Sync="TRUE">FGDC Content Standards for Digital Geospatial Metadata</metstdn><metstdv Sync="TRUE">FGDC-STD-001-1998</metstdv><mettc Sync="TRUE">local time</mettc><metc><cntinfo><cntorgp><cntper>REQUIRED: The person responsible for the metadata information.</cntper><cntorg>REQUIRED: The organization responsible for the metadata information.</cntorg></cntorgp><cntaddr><addrtype>REQUIRED: The mailing and/or physical address for the organization or individual.</addrtype><city>REQUIRED: The city of the address.</city><state>REQUIRED: The state or province of the address.</state><postal>REQUIRED: The ZIP or other postal code of the address.</postal></cntaddr><cntvoice>REQUIRED: The telephone number by which individuals can speak to the organization or individual.</cntvoice></cntinfo></metc><metd Sync="TRUE">20120530</metd><metextns><onlink Sync="TRUE">http://www.esri.com/metadata/esriprof80.html</onlink><metprof Sync="TRUE">ESRI Metadata Profile</metprof></metextns></metainfo><mdLang><languageCode Sync="TRUE" value="en"></languageCode></mdLang><mdStanName Sync="TRUE">ISO 19115 Geographic Information - Metadata</mdStanName><mdStanVer Sync="TRUE">DIS_ESRI1.0</mdStanVer><mdChar><CharSetCd Sync="TRUE" value="004"></CharSetCd></mdChar><mdHrLv><ScopeCd Sync="TRUE" value="005"></ScopeCd></mdHrLv><mdHrLvName Sync="TRUE">dataset</mdHrLvName><distinfo><resdesc Sync="TRUE">Downloadable Data</resdesc><stdorder><digform><digtinfo><transize Sync="TRUE">0.000</transize><dssize Sync="TRUE">0.000</dssize></digtinfo></digform></stdorder></distinfo><distInfo><distributor><distorTran><onLineSrc><orDesc Sync="TRUE">002</orDesc><linkage Sync="TRUE">file://\\cedarlake\gisdata\Boundaries\2011_State_Redistricting\Precincts\Precincts2012_SinglePart.shp</linkage><protocol Sync="TRUE">Local Area Network</protocol></onLineSrc><transSize Sync="TRUE">0.000</transSize></distorTran><distorFormat><formatName Sync="TRUE">Shapefile</formatName></distorFormat></distributor></distInfo><spdoinfo><direct Sync="TRUE">Vector</direct><ptvctinf><esriterm Name="Precincts2012_SinglePart"><efeatyp Sync="TRUE">Simple</efeatyp><efeageom Sync="TRUE">Polygon</efeageom><esritopo Sync="TRUE">FALSE</esritopo><efeacnt Sync="TRUE">0</efeacnt><spindex Sync="TRUE">FALSE</spindex><linrefer Sync="TRUE">FALSE</linrefer></esriterm><sdtsterm Name="Precincts2012_SinglePart"><sdtstype Sync="TRUE">G-polygon</sdtstype><ptvctcnt Sync="TRUE">0</ptvctcnt></sdtsterm></ptvctinf></spdoinfo><spref><horizsys><cordsysn><geogcsn Sync="TRUE">GCS_North_American_1983</geogcsn></cordsysn><geograph><geogunit Sync="TRUE">Decimal degrees</geogunit><latres Sync="TRUE">0.000000</latres><longres Sync="TRUE">0.000000</longres></geograph><geodetic><horizdn Sync="TRUE">North American Datum of 1983</horizdn><ellips Sync="TRUE">Geodetic Reference System 80</ellips><semiaxis Sync="TRUE">6378137.000000</semiaxis><denflat Sync="TRUE">298.257222</denflat></geodetic></horizsys><vertdef><altsys><altenc Sync="TRUE">Explicit elevation coordinate included with horizontal coordinates</altenc><altres Sync="TRUE">0.000100</altres></altsys></vertdef></spref><refSysInfo><RefSystem><refSysID><identCode Sync="TRUE">GCS_North_American_1983</identCode></refSysID></RefSystem></refSysInfo><spatRepInfo><VectSpatRep><topLvl><TopoLevCd Sync="TRUE" value="001"></TopoLevCd></topLvl><geometObjs Name="Precincts2012_SinglePart"><geoObjTyp><GeoObjTypCd Sync="TRUE" value="001"></GeoObjTypCd></geoObjTyp><geoObjCnt Sync="TRUE">0</geoObjCnt></geometObjs></VectSpatRep></spatRepInfo><eainfo><detailed Name="Precincts2012_SinglePart"><enttyp><enttypl Sync="TRUE">Precincts2012_SinglePart</enttypl><enttypt Sync="TRUE">Feature Class</enttypt><enttypc Sync="TRUE">0</enttypc></enttyp><attr><attrlabl Sync="TRUE">FID</attrlabl><attalias Sync="TRUE">FID</attalias><attrtype Sync="TRUE">OID</attrtype><attwidth Sync="TRUE">4</attwidth><atprecis Sync="TRUE">0</atprecis><attscale Sync="TRUE">0</attscale><attrdef Sync="TRUE">Internal feature number.</attrdef><attrdefs Sync="TRUE">ESRI</attrdefs><attrdomv><udom Sync="TRUE">Sequential unique whole numbers that are automatically generated.</udom></attrdomv></attr><attr><attrlabl Sync="TRUE">OBJECTID</attrlabl><attalias Sync="TRUE">OBJECTID</attalias><attrtype Sync="TRUE">Number</attrtype><attwidth Sync="TRUE">9</attwidth><attrdef Sync="TRUE">Internal feature number.</attrdef><attrdefs Sync="TRUE">ESRI</attrdefs><attrdomv><udom Sync="TRUE">Sequential unique whole numbers that are automatically generated.</udom></attrdomv></attr><attr><attrlabl Sync="TRUE">Shape</attrlabl><attalias Sync="TRUE">Shape</attalias><attrtype Sync="TRUE">Geometry</attrtype><attwidth Sync="TRUE">0</attwidth><atprecis Sync="TRUE">0</atprecis><attscale Sync="TRUE">0</attscale><attrdef Sync="TRUE">Feature geometry.</attrdef><attrdefs Sync="TRUE">ESRI</attrdefs><attrdomv><udom Sync="TRUE">Coordinates defining the features.</udom></attrdomv></attr><attr><attrlabl Sync="TRUE">Id</attrlabl><attalias Sync="TRUE">Id</attalias><attrtype Sync="TRUE">Number</attrtype><attwidth Sync="TRUE">9</attwidth></attr><attr><attrlabl Sync="TRUE">CC</attrlabl><attalias Sync="TRUE">CC</attalias><attrtype Sync="TRUE">String</attrtype><attwidth Sync="TRUE">3</attwidth></attr><attr><attrlabl Sync="TRUE">SB</attrlabl><attalias Sync="TRUE">SB</attalias><attrtype Sync="TRUE">String</attrtype><attwidth Sync="TRUE">3</attwidth></attr><attr><attrlabl Sync="TRUE">SEN</attrlabl><attalias Sync="TRUE">SEN</attalias><attrtype Sync="TRUE">String</attrtype><attwidth Sync="TRUE">3</attwidth></attr><attr><attrlabl Sync="TRUE">CDDName</attrlabl><attalias Sync="TRUE">CDDName</attalias><attrtype Sync="TRUE">String</attrtype><attwidth Sync="TRUE">30</attwidth></attr><attr><attrlabl Sync="TRUE">CDD</attrlabl><attalias Sync="TRUE">CDD</attalias><attrtype Sync="TRUE">String</attrtype><attwidth Sync="TRUE">3</attwidth></attr><attr><attrlabl Sync="TRUE">Facilty</attrlabl><attalias Sync="TRUE">Facilty</attalias><attrtype Sync="TRUE">String</attrtype><attwidth Sync="TRUE">50</attwidth></attr><attr><attrlabl Sync="TRUE">CFD</attrlabl><attalias Sync="TRUE">CFD</attalias><attrtype Sync="TRUE">String</attrtype><attwidth Sync="TRUE">3</attwidth></attr><attr><attrlabl Sync="TRUE">CTY</attrlabl><attalias Sync="TRUE">CTY</attalias><attrtype Sync="TRUE">String</attrtype><attwidth Sync="TRUE">3</attwidth></attr><attr><attrlabl Sync="TRUE">HSE</attrlabl><attalias Sync="TRUE">HSE</attalias><attrtype Sync="TRUE">String</attrtype><attwidth Sync="TRUE">3</attwidth></attr><attr><attrlabl Sync="TRUE">CNG</attrlabl><attalias Sync="TRUE">CNG</attalias><attrtype Sync="TRUE">String</attrtype><attwidth Sync="TRUE">3</attwidth></attr><attr><attrlabl Sync="TRUE">ORIG_FID</attrlabl><attalias Sync="TRUE">ORIG_FID</attalias><attrtype Sync="TRUE">Number</attrtype><attwidth Sync="TRUE">9</attwidth></attr><attr><attrlabl Sync="TRUE">Precinct12</attrlabl><attalias Sync="TRUE">Precinct12</attalias><attrtype Sync="TRUE">String</attrtype><attwidth Sync="TRUE">20</attwidth></attr><attr><attrlabl Sync="TRUE">Shape_Leng</attrlabl><attalias Sync="TRUE">Shape_Leng</attalias><attrtype Sync="TRUE">Float</attrtype><attwidth Sync="TRUE">19</attwidth><atnumdec Sync="TRUE">11</atnumdec></attr><attr><attrlabl Sync="TRUE">Shape_Area</attrlabl><attalias Sync="TRUE">Shape_Area</attalias><attrtype Sync="TRUE">Float</attrtype><attwidth Sync="TRUE">19</attwidth><attrdef Sync="TRUE">Area of feature in internal units squared.</attrdef><attrdefs Sync="TRUE">ESRI</attrdefs><attrdomv><udom Sync="TRUE">Positive real numbers that are automatically generated.</udom></attrdomv><atnumdec Sync="TRUE">11</atnumdec></attr></detailed></eainfo><mdDateSt Sync="TRUE">20120530</mdDateSt><dataqual><lineage><procstep><procdesc Sync="TRUE">Dataset copied.</procdesc><srcused Sync="TRUE">\\cedarlake\gisdata\Boundaries\2011_State_Redistricting\Geodatabase\Precincts_2012.mdb</srcused><procdate Sync="TRUE">20120530</procdate><proctime Sync="TRUE">15301100</proctime></procstep></lineage></dataqual></metadata>
