<?xml version="1.0" encoding="UTF-8"?>
<metadata xml:lang="en"><Esri><CreaDate>20170420</CreaDate><CreaTime>13243600</CreaTime><ArcGISFormat>1.0</ArcGISFormat><ArcGISstyle>XTools Pro Metadata</ArcGISstyle><SyncOnce>TRUE</SyncOnce><DataProperties><itemProps><itemLocation><linkage Sync="TRUE">file://\\NEW2011\REDISTRICTING WORK FILES\MAX Files\BRO_PREC</linkage><protocol Sync="TRUE">Local Area Network</protocol></itemLocation></itemProps><copyHistory><copy source="G:\REDISTRICTING WORK FILES\Brown_015\BRO_PREC\BRO_PREC" dest="\\NEW2011\REDISTRICTING WORK FILES\MAX Files\BRO_PREC" date="20170420" time="13243600"></copy></copyHistory></DataProperties></Esri></metadata>
