<PAMDataset>
  <Metadata>
    <MDI key="DataType">Generic</MDI>
  </Metadata>
  <Metadata domain="Esri">
    <MDI key="PyramidResamplingType">NEAREST</MDI>
  </Metadata>
  <PAMRasterBand band="1">
    <Description>Layer_1</Description>
    <Histograms>
      <HistItem>
        <HistMin>-0.5</HistMin>
        <HistMax>255.5</HistMax>
        <BucketCount>256</BucketCount>
        <IncludeOutOfRange>1</IncludeOutOfRange>
        <Approximate>0</Approximate>
        <HistCounts>39101|0|0|0|0|23|1|38|1|0|2|26|0|1|18|15|0|28|6|4|7|45|1|6|1|2|1|12|5|13|53|33|1|5|6|7|3|9|5|6|2|1|1|23|284|18|8|9|14|23|44|6|77|56|52|21|28|40|61|53|126|755|674|256|241|375|215|132|200|260|280|159|388|168|243|105|321|242|270|246|280|245|416|484|765|298|481|1011|739|179|184|242|353|289|303|705|346|250|376|171|252|180|142|146|470|403|187|197|177|175|89|595|503|211|299|82|369|667|139|138|196|239|116|760|199|227|270|147|118|836|628|102|106|198|148|1031|101|238|176|165|836|196|214|407|252|959|258|921|254|174|906|200|239|183|1362|278|236|904|258|252|1108|227|1099|244|230600|72|1666|238|1921|262169|5|31|6|4|8|5|65|6|1|13|6|4|9|4|4|11|14|2|8|28|3|7|9|2|7|11|0|7|27|5|5|5|5|27|30|3|11|5|1|33|4|7|85|6|5|19|10|0|18|8|5|41220|5|8|1|14|7|5|0|0|1|0|26|1|2|2|5|3|20|705|3|2|2|0|38|5|6|31|58|9|49|38|33|59|151|20061</HistCounts>
      </HistItem>
    </Histograms>
    <Metadata>
      <MDI key="LAYER_TYPE">athematic</MDI>
      <MDI key="RepresentationType">ATHEMATIC</MDI>
      <MDI key="STATISTICS_COVARIANCES">2349.94603644341,2062.163974185564,2008.144086543409</MDI>
      <MDI key="STATISTICS_EXCLUDEDVALUES"></MDI>
      <MDI key="STATISTICS_MAXIMUM">255</MDI>
      <MDI key="STATISTICS_MEAN">159.70563997313</MDI>
      <MDI key="STATISTICS_MEDIAN">0</MDI>
      <MDI key="STATISTICS_MINIMUM">0</MDI>
      <MDI key="STATISTICS_MODE">0</MDI>
      <MDI key="STATISTICS_SKIPFACTORX">1</MDI>
      <MDI key="STATISTICS_SKIPFACTORY">1</MDI>
      <MDI key="STATISTICS_STDDEV">48.47624197938</MDI>
    </Metadata>
  </PAMRasterBand>
  <PAMRasterBand band="2">
    <Description>Layer_2</Description>
    <Histograms>
      <HistItem>
        <HistMin>-0.5</HistMin>
        <HistMax>255.5</HistMax>
        <BucketCount>256</BucketCount>
        <IncludeOutOfRange>1</IncludeOutOfRange>
        <Approximate>0</Approximate>
        <HistCounts>39090|0|2|26|6|3|10|64|18|0|11|34|1|24|9|1|4|35|2|8|2|31|0|6|7|2|2|14|2|8|3|8|9|10|74|17|295|48|55|83|85|191|132|867|309|268|946|226|571|837|492|388|1589|960|480|377|772|979|449|278|995|395|341|246|1051|534|282|256|834|369|325|495|1297|522|295|795|858|591|1326|436|667|339|1126|376|812|1007|620|345|1142|338|489|1013|229791|178|979|137|865|874|130|926|981|1740|846|263533|21|16|225|6|12|41|10|8|5|18|15|7|12|5|14|6|7|5|13|9|41|1|9|28|5|10|1|1|5|26|5|7|8|64|11|10|4|12|17|50|8|3|7|4|25|8|6|6|13|7|353|4|6|8|14|10|141|6|10|15|3|3|6|9|2|6|5|33|14|4|3|4|34|6|1|16|9|2|7|2|3|11|10|2|4|37|1|9|10|5|4|10|0|7|17|12|7|5|10|27|22|3|8|9|2|32|3|7|57|3|0|10|12|1|19|7|5|41212|2|11|4|19|14|5|1|0|2|3|16|1|0|1|1|2|26|705|1|1|0|4|44|6|4|30|56|7|49|32|33|57|152|20106</HistCounts>
      </HistItem>
    </Histograms>
    <Metadata>
      <MDI key="LAYER_TYPE">athematic</MDI>
      <MDI key="RepresentationType">ATHEMATIC</MDI>
      <MDI key="STATISTICS_COVARIANCES">2062.163974185564,2456.204854051149,2516.508503728412</MDI>
      <MDI key="STATISTICS_EXCLUDEDVALUES"></MDI>
      <MDI key="STATISTICS_MAXIMUM">255</MDI>
      <MDI key="STATISTICS_MEAN">103.64060862252</MDI>
      <MDI key="STATISTICS_MEDIAN">0</MDI>
      <MDI key="STATISTICS_MINIMUM">0</MDI>
      <MDI key="STATISTICS_MODE">0</MDI>
      <MDI key="STATISTICS_SKIPFACTORX">1</MDI>
      <MDI key="STATISTICS_SKIPFACTORY">1</MDI>
      <MDI key="STATISTICS_STDDEV">49.56011353953</MDI>
    </Metadata>
  </PAMRasterBand>
  <PAMRasterBand band="3">
    <Description>Layer_3</Description>
    <Histograms>
      <HistItem>
        <HistMin>-0.5</HistMin>
        <HistMax>255.5</HistMax>
        <BucketCount>256</BucketCount>
        <IncludeOutOfRange>1</IncludeOutOfRange>
        <Approximate>0</Approximate>
        <HistCounts>39116|1|17|23|11|20|3|56|9|2|6|37|0|5|4|37|4|56|6|10|7|30|3|1|10|6|1|19|6|11|6|15|16|10|32|330|62|65|193|164|935|352|564|932|886|540|564|1055|1562|474|670|461|791|1140|431|378|484|647|1048|346|550|526|696|433|733|903|672|1086|1204|661|487|1313|403|552|1491|320|470|1249|564|422|230711|164|849|119|164|939|886|162|904|952|1009|966|1731|263588|17|11|17|14|21|29|18|20|17|14|224|12|6|12|31|26|14|5|21|1|12|5|10|6|9|5|4|3|17|10|41|1|3|22|5|11|1|1|3|16|4|7|7|56|11|11|4|11|17|50|9|4|8|8|33|10|10|7|21|6|348|1|8|10|12|13|141|4|4|12|4|5|6|13|2|3|9|34|10|4|2|4|96|6|1|11|3|6|9|2|4|16|16|2|3|18|1|7|6|2|4|8|0|7|25|11|9|3|5|24|28|9|10|5|3|38|3|9|33|7|4|14|11|0|10|9|3|41214|4|4|0|20|6|5|1|5|2|0|18|2|1|0|2|3|23|705|3|1|2|1|41|6|5|38|65|6|50|32|33|57|152|20093</HistCounts>
      </HistItem>
    </Histograms>
    <Metadata>
      <MDI key="LAYER_TYPE">athematic</MDI>
      <MDI key="RepresentationType">ATHEMATIC</MDI>
      <MDI key="STATISTICS_COVARIANCES">2008.144086543409,2516.508503728412,2602.038199339386</MDI>
      <MDI key="STATISTICS_EXCLUDEDVALUES"></MDI>
      <MDI key="STATISTICS_MAXIMUM">255</MDI>
      <MDI key="STATISTICS_MEAN">94.742637782674</MDI>
      <MDI key="STATISTICS_MEDIAN">0</MDI>
      <MDI key="STATISTICS_MINIMUM">0</MDI>
      <MDI key="STATISTICS_MODE">0</MDI>
      <MDI key="STATISTICS_SKIPFACTORX">1</MDI>
      <MDI key="STATISTICS_SKIPFACTORY">1</MDI>
      <MDI key="STATISTICS_STDDEV">51.010177409409</MDI>
    </Metadata>
  </PAMRasterBand>
</PAMDataset>
