<metadata xml:lang="en"><Esri><CreaDate>20141209</CreaDate><CreaTime>11131400</CreaTime><ArcGISFormat>1.0</ArcGISFormat><ArcGISstyle>FGDC CSDGM Metadata</ArcGISstyle><SyncOnce>FALSE</SyncOnce><DataProperties><lineage><Process /></lineage><itemProps><itemName Sync="TRUE">pct_2010</itemName><nativeExtBox><westBL Sync="TRUE">-103.002455</westBL><eastBL Sync="TRUE">-94.430662</eastBL><southBL Sync="TRUE">33.615787</southBL><northBL Sync="TRUE">37.002312</northBL><exTypeCode Sync="TRUE">1</exTypeCode></nativeExtBox><itemSize Sync="TRUE">17.415</itemSize><itemLocation><linkage /><protocol /></itemLocation><imsContentType Sync="TRUE" export="False">002</imsContentType></itemProps><coordRef><type Sync="TRUE">Geographic</type><geogcsn Sync="TRUE">GCS_North_American_1983</geogcsn><csUnits Sync="TRUE">Angular Unit: Degree (0.017453)</csUnits><peXml Sync="TRUE">&lt;GeographicCoordinateSystem xsi:type='typens:GeographicCoordinateSystem' xmlns:xsi='http://www.w3.org/2001/XMLSchema-instance' xmlns:xs='http://www.w3.org/2001/XMLSchema' xmlns:typens='http://www.esri.com/schemas/ArcGIS/10.3'&gt;&lt;WKT&gt;GEOGCS[&amp;quot;GCS_North_American_1983&amp;quot;,DATUM[&amp;quot;D_North_American_1983&amp;quot;,SPHEROID[&amp;quot;GRS_1980&amp;quot;,6378137.0,298.257222101]],PRIMEM[&amp;quot;Greenwich&amp;quot;,0.0],UNIT[&amp;quot;Degree&amp;quot;,0.0174532925199433],AUTHORITY[&amp;quot;EPSG&amp;quot;,4269]]&lt;/WKT&gt;&lt;XOrigin&gt;-400&lt;/XOrigin&gt;&lt;YOrigin&gt;-400&lt;/YOrigin&gt;&lt;XYScale&gt;11258999068426.238&lt;/XYScale&gt;&lt;ZOrigin&gt;-100000&lt;/ZOrigin&gt;&lt;ZScale&gt;10000&lt;/ZScale&gt;&lt;MOrigin&gt;-100000&lt;/MOrigin&gt;&lt;MScale&gt;10000&lt;/MScale&gt;&lt;XYTolerance&gt;8.9831528411952133e-009&lt;/XYTolerance&gt;&lt;ZTolerance&gt;0.001&lt;/ZTolerance&gt;&lt;MTolerance&gt;0.001&lt;/MTolerance&gt;&lt;HighPrecision&gt;true&lt;/HighPrecision&gt;&lt;LeftLongitude&gt;-180&lt;/LeftLongitude&gt;&lt;WKID&gt;4269&lt;/WKID&gt;&lt;LatestWKID&gt;4269&lt;/LatestWKID&gt;&lt;/GeographicCoordinateSystem&gt;</peXml></coordRef><copyHistory /></DataProperties><SyncDate>20160524</SyncDate><SyncTime>14304100</SyncTime><ModDate>20160524</ModDate><ModTime>14304100</ModTime><ArcGISProfile>ItemDescription</ArcGISProfile><scaleRange><minScale>150000000</minScale><maxScale>5000</maxScale></scaleRange></Esri><mdLang><languageCode value="eng" /><countryCode Sync="TRUE" value="USA" /></mdLang><mdHrLv><ScopeCd value="005" /></mdHrLv><mdContact><rpIndName>Scott March</rpIndName><rpOrgName>Center for Spatial Analysis, University of Oklahoma</rpOrgName><rpPosName>GIS Analyst</rpPosName><role><RoleCd value="007" /></role></mdContact><mdDateSt Sync="TRUE">20160524</mdDateSt><mdStanName>ArcGIS Metadata</mdStanName><mdStanVer>1.0</mdStanVer><dataIdInfo><idCitation><resTitle Sync="TRUE">pct_2010</resTitle><date><pubDate>2012-10-31T00:00:00</pubDate></date><presForm><PresFormCd value="005" /></presForm><presForm><fgdcGeoform>vector digital data</fgdcGeoform></presForm><resAltTitle>Adair County Voter Precincts</resAltTitle></idCitation><idAbs>&lt;DIV STYLE="text-align:Left;"&gt;&lt;DIV&gt;&lt;DIV&gt;&lt;P&gt;&lt;SPAN&gt;Voter precincts were developed from U.S. Census Bureau 2010 TIGER/Lines files as a result of the 2010 redistricting effort.&lt;/SPAN&gt;&lt;/P&gt;&lt;/DIV&gt;&lt;/DIV&gt;&lt;/DIV&gt;</idAbs><idPurp>Oklahoma 2010 Voter Precincts created by the Center for Spatial Analysis (University of Oklahoma).</idPurp><idCredit>Center for Spatial Analysis (University of Oklahoma), Oklahoma State Election Board</idCredit><idPoC><rpIndName>Scott March</rpIndName><rpOrgName>Center for Spatial Analysis, University of Oklahoma</rpOrgName><rpPosName>GIS Analyst</rpPosName><role><RoleCd value="007" /></role><rpCntInfo><cntAddress addressType=""><eMailAdd>scmarch@ou.edu</eMailAdd></cntAddress><cntOnlineRes><linkage>www.csa.ou.edu</linkage></cntOnlineRes></rpCntInfo></idPoC><resMaint><maintFreq><MaintFreqCd value="011" /></maintFreq></resMaint><placeKeys><keyword>Adair County, Oklahoma</keyword></placeKeys><themeKeys><keyword>Political Boundaries</keyword><keyword>Voter Precincts</keyword></themeKeys><searchKeys><keyword>Oklahoma</keyword><keyword>Political Boundaries</keyword><keyword>Voter Precincts</keyword></searchKeys><spatRpType><SpatRepTypCd value="001" /></spatRpType><dataLang><languageCode value="eng" /><countryCode Sync="TRUE" value="USA" /></dataLang><envirDesc /><dataExt><geoEle><GeoBndBox esriExtentType="search"><westBL>-95.819964</westBL><eastBL>-95.207918</eastBL><southBL>35.76516</southBL><northBL>36.162823</northBL></GeoBndBox></geoEle></dataExt><dataExt><geoEle><GeoBndBox esriExtentType="search"><exTypeCode Sync="TRUE">1</exTypeCode><westBL Sync="TRUE">-103.002455</westBL><eastBL Sync="TRUE">-94.430662</eastBL><northBL Sync="TRUE">37.002312</northBL><southBL Sync="TRUE">33.615787</southBL></GeoBndBox></geoEle></dataExt><dataChar><CharSetCd value="004" /></dataChar></dataIdInfo><spatRepInfo><VectSpatRep><geometObjs Name="pct_2010"><geoObjTyp><GeoObjTypCd Sync="TRUE" value="002" /></geoObjTyp><geoObjCnt Sync="TRUE">1976</geoObjCnt></geometObjs><topLvl><TopoLevCd Sync="TRUE" value="001" /></topLvl></VectSpatRep></spatRepInfo><eainfo><detailed Name="pct_2010"><enttyp><enttypl Sync="TRUE">pct_2010</enttypl><enttypt Sync="TRUE">Feature Class</enttypt><enttypc Sync="TRUE">1976</enttypc></enttyp><attr><attrlabl>SHAPE_Area</attrlabl><attrdef>Area of feature in internal units squared.</attrdef><attrdefs>ESRI</attrdefs><attrdomv><udom>Positive real numbers that are automatically generated.</udom></attrdomv><attalias Sync="TRUE">SHAPE_Area</attalias><attrtype Sync="TRUE">Double</attrtype><attwidth Sync="TRUE">19</attwidth><atprecis Sync="TRUE">0</atprecis><attscale Sync="TRUE">0</attscale></attr><attr><attrlabl>Precinct</attrlabl><attrdef>Precinct Number</attrdef><attalias Sync="TRUE">Precinct</attalias><attrtype Sync="TRUE">String</attrtype><attwidth Sync="TRUE">30</attwidth><atprecis Sync="TRUE">0</atprecis><attscale Sync="TRUE">0</attscale></attr><attr><attrlabl Sync="TRUE">FID_pct201</attrlabl><attalias Sync="TRUE">FID_pct201</attalias><attrtype Sync="TRUE">Integer</attrtype><attwidth Sync="TRUE">9</attwidth><atprecis Sync="TRUE">9</atprecis><attscale Sync="TRUE">0</attscale></attr><attr><attrlabl>DIST_NAME</attrlabl><attalias Sync="TRUE">DIST_NAME</attalias><attrtype Sync="TRUE">String</attrtype><attwidth Sync="TRUE">254</attwidth><atprecis Sync="TRUE">0</atprecis><attscale Sync="TRUE">0</attscale></attr><attr><attrlabl>DIST_ID</attrlabl><attalias Sync="TRUE">DIST_ID</attalias><attrtype Sync="TRUE">Integer</attrtype><attwidth Sync="TRUE">9</attwidth><atprecis Sync="TRUE">9</atprecis><attscale Sync="TRUE">0</attscale></attr><attr><attrlabl>Shape</attrlabl><attrdef>Feature geometry.</attrdef><attrdefs>ESRI</attrdefs><attrdomv><udom>Coordinates defining the features.</udom></attrdomv><attalias Sync="TRUE">Shape</attalias><attrtype Sync="TRUE">Geometry</attrtype><attwidth Sync="TRUE">0</attwidth><atprecis Sync="TRUE">0</atprecis><attscale Sync="TRUE">0</attscale></attr><attr><attrlabl>Uscong</attrlabl><attrdef>US Congressional District</attrdef><attalias Sync="TRUE">Uscong</attalias><attrtype Sync="TRUE">String</attrtype><attwidth Sync="TRUE">2</attwidth><atprecis Sync="TRUE">0</atprecis><attscale Sync="TRUE">0</attscale></attr><attr><attrlabl>St_senate</attrlabl><attrdef>Oklahoma State Senate District</attrdef><attalias Sync="TRUE">St_senate</attalias><attrtype Sync="TRUE">String</attrtype><attwidth Sync="TRUE">3</attwidth><atprecis Sync="TRUE">0</atprecis><attscale Sync="TRUE">0</attscale></attr><attr><attrlabl>Comm</attrlabl><attrdef>County Commissioner District</attrdef><attalias Sync="TRUE">Comm</attalias><attrtype Sync="TRUE">String</attrtype><attwidth Sync="TRUE">2</attwidth><atprecis Sync="TRUE">0</atprecis><attscale Sync="TRUE">0</attscale></attr><attr><attrlabl>St_house</attrlabl><attrdef>Oklahoma State House District</attrdef><attalias Sync="TRUE">St_house</attalias><attrtype Sync="TRUE">String</attrtype><attwidth Sync="TRUE">3</attwidth><atprecis Sync="TRUE">0</atprecis><attscale Sync="TRUE">0</attscale></attr><attr><attrlabl>P0030001</attrlabl><attrdef>Voter Age Population</attrdef><attrdefs>2010 Census Bureau</attrdefs><attalias Sync="TRUE">P0030001</attalias><attrtype Sync="TRUE">Double</attrtype><attwidth Sync="TRUE">19</attwidth><atprecis Sync="TRUE">0</atprecis><attscale Sync="TRUE">0</attscale></attr><attr><attrlabl>DX_DEV</attrlabl><attalias Sync="TRUE">DX_DEV</attalias><attrtype Sync="TRUE">Double</attrtype><attwidth Sync="TRUE">19</attwidth><atprecis Sync="TRUE">0</atprecis><attscale Sync="TRUE">0</attscale></attr><attr><attrlabl>SHAPE_Leng</attrlabl><attalias Sync="TRUE">SHAPE_Leng</attalias><attrtype Sync="TRUE">Double</attrtype><attwidth Sync="TRUE">19</attwidth><atprecis Sync="TRUE">0</atprecis><attscale Sync="TRUE">0</attscale></attr><attr><attrlabl>OBJECTID</attrlabl><attalias Sync="TRUE">OBJECTID</attalias><attrtype Sync="TRUE">Integer</attrtype><attwidth Sync="TRUE">9</attwidth><atprecis Sync="TRUE">9</atprecis><attscale Sync="TRUE">0</attscale></attr><attr><attrlabl>FID</attrlabl><attrdef>Internal feature number.</attrdef><attrdefs>ESRI</attrdefs><attrdomv><udom>Sequential unique whole numbers that are automatically generated.</udom></attrdomv><attalias Sync="TRUE">FID</attalias><attrtype Sync="TRUE">OID</attrtype><attwidth Sync="TRUE">4</attwidth><atprecis Sync="TRUE">0</atprecis><attscale Sync="TRUE">0</attscale></attr><attr><attrlabl>P0030001_D</attrlabl><attalias Sync="TRUE">P0030001_D</attalias><attrtype Sync="TRUE">Double</attrtype><attwidth Sync="TRUE">19</attwidth><atprecis Sync="TRUE">0</atprecis><attscale Sync="TRUE">0</attscale></attr><attr><attrlabl Sync="TRUE">COUNTY</attrlabl><attalias Sync="TRUE">COUNTY</attalias><attrtype Sync="TRUE">String</attrtype><attwidth Sync="TRUE">254</attwidth><atprecis Sync="TRUE">0</atprecis><attscale Sync="TRUE">0</attscale></attr><attr><attrlabl Sync="TRUE">COUNTY_NAM</attrlabl><attalias Sync="TRUE">COUNTY_NAM</attalias><attrtype Sync="TRUE">String</attrtype><attwidth Sync="TRUE">254</attwidth><atprecis Sync="TRUE">0</atprecis><attscale Sync="TRUE">0</attscale></attr><attr><attrlabl Sync="TRUE">GIS_COUNTY</attrlabl><attalias Sync="TRUE">GIS_COUNTY</attalias><attrtype Sync="TRUE">String</attrtype><attwidth Sync="TRUE">254</attwidth><atprecis Sync="TRUE">0</atprecis><attscale Sync="TRUE">0</attscale></attr><attr><attrlabl Sync="TRUE">PCT_CEB</attrlabl><attalias Sync="TRUE">PCT_CEB</attalias><attrtype Sync="TRUE">String</attrtype><attwidth Sync="TRUE">6</attwidth><atprecis Sync="TRUE">0</atprecis><attscale Sync="TRUE">0</attscale></attr></detailed></eainfo><distInfo><distFormat><formatName Sync="TRUE">Shapefile</formatName></distFormat><distTranOps><transSize Sync="TRUE">17.415</transSize></distTranOps></distInfo><mdHrLvName Sync="TRUE">dataset</mdHrLvName><refSysInfo><RefSystem><refSysID><identCode Sync="TRUE" code="4269" value="4269" /><idCodeSpace Sync="TRUE">EPSG</idCodeSpace><idVersion Sync="TRUE">8.6.2</idVersion></refSysID></RefSystem></refSysInfo><spdoinfo><ptvctinf><esriterm Name="pct_2010"><efeatyp Sync="TRUE">Simple</efeatyp><efeageom Sync="TRUE" code="4" /><esritopo Sync="TRUE">FALSE</esritopo><efeacnt Sync="TRUE">1976</efeacnt><spindex Sync="TRUE">TRUE</spindex><linrefer Sync="TRUE">FALSE</linrefer></esriterm></ptvctinf></spdoinfo><mdChar><CharSetCd value="004" /></mdChar></metadata>