<metadata xml:lang="en"><Esri><CreaDate>20160323</CreaDate><CreaTime>08251300</CreaTime><SyncOnce>FALSE</SyncOnce><SyncDate>20160323</SyncDate><SyncTime>08555800</SyncTime><ModDate>20160323</ModDate><ModTime>9013700</ModTime><DataProperties><lineage><Process ToolSource="c:\program files (x86)\arcgis\desktop10.1\ArcToolbox\Toolboxes\Data Management Tools.tbx\UpgradeSpatialReference" Date="20140321" Time="114118" Name="" export="">UpgradeSpatialReference "Database Connections\Connection to gis-sql-svr.sde\sde.DBO.election_districts" 0.0003125 # #</Process></lineage><itemProps><itemName Sync="TRUE">cnty_ed</itemName><imsContentType Sync="TRUE" export="False">002</imsContentType><nativeExtBox><westBL Sync="TRUE">684505.310000</westBL><eastBL Sync="TRUE">823729.750000</eastBL><southBL Sync="TRUE">1323550.700000</southBL><northBL Sync="TRUE">1504712.220000</northBL><exTypeCode Sync="TRUE">1</exTypeCode></nativeExtBox><itemSize Sync="TRUE">0.350</itemSize><itemLocation><linkage Sync="TRUE">file://\\gis-sql-svr\gis$\clearinghouse\cnty_ed.shp</linkage><protocol Sync="TRUE">Local Area Network</protocol></itemLocation></itemProps><coordRef><type Sync="TRUE">Projected</type><geogcsn Sync="TRUE">GCS_North_American_1983</geogcsn><csUnits Sync="TRUE">Linear Unit: Foot_US (0.304801)</csUnits><projcsn Sync="TRUE">NAD_1983_StatePlane_New_York_East_FIPS_3101_Feet</projcsn><peXml Sync="TRUE">&lt;ProjectedCoordinateSystem xsi:type='typens:ProjectedCoordinateSystem' xmlns:xsi='http://www.w3.org/2001/XMLSchema-instance' xmlns:xs='http://www.w3.org/2001/XMLSchema' xmlns:typens='http://www.esri.com/schemas/ArcGIS/10.1'&gt;&lt;WKT&gt;PROJCS[&amp;quot;NAD_1983_StatePlane_New_York_East_FIPS_3101_Feet&amp;quot;,GEOGCS[&amp;quot;GCS_North_American_1983&amp;quot;,DATUM[&amp;quot;D_North_American_1983&amp;quot;,SPHEROID[&amp;quot;GRS_1980&amp;quot;,6378137.0,298.257222101]],PRIMEM[&amp;quot;Greenwich&amp;quot;,0.0],UNIT[&amp;quot;Degree&amp;quot;,0.0174532925199433]],PROJECTION[&amp;quot;Transverse_Mercator&amp;quot;],PARAMETER[&amp;quot;False_Easting&amp;quot;,492125.0],PARAMETER[&amp;quot;False_Northing&amp;quot;,0.0],PARAMETER[&amp;quot;Central_Meridian&amp;quot;,-74.5],PARAMETER[&amp;quot;Scale_Factor&amp;quot;,0.9999],PARAMETER[&amp;quot;Latitude_Of_Origin&amp;quot;,38.83333333333334],UNIT[&amp;quot;Foot_US&amp;quot;,0.3048006096012192],AUTHORITY[&amp;quot;EPSG&amp;quot;,2260]]&lt;/WKT&gt;&lt;XOrigin&gt;-17954600&lt;/XOrigin&gt;&lt;YOrigin&gt;-46918100&lt;/YOrigin&gt;&lt;XYScale&gt;137255069.87923574&lt;/XYScale&gt;&lt;ZOrigin&gt;-100000&lt;/ZOrigin&gt;&lt;ZScale&gt;10000&lt;/ZScale&gt;&lt;MOrigin&gt;-100000&lt;/MOrigin&gt;&lt;MScale&gt;10000&lt;/MScale&gt;&lt;XYTolerance&gt;0.0032808333333333331&lt;/XYTolerance&gt;&lt;ZTolerance&gt;0.001&lt;/ZTolerance&gt;&lt;MTolerance&gt;0.001&lt;/MTolerance&gt;&lt;HighPrecision&gt;true&lt;/HighPrecision&gt;&lt;WKID&gt;102715&lt;/WKID&gt;&lt;LatestWKID&gt;2260&lt;/LatestWKID&gt;&lt;/ProjectedCoordinateSystem&gt;</peXml></coordRef></DataProperties><ArcGISFormat>1.0</ArcGISFormat><ArcGISstyle>FGDC CSDGM Metadata</ArcGISstyle><scaleRange><minScale>150000000</minScale><maxScale>5000</maxScale></scaleRange><ArcGISProfile>FGDC</ArcGISProfile></Esri><idinfo><citation><citeinfo><origin>Rensselaer County - BRIS</origin><pubdate>January 2006</pubdate><title>Election District Boundaries</title><ftname Sync="TRUE">sde.DBO.election_districts</ftname><geoform Sync="TRUE">vector digital data</geoform><onlink Sync="TRUE">Service=sde:sqlserver:gissqlsvr; Database=sde; User=SDE_USER; Version=sde.DEFAULT</onlink></citeinfo></citation><native Sync="TRUE">Microsoft Windows XP Version 5.1 (Build 2600) Service Pack 2; ESRI ArcCatalog 9.1.0.722</native><descript><langdata Sync="TRUE">en</langdata><abstract>Rensselaer County Election Districts</abstract><purpose>Election District boundaries within Rensselaer County</purpose><supplinf>Revised January 2006</supplinf></descript><timeperd><current>publication date</current><timeinfo><sngdate><caldate>January 2006</caldate></sngdate></timeinfo></timeperd><status><progress>Complete</progress><update>As needed</update></status><spdom><bounding><westbc Sync="TRUE">-73.786983</westbc><eastbc Sync="TRUE">-73.261210</eastbc><northbc Sync="TRUE">42.961232</northbc><southbc Sync="TRUE">42.459108</southbc></bounding><lboundng><leftbc Sync="TRUE">684505.310000</leftbc><rightbc Sync="TRUE">823729.750000</rightbc><bottombc Sync="TRUE">1323236.810000</bottombc><topbc Sync="TRUE">1504643.380000</topbc></lboundng></spdom><keywords><theme><themekey>Election Districts</themekey><themekey>Polling Places</themekey></theme><place><placekey>Rensselaer County</placekey><placekey>New York</placekey></place></keywords><accconst>Rensselaer County BRIS</accconst><useconst>All use is subject to terms of the Rensselaer County data release agreement.</useconst><natvform Sync="TRUE">SDE Feature Class</natvform><ptcontac><cntinfo><cntaddr><addrtype>mailing and physical address</addrtype><address>1600 7th Avenue</address><city>Troy</city><state>NY</state><postal>12180</postal></cntaddr><cntvoice>518-270-2690</cntvoice><cntorgp><cntorg>Rensselaer County BRIS</cntorg></cntorgp></cntinfo></ptcontac></idinfo><distInfo><distributor><distorTran><onLineSrc><linkage Sync="TRUE">file://Service=sde:sqlserver:gissqlsvr; Database=sde; User=SDE_USER; Version=sde.DEFAULT</linkage><protocol Sync="TRUE">Local Area Network</protocol><orDesc Sync="TRUE">002</orDesc></onLineSrc><transSize Sync="TRUE">0.342</transSize></distorTran><distorFormat><formatName Sync="TRUE">SDE Feature Class</formatName></distorFormat></distributor><distFormat><formatName Sync="TRUE">Shapefile</formatName></distFormat><distTranOps><transSize Sync="TRUE">0.350</transSize></distTranOps></distInfo><dataqual><lineage><procstep><procdesc Sync="TRUE">Dataset copied.</procdesc><date Sync="TRUE">20030228</date><time Sync="TRUE">08595100</time></procstep><procstep><procdesc Sync="TRUE">Dataset copied.</procdesc><srcused Sync="TRUE">K:\User\Projects\County\BOE\Election\cnty_ed</srcused><date Sync="TRUE">20030228</date><time Sync="TRUE">09192100</time></procstep><procstep><procdesc Sync="TRUE">Dataset copied.</procdesc><srcused Sync="TRUE">K:\User\Technician\Stein\election districts\cnty_ed3</srcused><date Sync="TRUE">20030304</date><time Sync="TRUE">09101700</time></procstep><procstep><procdesc Sync="TRUE">Dataset copied.</procdesc><srcused Sync="TRUE">K:\User\Projects\County\BOE\Election\cnty_ed3</srcused><date Sync="TRUE">20030304</date><time Sync="TRUE">13362800</time></procstep><procstep><procdesc Sync="TRUE">Dataset copied.</procdesc><srcused Sync="TRUE">K:\User\Technician\aPost\Election Districts\cnty_ed3</srcused><date Sync="TRUE">20030304</date><time Sync="TRUE">18344200</time></procstep><procstep><procdesc Sync="TRUE">Dataset copied.</procdesc><srcused Sync="TRUE">S:\Secondary\Civil\County\cnty_ed</srcused><date Sync="TRUE">20030310</date><time Sync="TRUE">12195500</time></procstep><procstep><procdesc Sync="TRUE">Metadata imported.</procdesc><srcused Sync="TRUE">J:\ScanUser\GIS\Winter03 Requests\Clearinghouse\GeneralData\cnty_ed.shp.xml</srcused><date Sync="TRUE">20030813</date><time Sync="TRUE">09083400</time></procstep><procstep><procdesc Sync="TRUE">Dataset copied.</procdesc><srcused Sync="TRUE">K:\User\Technician\aPost\cnty_ed</srcused><date Sync="TRUE">20031202</date><time Sync="TRUE">07262900</time></procstep><procstep><procdesc Sync="TRUE">Dataset copied.</procdesc><srcused Sync="TRUE">S:\Secondary\Civil\County\cnty_ed</srcused><date Sync="TRUE">20031231</date><time Sync="TRUE">08402000</time></procstep><procstep><procdesc Sync="TRUE">Dataset copied.</procdesc><srcused Sync="TRUE">K:\User\Projects\DataInProgress\SCHAGCNTY</srcused><date Sync="TRUE">20031231</date><time Sync="TRUE">08404900</time></procstep><procstep><procdesc Sync="TRUE">Dataset moved.</procdesc><srcused Sync="TRUE">K:\User\Projects\DataInProgress\ElectionDistricts\SCHAGCNTY</srcused><date Sync="TRUE">20040305</date><time Sync="TRUE">15294900</time></procstep><procstep><procdesc Sync="TRUE">Dataset copied.</procdesc><srcused Sync="TRUE">K:\User\Projects\DataInProgress\ElectionDistricts\JAN04\cnty_ed_rev3</srcused><date Sync="TRUE">20040305</date><time Sync="TRUE">15470200</time></procstep><procstep><procdesc Sync="TRUE">Dataset copied.</procdesc><srcused Sync="TRUE">K:\User\Projects\DataInProgress\ElectionDistricts\MAR04\cnty_ed_rev4</srcused><date Sync="TRUE">20040803</date><time Sync="TRUE">14221000</time></procstep><procstep><procdesc Sync="TRUE">Dataset copied.</procdesc><srcused Sync="TRUE">K:\User\Post\cnty_ed</srcused><date Sync="TRUE">20040805</date><time Sync="TRUE">08353600</time></procstep><procstep><procdesc Sync="TRUE">Dataset copied.</procdesc><srcused Sync="TRUE">S:\Secondary\Civil\County\cnty_ed</srcused><date Sync="TRUE">20050801</date><time Sync="TRUE">16434900</time></procstep><procstep><procdesc Sync="TRUE">Metadata imported.</procdesc><srcused Sync="TRUE">W:\Archive\2004\cnty_ed2004.shp.xml</srcused><date Sync="TRUE">20060828</date><time Sync="TRUE">12581100</time></procstep></lineage></dataqual><dataIdInfo><envirDesc Sync="TRUE">Microsoft Windows 7 Version 6.1 (Build 7601) Service Pack 1; Esri ArcGIS 10.2.1.3497</envirDesc><dataLang><languageCode Sync="TRUE" value="eng"/><countryCode value="USA" Sync="TRUE"/></dataLang><idCitation xmlns=""><resTitle Sync="FALSE">Election District Boundaries</resTitle><presForm xmlns=""><PresFormCd Sync="TRUE" value="005"/></presForm><date><pubDate>2016-03-23T00:00:00</pubDate><reviseDate>2016-02-01T00:00:00</reviseDate></date><citRespParty xmlns=""><editorSource>external</editorSource><editorDigest>8aea9667087077a1da35305f43e4366</editorDigest><rpIndName>Jolene Weidlich</rpIndName><rpOrgName>Rensselaer County BRIS</rpOrgName><rpPosName>GIS Manager</rpPosName><rpCntInfo xmlns=""><cntAddress addressType="physical"><delPoint>1600 7th Avenue</delPoint><city>Troy</city><adminArea>NY</adminArea><postCode>12180</postCode><eMailAdd>jweidlich@rensco.com</eMailAdd></cntAddress><cntPhone><voiceNum tddtty="">518-270-2690</voiceNum></cntPhone></rpCntInfo><editorSave>True</editorSave><displayName>Jolene Weidlich</displayName><role><RoleCd value="007"></RoleCd></role></citRespParty></idCitation><spatRpType><SpatRepTypCd Sync="TRUE" value="001"/></spatRpType><geoBox esriExtentType="decdegrees"><westBL Sync="TRUE">-73.786983</westBL><eastBL Sync="TRUE">-73.26121</eastBL><northBL Sync="TRUE">42.961232</northBL><southBL Sync="TRUE">42.459108</southBL><exTypeCode Sync="TRUE">1</exTypeCode></geoBox><dataExt xmlns=""><geoEle><GeoBndBox esriExtentType="native"><westBL Sync="TRUE">684505.31</westBL><eastBL Sync="TRUE">823729.75</eastBL><northBL Sync="TRUE">1504643.38</northBL><southBL Sync="TRUE">1323236.81</southBL><exTypeCode Sync="TRUE">1</exTypeCode></GeoBndBox></geoEle></dataExt><dataExt xmlns=""><geoEle xmlns=""><GeoBndBox esriExtentType="search"><exTypeCode Sync="TRUE">1</exTypeCode><westBL Sync="TRUE">-73.786974</westBL><eastBL Sync="TRUE">-73.261207</eastBL><northBL Sync="TRUE">42.961421</northBL><southBL Sync="TRUE">42.459969</southBL></GeoBndBox></geoEle></dataExt><idPurp>Election District boundaries within Rensselaer County</idPurp><idAbs>&lt;DIV STYLE="text-align:Left;"&gt;&lt;DIV&gt;&lt;P&gt;&lt;SPAN&gt;Rensselaer County Election Districts&lt;/SPAN&gt;&lt;/P&gt;&lt;/DIV&gt;&lt;/DIV&gt;</idAbs><idCredit>Rensselaer County Bureau of Research and Information Services (BRIS)</idCredit><searchKeys><keyword>Election Districts</keyword><keyword>Polling Places</keyword></searchKeys><dataChar><CharSetCd value="004"></CharSetCd></dataChar><resMaint xmlns=""><maintFreq><MaintFreqCd value="009"></MaintFreqCd></maintFreq></resMaint><tpCat><TopicCatCd value="015"/></tpCat></dataIdInfo><metainfo><langmeta Sync="TRUE">en</langmeta><metstdn Sync="TRUE">FGDC Content Standards for Digital Geospatial Metadata</metstdn><metstdv Sync="TRUE">FGDC-STD-001-1998</metstdv><mettc Sync="TRUE">local time</mettc><metc><cntinfo><cntorgp><cntorg>Rensselaer County BRIS</cntorg></cntorgp><cntaddr><addrtype>mailing and physical address</addrtype><city>Troy</city><state>NY</state><postal>12180</postal><address>1600 7th Avenue</address></cntaddr><cntvoice>518-270-2690</cntvoice></cntinfo></metc><metd Sync="TRUE">20091029</metd></metainfo><mdLang><languageCode Sync="TRUE" value="eng"/><countryCode value="USA" Sync="TRUE"/></mdLang><mdStanName Sync="TRUE">ISO 19115 Geographic Information - Metadata</mdStanName><mdStanVer Sync="TRUE">DIS_ESRI1.0</mdStanVer><mdChar><CharSetCd Sync="TRUE" value="004"/></mdChar><mdHrLv><ScopeCd Sync="TRUE" value="005"/></mdHrLv><mdHrLvName Sync="TRUE">dataset</mdHrLvName><distinfo><resdesc Sync="TRUE">Downloadable Data</resdesc><stdorder><digform><digtinfo><transize Sync="TRUE">0.342</transize><dssize Sync="TRUE">0.342</dssize></digtinfo></digform></stdorder></distinfo><spdoinfo><direct Sync="TRUE">Vector</direct><ptvctinf><esriterm Name="cnty_ed"><efeatyp Sync="TRUE">Simple</efeatyp><efeageom code="4" Sync="TRUE"/><esritopo Sync="TRUE">FALSE</esritopo><efeacnt Sync="TRUE">118</efeacnt><spindex Sync="TRUE">TRUE</spindex><linrefer Sync="TRUE">FALSE</linrefer></esriterm></ptvctinf></spdoinfo><spatRepInfo><VectSpatRep><geometObjs Name="cnty_ed"><geoObjTyp><GeoObjTypCd value="002" Sync="TRUE"/></geoObjTyp><geoObjCnt Sync="TRUE">118</geoObjCnt></geometObjs><topLvl><TopoLevCd value="001" Sync="TRUE"/></topLvl></VectSpatRep></spatRepInfo><eainfo><detailed Name="cnty_ed" xmlns=""><enttyp><enttypl Sync="TRUE">cnty_ed</enttypl><enttypt Sync="TRUE">Feature Class</enttypt><enttypc Sync="TRUE">118</enttypc><enttypd>Rensselaer County Election Districts</enttypd></enttyp><attr xmlns=""><attrlabl Sync="TRUE">SHAPE</attrlabl><attalias Sync="TRUE">FID</attalias><attrtype Sync="TRUE">OID</attrtype><attwidth Sync="TRUE">4</attwidth><atprecis Sync="TRUE">0</atprecis><attscale Sync="TRUE">0</attscale><attrdef Sync="TRUE">Feature geometry.</attrdef><attrdefs Sync="TRUE">ESRI</attrdefs><attrdomv><udom Sync="TRUE">Coordinates defining the features.</udom></attrdomv></attr><attr xmlns=""><attrlabl Sync="TRUE">Shape</attrlabl><attalias Sync="TRUE">OBJECTID</attalias><attrtype Sync="TRUE">Double</attrtype><attwidth Sync="TRUE">10</attwidth><atprecis Sync="TRUE">10</atprecis><attscale Sync="TRUE">0</attscale><attrdef Sync="TRUE">Feature geometry.</attrdef><attrdefs Sync="TRUE">ESRI</attrdefs><attrdomv><udom Sync="TRUE">Coordinates defining the features.</udom></attrdomv></attr><attr xmlns=""><attrlabl Sync="TRUE">OBJECTID</attrlabl><attalias Sync="TRUE">ED</attalias><attrtype Sync="TRUE">String</attrtype><attwidth Sync="TRUE">8</attwidth><atprecis Sync="TRUE">0</atprecis><attscale Sync="TRUE">0</attscale></attr><attr xmlns=""><attrlabl Sync="TRUE">ED</attrlabl><attalias Sync="TRUE">DISTRICT</attalias><attrtype Sync="TRUE">String</attrtype><attwidth Sync="TRUE">6</attwidth><attrdef>Election District number with municipality </attrdef><atprecis Sync="TRUE">0</atprecis><attscale Sync="TRUE">0</attscale></attr><attr xmlns=""><attrlabl Sync="TRUE">DISTRICT</attrlabl><attalias Sync="TRUE">CNCLDIST</attalias><attrtype Sync="TRUE">String</attrtype><attwidth Sync="TRUE">6</attwidth><attrdef>Election District with suffix</attrdef><atprecis Sync="TRUE">0</atprecis><attscale Sync="TRUE">0</attscale></attr><attr xmlns=""><attrlabl Sync="TRUE">CNCLDIST</attrlabl><attalias Sync="TRUE">SWIS</attalias><attrtype Sync="TRUE">String</attrtype><attwidth Sync="TRUE">20</attwidth><attrdef>Congressional District with suffix</attrdef><atprecis Sync="TRUE">0</atprecis><attscale Sync="TRUE">0</attscale></attr><attr xmlns=""><attrlabl Sync="TRUE">SWIS</attrlabl><attalias Sync="TRUE">POLLING_PL</attalias><attrtype Sync="TRUE">String</attrtype><attwidth Sync="TRUE">150</attwidth><attrdef>Municipal SWISS code</attrdef><atprecis Sync="TRUE">0</atprecis><attscale Sync="TRUE">0</attscale></attr><attr xmlns=""><attrlabl Sync="TRUE">POLLING_PL</attrlabl><attalias Sync="TRUE">ADDRESS</attalias><attrtype Sync="TRUE">String</attrtype><attwidth Sync="TRUE">50</attwidth><attrdef>Name of Polling Place for Election District</attrdef><atprecis Sync="TRUE">0</atprecis><attscale Sync="TRUE">0</attscale></attr><attr xmlns=""><attrlabl Sync="TRUE">ADDRESS</attrlabl><attalias Sync="TRUE">CITY</attalias><attrtype Sync="TRUE">String</attrtype><attwidth Sync="TRUE">20</attwidth><attrdef>Address of Polling Place</attrdef><atprecis Sync="TRUE">0</atprecis><attscale Sync="TRUE">0</attscale></attr><attr xmlns=""><attrlabl Sync="TRUE">CITY</attrlabl><attalias Sync="TRUE">ZIP</attalias><attrtype Sync="TRUE">String</attrtype><attwidth Sync="TRUE">5</attwidth><attrdef>City Location of Polling Place</attrdef><atprecis Sync="TRUE">0</atprecis><attscale Sync="TRUE">0</attscale></attr><attr xmlns=""><attrlabl Sync="TRUE">ZIP</attrlabl><attalias Sync="TRUE">UPDATED</attalias><attrtype Sync="TRUE">Date</attrtype><attwidth Sync="TRUE">8</attwidth><attrdef>Zip code of Polling Place</attrdef><atprecis Sync="TRUE">0</atprecis><attscale Sync="TRUE">0</attscale></attr><attr xmlns=""><attrlabl Sync="TRUE">UPDATED</attrlabl><attalias Sync="TRUE">LABEL</attalias><attrtype Sync="TRUE">String</attrtype><attwidth Sync="TRUE">50</attwidth><attrdef>Date of last update</attrdef><atprecis Sync="TRUE">0</atprecis><attscale Sync="TRUE">0</attscale></attr><attr xmlns=""><attrlabl Sync="TRUE">LABEL</attrlabl><attalias Sync="TRUE">COMMUNITY</attalias><attrtype Sync="TRUE">String</attrtype><attwidth Sync="TRUE">25</attwidth><attrdef>Field developed for map labelling purposes</attrdef><atprecis Sync="TRUE">0</atprecis><attscale Sync="TRUE">0</attscale></attr><attr xmlns=""><attrlabl Sync="TRUE">COMMUNITY</attrlabl><attalias Sync="TRUE">Shape</attalias><attrtype Sync="TRUE">Geometry</attrtype><attwidth Sync="TRUE">0</attwidth><attrdef>Community where Polling Place is located for Election District</attrdef><atprecis Sync="TRUE">0</atprecis><attscale Sync="TRUE">0</attscale><attrdefs Sync="TRUE">Esri</attrdefs><attrdomv><udom Sync="TRUE">Coordinates defining the features.</udom></attrdomv></attr><attr xmlns=""><attrlabl Sync="TRUE">SHAPE_area</attrlabl><attalias Sync="TRUE">SHAPE_area</attalias><attrtype Sync="TRUE">Double</attrtype><attwidth Sync="TRUE">19</attwidth><atprecis Sync="TRUE">0</atprecis><attscale Sync="TRUE">0</attscale><attrdef Sync="TRUE">Area of feature in internal units squared.</attrdef><attrdefs Sync="TRUE">Esri</attrdefs><attrdomv><udom Sync="TRUE">Positive real numbers that are automatically generated.</udom></attrdomv></attr><attr xmlns=""><attrlabl Sync="TRUE">SHAPE_len</attrlabl><attalias Sync="TRUE">SHAPE_len</attalias><attrtype Sync="TRUE">Double</attrtype><attwidth Sync="TRUE">19</attwidth><atprecis Sync="TRUE">0</atprecis><attscale Sync="TRUE">0</attscale></attr></detailed></eainfo><mdDateSt Sync="TRUE">20160323</mdDateSt><spref><horizsys><cordsysn><geogcsn Sync="TRUE">GCS_North_American_1983</geogcsn><projcsn Sync="TRUE">NAD_1983_StatePlane_New_York_East_FIPS_3101_Feet</projcsn></cordsysn><planar><planci><plance Sync="TRUE">coordinate pair</plance><plandu Sync="TRUE">survey feet</plandu><coordrep><absres Sync="TRUE">0.010000</absres><ordres Sync="TRUE">0.010000</ordres></coordrep></planci></planar><geodetic><horizdn Sync="TRUE">North American Datum of 1983</horizdn><ellips Sync="TRUE">Geodetic Reference System 80</ellips><semiaxis Sync="TRUE">6378137.000000</semiaxis><denflat Sync="TRUE">298.257222</denflat></geodetic></horizsys><vertdef><altsys><altenc Sync="TRUE">Explicit elevation coordinate included with horizontal coordinates</altenc><altres Sync="TRUE">1.000000</altres></altsys></vertdef></spref><refSysInfo><RefSystem><refSysID><identCode Sync="TRUE" code="2260">NAD_1983_StatePlane_New_York_East_FIPS_3101_Feet</identCode><idCodeSpace Sync="TRUE">EPSG</idCodeSpace><idVersion Sync="TRUE">8.2.6</idVersion></refSysID></RefSystem></refSysInfo><mdContact xmlns=""><editorSource>external</editorSource><editorDigest>8aea9667087077a1da35305f43e4366</editorDigest><rpIndName>Jolene Weidlich</rpIndName><rpOrgName>Rensselaer County BRIS</rpOrgName><rpPosName>GIS Manager</rpPosName><rpCntInfo xmlns=""><cntAddress addressType="physical"><delPoint>1600 7th Avenue</delPoint><city>Troy</city><adminArea>NY</adminArea><postCode>12180</postCode><eMailAdd>jweidlich@rensco.com</eMailAdd></cntAddress><cntPhone><voiceNum tddtty="">518-270-2690</voiceNum></cntPhone></rpCntInfo><editorSave>True</editorSave><displayName>Jolene Weidlich</displayName><role><RoleCd value="007"></RoleCd></role></mdContact><mdMaint xmlns=""><maintFreq><MaintFreqCd value="009"></MaintFreqCd></maintFreq></mdMaint></metadata>
