<metadata xml:lang="en"><idinfo><native>Microsoft Windows XP Version 5.1 (Build 2600) Service Pack 3; ESRI ArcCatalog 9.3.1.3000</native><descript><abstract>REQUIRED: A brief narrative summary of the data set.</abstract><purpose>REQUIRED: A summary of the intentions with which the data set was developed.</purpose></descript><citation><citeinfo><origin>REQUIRED: The name of an organization or individual that developed the data set.</origin><pubdate>REQUIRED: The date when the data set is published or otherwise made available for release.</pubdate><title>ocgis.OCGIS.BOE_Election_Districts</title><geoform>vector digital data</geoform><onlink>\\OCIS30\C$\BA\10.2Upgrade\OCGIS_Vector.gdb</onlink></citeinfo></citation><timeperd><current>REQUIRED: The basis on which the time period of content information is determined.</current><timeinfo><sngdate><caldate>REQUIRED: The year (and optionally month, or month and day) for which the data set corresponds to the ground.</caldate></sngdate></timeinfo></timeperd><status><progress>REQUIRED: The state of the data set.</progress><update>REQUIRED: The frequency with which changes and additions are made to the data set after the initial data set is completed.</update></status><spdom><bounding><westbc>-77.616183</westbc><eastbc>-76.961320</eastbc><northbc>43.041140</northbc><southbc>42.574355</southbc></bounding></spdom><keywords/><accconst>REQUIRED: Restrictions and legal prerequisites for accessing the data set.</accconst><useconst>REQUIRED: Restrictions and legal prerequisites for using the data set after access is granted.</useconst></idinfo><dataIdInfo><envirDesc>Microsoft Windows XP Version 5.1 (Build 2600) Service Pack 3; ESRI ArcCatalog 9.3.1.3000</envirDesc><dataLang><languageCode value="en"/><countryCode value="USA"/></dataLang><idCitation><resTitle>ocgis.OCGIS.BOE_Election_Districts</resTitle><presForm><PresFormCd value="005"/></presForm></idCitation><spatRpType><SpatRepTypCd value="001"/></spatRpType><dataExt><geoEle><GeoBndBox esriExtentType="native"><westBL>544080.65</westBL><eastBL>718405.96</eastBL><northBL>1108299.945</northBL><southBL>939624.385</southBL><exTypeCode>1</exTypeCode></GeoBndBox></geoEle></dataExt><geoBox esriExtentType="decdegrees"><westBL>-77.616183</westBL><eastBL>-76.96132</eastBL><northBL>43.04114</northBL><southBL>42.574355</southBL><exTypeCode>1</exTypeCode></geoBox></dataIdInfo><metainfo><metstdn>FGDC Content Standards for Digital Geospatial Metadata</metstdn><metstdv>FGDC-STD-001-1998</metstdv><mettc>local time</mettc><metc><cntinfo><cntorgp><cntper>REQUIRED: The person responsible for the metadata information.</cntper><cntorg>REQUIRED: The organization responsible for the metadata information.</cntorg></cntorgp><cntaddr><addrtype>REQUIRED: The mailing and/or physical address for the organization or individual.</addrtype><city>REQUIRED: The city of the address.</city><state>REQUIRED: The state or province of the address.</state><postal>REQUIRED: The ZIP or other postal code of the address.</postal></cntaddr><cntvoice>REQUIRED: The telephone number by which individuals can speak to the organization or individual.</cntvoice></cntinfo></metc><metd>20100225</metd></metainfo><mdLang><languageCode value="en"/><countryCode value="USA"/></mdLang><mdStanName>ISO 19115 Geographic Information - Metadata</mdStanName><mdStanVer>DIS_ESRI1.0</mdStanVer><mdChar><CharSetCd value="004"/></mdChar><mdHrLv><ScopeCd value="005"/></mdHrLv><mdHrLvName>dataset</mdHrLvName><distinfo><resdesc>Downloadable Data</resdesc></distinfo><distInfo><distributor><distorTran><onLineSrc><orDesc>002</orDesc><linkage>file://\\OCIS30\C$\BA\10.2Upgrade\OCGIS_Vector.gdb</linkage><protocol>Local Area Network</protocol></onLineSrc></distorTran><distorFormat><formatName>SDE Feature Class</formatName></distorFormat></distributor><distFormat><formatName>Shapefile</formatName></distFormat><distTranOps><transSize>0.007</transSize></distTranOps></distInfo><spdoinfo><direct>Vector</direct><ptvctinf/></spdoinfo><spref><horizsys><planar><planci><plance>coordinate pair</plance><plandu>survey feet</plandu><coordrep><absres>0.010000</absres><ordres>0.010000</ordres></coordrep></planci></planar><geodetic><horizdn>North American Datum of 1983</horizdn><ellips>Geodetic Reference System 80</ellips><semiaxis>6378137.000000</semiaxis><denflat>298.257222</denflat></geodetic></horizsys><vertdef><altsys><altenc>Explicit elevation coordinate included with horizontal coordinates</altenc><altres>1.000000</altres></altsys></vertdef></spref><refSysInfo><RefSystem><refSysID><identCode>NAD_1983_StatePlane_New_York_Central_FIPS_3102_Feet</identCode><idCodeSpace>EPSG</idCodeSpace><idVersion>8.6.2</idVersion></refSysID></RefSystem></refSysInfo><spatRepInfo><VectSpatRep><geometObjs><geoObjTyp><GeoObjTypCd value="002"/></geoObjTyp><geoObjCnt>0</geoObjCnt></geometObjs><topLvl><TopoLevCd value="001"/></topLvl></VectSpatRep></spatRepInfo><eainfo><detailed><enttyp><enttypl>ocgis.OCGIS.BOE_Election_Districts</enttypl></enttyp><attr><attrlabl>FID</attrlabl><attrdef>Internal feature number.</attrdef><attrdefs>Esri</attrdefs><attrdomv><udom>Sequential unique whole numbers that are automatically generated.</udom></attrdomv></attr><attr><attrlabl>PERIMETER</attrlabl></attr><attr><attrlabl>OCGIS_OCGI</attrlabl></attr><attr><attrlabl>NAME</attrlabl></attr><attr><attrlabl>MUNICIPALI</attrlabl></attr><attr><attrlabl>BOE_CODE</attrlabl></attr><attr><attrlabl>NAME_2</attrlabl></attr><attr><attrlabl>Shape</attrlabl><attrdef>Feature geometry.</attrdef><attrdefs>ESRI</attrdefs><attrdomv><udom>Coordinates defining the features.</udom></attrdomv></attr><attr><attrlabl>ALT_LAB</attrlabl></attr><attr><attrlabl>MAP</attrlabl></attr><attr><attrlabl>WARD</attrlabl></attr><attr><attrlabl>DISTRICT</attrlabl></attr><attr><attrlabl>JOINCODE</attrlabl></attr><attr><attrlabl>POLLLOC</attrlabl></attr><attr><attrlabl>Shape_STAr</attrlabl></attr><attr><attrlabl>Shape_STLe</attrlabl></attr></detailed></eainfo><mdDateSt>20100225</mdDateSt><dataqual><lineage><procstep><procdesc>Dataset copied.</procdesc><srcused>Service=sde:sqlserver:ocis30; Database=ocgis; User=ocgis; Version=sde.DEFAULT</srcused><procdate>20130827</procdate><proctime>09454800</proctime></procstep></lineage></dataqual></metadata>
