<?xml version="1.0" encoding="ISO-8859-1"?>
<!DOCTYPE metadata SYSTEM "http://www.fgdc.gov/metadata/fgdc-std-001-1998.dtd">
<metadata>
	<idinfo>
		<citation>
			<citeinfo>
				<origin>Legislative Technology Services Bureau</origin>
				<pubdate>02/01/2007</pubdate>
				<pubtime>Unknown</pubtime>
				<title Sync="TRUE">2006_Election_Data_By_Ward</title>
				<geoform Sync="TRUE">vector digital data</geoform>
				<ftname Sync="TRUE">2006_Election_Data_By_Ward</ftname><onlink Sync="TRUE">\\WRK31254\C$\Data\Election_Data\2006 Fall\030507\2006_Election_Data_By_Ward.shp</onlink></citeinfo>
		</citation>
		<descript>
			<abstract>This file was created by disaggregating the State of Wisconsin's 2006 General Election Results to the 2001 municipal ward layer</abstract>
			<purpose>This data was created to perform generalizations on voting patterns in the State of Wisconsin. Municipal annexations, population growth and general errors associated with the process of disaggregating data may be present within this data. Due to the previously mentioned factors election data totals do not match the Wisconsin State Elections Board official results. Please make note of these factors while using this data.</purpose>
			<langdata Sync="TRUE">en</langdata></descript>
		<timeperd>
			<timeinfo>
				<sngdate>
					<caldate>11/07/2006</caldate>
				</sngdate>
			</timeinfo>
			<current>publication date</current>
		</timeperd>
		<status>
			<progress>Complete</progress>
			<update>None planned</update>
		</status>
		<spdom>
			<bounding>
				<westbc Sync="TRUE">-92.964438</westbc>
				<eastbc Sync="TRUE">-86.666231</eastbc>
				<northbc Sync="TRUE">47.083194</northbc>
				<southbc Sync="TRUE">42.456930</southbc>
			</bounding>
			<lboundng><leftbc Sync="TRUE">294822.467028</leftbc><rightbc Sync="TRUE">773277.784933</rightbc><bottombc Sync="TRUE">225108.729183</bottombc><topbc Sync="TRUE">734409.177859</topbc></lboundng></spdom>
		<keywords>
			<theme>
				<themekey>Election Data</themekey>
				<themekey>Fall</themekey>
				<themekey>2006</themekey>
				<themekt>REQUIRED: Reference to a formally registered thesaurus or a similar authoritative source of theme keywords.</themekt></theme>
		</keywords>
		<accconst>None</accconst>
		<useconst>None</useconst>
		<ptcontac>
			<cntinfo>
				<cntorgp>
					<cntorg>Legislative Technology Services Bureau</cntorg>
					<cntper>Tony J. Van Der Wielen</cntper>
				</cntorgp>
				<cntpos>GIS Application Developer</cntpos>
				<cntvoice>608-266-6640 Ext. 1</cntvoice>
				<cntfax>608-267-6763</cntfax>
				<cntemail>gis@legis.wisconsin.gov</cntemail>
				<hours>8 - 4:30 Monday - Friday</hours>
				<cntinst>Please send an e-mail to gis@legis.wisconsin.gov</cntinst>
			</cntinfo>
		</ptcontac>
		<native Sync="TRUE">Microsoft Windows XP Version 5.1 (Build 2600) Service Pack 2; ESRI ArcCatalog 9.2.0.1324</native>
		<natvform Sync="TRUE">Shapefile</natvform></idinfo>
	<dataqual>
		<lineage>
			<procstep><procdesc>Census 2000 data was given to all 72 County Clerks in the State of Wisconsin with an application developed by LTSB called WISE-LR. Each county performed local redistricting including the creation of municiple wards and submitted the data to the Legislature. These assembly Districts were created with the municiple wards. This data includes municiple annexations up to August 1, 2001. </procdesc><procdate>11/01</procdate></procstep><procstep><procdesc>A 2006 Election data geography list was created by matching 2001 Municipal wards to 2006 municipal election data return geography. </procdesc><procdate>01/07</procdate></procstep><procstep><procdesc>Election data was disaggregated to Census 2000 Blocks using the following methodology . An election data geography containing 1000 persons over 18 of which 100 belong to party A, has a 10% Party A affiliation. If a block within this Precinct has 50 persons over 18, the party A values will be calculated as 5 which is 10% of 50. </procdesc><procdate>02/07</procdate></procstep></lineage>
	</dataqual>
	<spdoinfo>
		<direct Sync="TRUE">Vector</direct>
		<ptvctinf>
			<sdtsterm Name="2006_Election_Data_By_Ward">
				<sdtstype Sync="TRUE">G-polygon</sdtstype>
				<ptvctcnt Sync="TRUE">6278</ptvctcnt>
			</sdtsterm>
			<esriterm Name="2006_Election_Data_By_Ward"><efeatyp Sync="TRUE">Simple</efeatyp><efeageom Sync="TRUE">Polygon</efeageom><esritopo Sync="TRUE">FALSE</esritopo><efeacnt Sync="TRUE">6278</efeacnt><spindex Sync="TRUE">TRUE</spindex><linrefer Sync="TRUE">FALSE</linrefer></esriterm></ptvctinf>
	</spdoinfo>
	<spref>
		<horizsys>
			<planar>
				<planci>
					<plance Sync="TRUE">coordinate pair</plance>
					<coordrep>
						<absres Sync="TRUE">0.000000</absres>
						<ordres Sync="TRUE">0.000000</ordres>
					</coordrep>
					<plandu Sync="TRUE">meters</plandu>
				</planci>
				<mapproj><mapprojn Sync="TRUE">Transverse Mercator</mapprojn><transmer><sfctrmer Sync="TRUE">0.999600</sfctrmer><longcm Sync="TRUE">-90.000000</longcm><latprjo Sync="TRUE">0.000000</latprjo><feast Sync="TRUE">520000.000000</feast><fnorth Sync="TRUE">-4480000.000000</fnorth></transmer></mapproj></planar>
			<geodetic>
				<horizdn Sync="TRUE">D_North_American_1983_HARN</horizdn>
				<ellips Sync="TRUE">Geodetic Reference System 80</ellips>
				<semiaxis Sync="TRUE">6378137.000000</semiaxis>
				<denflat Sync="TRUE">298.257222</denflat>
			</geodetic>
			<cordsysn><geogcsn Sync="TRUE">GCS_North_American_1983_HARN</geogcsn><projcsn Sync="TRUE">NAD_1983_HARN_Wisconsin_TM</projcsn></cordsysn></horizsys>
		<vertdef>
			<altsys>
				<altres Sync="TRUE">1.000000</altres>
				<altenc Sync="TRUE">Explicit elevation coordinate included with horizontal coordinates</altenc>
			</altsys>
		</vertdef>
	</spref>
	<eainfo>
		<detailed Name="2006_Election_Data_By_Ward">
			<enttyp>
				<enttypl Sync="TRUE">2006_Election_Data_By_Ward</enttypl>
				<enttypt Sync="TRUE">Feature Class</enttypt><enttypc Sync="TRUE">6278</enttypc></enttyp>
			<attr>
				<attrlabl>STFID</attrlabl>
				<attrdef>Unique ID (State,Mcd,Ward) in Cenus FIPS format.</attrdef><attrdefs>LTSB</attrdefs></attr>
			<attr><attrlabl Sync="TRUE">ABDISTRICT</attrlabl><attalias Sync="TRUE">ABDISTRICT</attalias><attrtype Sync="TRUE">String</attrtype><attwidth Sync="TRUE">11</attwidth><atprecis Sync="TRUE">0</atprecis><attscale Sync="TRUE">0</attscale><attrdef>Internal ID</attrdef><attrdefs>LTSB</attrdefs></attr><attr><attrlabl Sync="TRUE">NAME</attrlabl><attalias Sync="TRUE">NAME</attalias><attrtype Sync="TRUE">String</attrtype><attwidth Sync="TRUE">15</attwidth><attrdef>Name of feature</attrdef><attrdefs>LTSB</attrdefs></attr><attr><attrlabl Sync="TRUE">BLOCK2000</attrlabl><attalias Sync="TRUE">BLOCK2000</attalias><attrtype Sync="TRUE">String</attrtype><attwidth Sync="TRUE">11</attwidth><attrdef>Block 2000 Fips Code</attrdef><attrdefs>U.S. Census Bureau</attrdefs></attr><attr><attrlabl Sync="TRUE">TRACT2000</attrlabl><attalias Sync="TRUE">TRACT2000</attalias><attrtype Sync="TRUE">String</attrtype><attwidth Sync="TRUE">6</attwidth><attrdef>Tract 2000 FIPS code</attrdef><attrdefs>U.S. Census Bureau</attrdefs></attr><attr><attrlabl Sync="TRUE">COUSUBFP</attrlabl><attalias Sync="TRUE">COUSUBFP</attalias><attrtype Sync="TRUE">String</attrtype><attwidth Sync="TRUE">11</attwidth><attrdef>Minor Civil Division FIPS code</attrdef><attrdefs>U.S. Census Bureau</attrdefs></attr><attr><attrlabl Sync="TRUE">FIPSSTCO</attrlabl><attalias Sync="TRUE">FIPSSTCO</attalias><attrtype Sync="TRUE">String</attrtype><attwidth Sync="TRUE">11</attwidth><attrdef>State County FIPS code</attrdef><attrdefs>U.S. Census Bureau</attrdefs></attr><attr><attrlabl Sync="TRUE">JID</attrlabl><attalias Sync="TRUE">JID</attalias><attrtype Sync="TRUE">String</attrtype><attwidth Sync="TRUE">11</attwidth><attrdef>State County Mcd FIPS Code</attrdef><attrdefs>LTSB</attrdefs></attr><attr><attrlabl Sync="TRUE">JVTD</attrlabl><attalias Sync="TRUE">JVTD</attalias><attrtype Sync="TRUE">String</attrtype><attwidth Sync="TRUE">10</attwidth><attrdef>Ward Number assignment as a number</attrdef><attrdefs>LTSB</attrdefs></attr><attr><attrlabl Sync="TRUE">JVTD2</attrlabl><attalias Sync="TRUE">JVTD2</attalias><attrtype Sync="TRUE">String</attrtype><attwidth Sync="TRUE">11</attwidth><attrdef>Mcd name,  City, Town or Village designation, ward number</attrdef><attrdefs>LTSB</attrdefs></attr><attr><attrlabl Sync="TRUE">WARD_1991</attrlabl><attalias Sync="TRUE">WARD_1991</attalias><attrtype Sync="TRUE">Number</attrtype><attwidth Sync="TRUE">10</attwidth><attrdef>1991 Ward Assignment (Approximate)</attrdef><attrdefs>LTSB</attrdefs></attr><attr><attrlabl Sync="TRUE">OLDSTFID</attrlabl><attalias Sync="TRUE">OLDSTFID</attalias><attrtype Sync="TRUE">String</attrtype><attwidth Sync="TRUE">26</attwidth><attrdef>Census FIPS code before block split</attrdef><attrdefs>U.S. Census Bureau</attrdefs></attr><attr><attrlabl Sync="TRUE">LOCK</attrlabl><attalias Sync="TRUE">LOCK</attalias><attrtype Sync="TRUE">String</attrtype><attwidth Sync="TRUE">13</attwidth><attrdef>Internal WISE-LR Code</attrdef><attrdefs>LTSB</attrdefs></attr><attr><attrlabl Sync="TRUE">SPLIT</attrlabl><attalias Sync="TRUE">SPLIT</attalias><attrtype Sync="TRUE">String</attrtype><attwidth Sync="TRUE">10</attwidth><attrdef>"s" indicates the block has been split</attrdef><attrdefs>LTSB</attrdefs></attr><attr><attrlabl Sync="TRUE">SUPER</attrlabl><attalias Sync="TRUE">SUPER</attalias><attrtype Sync="TRUE">String</attrtype><attwidth Sync="TRUE">6</attwidth><attrdef>WISE-LR Internal</attrdef><attrdefs>LTSB</attrdefs></attr><attr><attrlabl Sync="TRUE">PERSONS</attrlabl><attalias Sync="TRUE">PERSONS</attalias><attrtype Sync="TRUE">String</attrtype><attwidth Sync="TRUE">19</attwidth><attrdef>Total Population </attrdef><attrdefs>U.S. Census Bureau</attrdefs></attr><attr><attrlabl Sync="TRUE">WHITE</attrlabl><attalias Sync="TRUE">WHITE</attalias><attrtype Sync="TRUE">String</attrtype><attwidth Sync="TRUE">7</attwidth><attrdefs>U.S. Census Bureau</attrdefs></attr><attr><attrlabl Sync="TRUE">BLACK</attrlabl><attalias Sync="TRUE">BLACK</attalias><attrtype Sync="TRUE">Number</attrtype><attwidth Sync="TRUE">19</attwidth><attrdefs>U.S. Census Bureau</attrdefs><atnumdec Sync="TRUE">8</atnumdec></attr><attr><attrlabl Sync="TRUE">HISPANIC</attrlabl><attalias Sync="TRUE">HISPANIC</attalias><attrtype Sync="TRUE">Number</attrtype><attwidth Sync="TRUE">10</attwidth><attrdefs>U.S. Census Bureau</attrdefs></attr><attr><attrlabl Sync="TRUE">ASIAN</attrlabl><attalias Sync="TRUE">ASIAN</attalias><attrtype Sync="TRUE">Number</attrtype><attwidth Sync="TRUE">10</attwidth><attrdefs>U.S. Census Bureau</attrdefs></attr><attr><attrlabl Sync="TRUE">AMINDIAN</attrlabl><attalias Sync="TRUE">AMINDIAN</attalias><attrtype Sync="TRUE">Number</attrtype><attwidth Sync="TRUE">10</attwidth><attrdefs>U.S. Census Bureau</attrdefs></attr><attr><attrlabl Sync="TRUE">PISLAND</attrlabl><attalias Sync="TRUE">PISLAND</attalias><attrtype Sync="TRUE">Number</attrtype><attwidth Sync="TRUE">10</attwidth><attrdefs>U.S. Census Bureau</attrdefs></attr><attr><attrlabl Sync="TRUE">OTHER</attrlabl><attalias Sync="TRUE">OTHER</attalias><attrtype Sync="TRUE">Number</attrtype><attwidth Sync="TRUE">19</attwidth><attrdefs>U.S. Census Bureau</attrdefs><atnumdec Sync="TRUE">8</atnumdec></attr><attr><attrlabl Sync="TRUE">OTHERMLT</attrlabl><attalias Sync="TRUE">OTHERMLT</attalias><attrtype Sync="TRUE">Number</attrtype><attwidth Sync="TRUE">10</attwidth><attrdefs>U.S. Census Bureau</attrdefs></attr><attr><attrlabl Sync="TRUE">PERSONS18</attrlabl><attalias Sync="TRUE">PERSONS18</attalias><attrtype Sync="TRUE">Number</attrtype><attwidth Sync="TRUE">10</attwidth><attrdefs>U.S. Census Bureau</attrdefs></attr><attr><attrlabl Sync="TRUE">WHITE18</attrlabl><attalias Sync="TRUE">WHITE18</attalias><attrtype Sync="TRUE">Number</attrtype><attwidth Sync="TRUE">19</attwidth><attrdefs>U.S. Census Bureau</attrdefs><atnumdec Sync="TRUE">8</atnumdec></attr><attr><attrlabl Sync="TRUE">BLACK18</attrlabl><attalias Sync="TRUE">BLACK18</attalias><attrtype Sync="TRUE">Number</attrtype><attwidth Sync="TRUE">19</attwidth><attrdefs>U.S. Census Bureau</attrdefs><atnumdec Sync="TRUE">8</atnumdec></attr><attr><attrlabl Sync="TRUE">HISPANIC18</attrlabl><attalias Sync="TRUE">HISPANIC18</attalias><attrtype Sync="TRUE">Number</attrtype><attwidth Sync="TRUE">10</attwidth><attrdefs>U.S. Census Bureau</attrdefs></attr><attr><attrlabl Sync="TRUE">ASIAN18</attrlabl><attalias Sync="TRUE">ASIAN18</attalias><attrtype Sync="TRUE">Number</attrtype><attwidth Sync="TRUE">10</attwidth><attrdefs>U.S. Census Bureau</attrdefs></attr><attr><attrlabl Sync="TRUE">AMINDIAN18</attrlabl><attalias Sync="TRUE">AMINDIAN18</attalias><attrtype Sync="TRUE">Number</attrtype><attwidth Sync="TRUE">19</attwidth><attrdefs>U.S. Census Bureau</attrdefs><atnumdec Sync="TRUE">8</atnumdec></attr><attr><attrlabl Sync="TRUE">PISLAND18</attrlabl><attalias Sync="TRUE">PISLAND18</attalias><attrtype Sync="TRUE">Number</attrtype><attwidth Sync="TRUE">10</attwidth><attrdefs>U.S. Census Bureau</attrdefs></attr><attr><attrlabl Sync="TRUE">OTHER18</attrlabl><attalias Sync="TRUE">OTHER18</attalias><attrtype Sync="TRUE">Number</attrtype><attwidth Sync="TRUE">19</attwidth><attrdefs>U.S. Census Bureau</attrdefs><atnumdec Sync="TRUE">8</atnumdec></attr><attr><attrlabl Sync="TRUE">OTHERMLT18</attrlabl><attalias Sync="TRUE">OTHERMLT18</attalias><attrtype Sync="TRUE">Number</attrtype><attwidth Sync="TRUE">19</attwidth><attrdefs>U.S. Census Bureau</attrdefs><atnumdec Sync="TRUE">8</atnumdec></attr><attr><attrlabl Sync="TRUE">COUNTY</attrlabl><attalias Sync="TRUE">COUNTY</attalias><attrtype Sync="TRUE">Number</attrtype><attwidth Sync="TRUE">10</attwidth><attrdef>County Name as string</attrdef><attrdefs>U.S. Census Bureau</attrdefs></attr><attr><attrlabl Sync="TRUE">MINORITY</attrlabl><attalias Sync="TRUE">MINORITY</attalias><attrtype Sync="TRUE">Number</attrtype><attwidth Sync="TRUE">19</attwidth><atnumdec Sync="TRUE">8</atnumdec></attr><attr><attrlabl Sync="TRUE">ASSEMBLY</attrlabl><attalias Sync="TRUE">ASSEMBLY</attalias><attrtype Sync="TRUE">String</attrtype><attwidth Sync="TRUE">8</attwidth><attrdef>Assembly District assignment</attrdef><attrdefs>Eastern District Federal Court</attrdefs></attr><attr><attrlabl Sync="TRUE">SENATE</attrlabl><attalias Sync="TRUE">SENATE</attalias><attrtype Sync="TRUE">Number</attrtype><attwidth Sync="TRUE">10</attwidth><attrdef>Senate District</attrdef><attrdefs>Eastern District Federal Court</attrdefs></attr><attr><attrlabl Sync="TRUE">CONGRESS</attrlabl><attalias Sync="TRUE">CONGRESS</attalias><attrtype Sync="TRUE">String</attrtype><attwidth Sync="TRUE">11</attwidth><attrdef>Congressional District Assignment</attrdef><attrdefs>Wisconsin State Legislature</attrdefs></attr><attr><attrlabl Sync="TRUE">CNTY_NAME</attrlabl><attalias Sync="TRUE">CNTY_NAME</attalias><attrtype Sync="TRUE">String</attrtype><attwidth Sync="TRUE">8</attwidth><attrdef>County name</attrdef><attrdefs>U.S. Census Bureau</attrdefs></attr><attr><attrlabl Sync="TRUE">MCD_NAME</attrlabl><attalias Sync="TRUE">MCD_NAME</attalias><attrtype Sync="TRUE">String</attrtype><attwidth Sync="TRUE">11</attwidth><attrdef>Mcd Name</attrdef><attrdefs>U.S. Census Bureau</attrdefs></attr><attr><attrlabl Sync="TRUE">CTV</attrlabl><attalias Sync="TRUE">CTV</attalias><attrtype Sync="TRUE">String</attrtype><attwidth Sync="TRUE">12</attwidth><attrdef>City, Town or Village designation</attrdef><attrdefs>U.S. Census Bureau</attrdefs></attr><attr>
				<attrlabl>GOV_DEM</attrlabl>
				<attrdef>Governor 2006 Democrat</attrdef>
				<attrdefs>State Elections Board</attrdefs>
				<attrtype Sync="TRUE">String</attrtype><attwidth Sync="TRUE">17</attwidth></attr>
			<attr>
				<attrlabl>GOV_REP</attrlabl>
				<attrdef>Governor 2006 Republican</attrdef>
				<attrdefs>State Elections Board</attrdefs><attrtype Sync="TRUE">String</attrtype><attwidth Sync="TRUE">4</attwidth></attr>
			<attr>
				<attrlabl>GOV_GRN</attrlabl>
				<attrdef>Governor 2006 Green Party</attrdef>
				<attrdefs>State Elections Board</attrdefs><attrtype Sync="TRUE">Number</attrtype><attwidth Sync="TRUE">19</attwidth><atnumdec Sync="TRUE">5</atnumdec></attr>
			<attr>
				<attrlabl>GOV_SCAT</attrlabl>
				<attrdef>Governor 2006 Scatter</attrdef>
				<attrdefs>State Elections Board</attrdefs><attrtype Sync="TRUE">Number</attrtype><attwidth Sync="TRUE">19</attwidth><atnumdec Sync="TRUE">5</atnumdec></attr>
			<attr>
				<attrlabl>AG_DEM</attrlabl>
				<attrdef>Attorney General Democrat</attrdef>
				<attrdefs>State Elections Board</attrdefs><attrtype Sync="TRUE">Number</attrtype><attwidth Sync="TRUE">19</attwidth><atnumdec Sync="TRUE">5</atnumdec></attr>
			<attr>
				<attrlabl>AG_REP</attrlabl>
				<attrdef>Attorney General Republican</attrdef>
				<attrdefs>State Elections Board</attrdefs><attrtype Sync="TRUE">Number</attrtype><attwidth Sync="TRUE">19</attwidth><atnumdec Sync="TRUE">5</atnumdec></attr>
			<attr>
				<attrlabl>AG_SCAT</attrlabl>
				<attrdef>Attorney General Scatter</attrdef>
				<attrdefs>State Elections Board</attrdefs><attrtype Sync="TRUE">Number</attrtype><attwidth Sync="TRUE">19</attwidth><atnumdec Sync="TRUE">5</atnumdec></attr>
			<attr>
				<attrlabl>M_YES</attrlabl>
				<attrdef>Marriage Amendment - Yes</attrdef>
				<attrdefs>State Elections Board</attrdefs><attrtype Sync="TRUE">Number</attrtype><attwidth Sync="TRUE">19</attwidth><atnumdec Sync="TRUE">5</atnumdec></attr>
			<attr>
				<attrlabl>M_NO</attrlabl>
				<attrdef>Marriage Amendment - No</attrdef>
				<attrdefs>State Elections Board</attrdefs><attrtype Sync="TRUE">Number</attrtype><attwidth Sync="TRUE">19</attwidth><atnumdec Sync="TRUE">5</atnumdec></attr>
			<attr>
				<attrlabl>DP_YES</attrlabl>
				<attrdef>Death Penalty Amendment - Yes</attrdef>
				<attrdefs>State Elections Board</attrdefs><attrtype Sync="TRUE">Number</attrtype><attwidth Sync="TRUE">19</attwidth><atnumdec Sync="TRUE">5</atnumdec></attr>
			<attr>
				<attrlabl>DP_NO</attrlabl>
				<attrdef>Death Penalty Amendment - No</attrdef>
				<attrdefs>State Elections Board</attrdefs><attrtype Sync="TRUE">Number</attrtype><attwidth Sync="TRUE">19</attwidth><atnumdec Sync="TRUE">5</atnumdec></attr>
			<attr>
				<attrlabl>TRS_DEM</attrlabl>
				<attrdef>State Treasure Democrat</attrdef>
				<attrdefs>State Elections Board</attrdefs><attrtype Sync="TRUE">Number</attrtype><attwidth Sync="TRUE">19</attwidth><atnumdec Sync="TRUE">5</atnumdec></attr>
			<attr>
				<attrlabl>TRS_REP</attrlabl>
				<attrdef>State Treasure Republican</attrdef>
				<attrdefs>State Elections Board</attrdefs><attrtype Sync="TRUE">Number</attrtype><attwidth Sync="TRUE">19</attwidth><atnumdec Sync="TRUE">5</atnumdec></attr>
			<attr>
				<attrlabl>TRS_LIB</attrlabl>
				<attrdef>State Treasure Libertarian</attrdef>
				<attrdefs>State Elections Board</attrdefs><attrtype Sync="TRUE">Number</attrtype><attwidth Sync="TRUE">19</attwidth><atnumdec Sync="TRUE">5</atnumdec></attr>
			<attr>
				<attrlabl>TRS_GRN</attrlabl>
				<attrdef>State Treasure Green Party</attrdef>
				<attrdefs>State Elections Board</attrdefs><attrtype Sync="TRUE">Number</attrtype><attwidth Sync="TRUE">19</attwidth><atnumdec Sync="TRUE">5</atnumdec></attr>
			<attr>
				<attrlabl>TRS_SCAT</attrlabl>
				<attrdef>State Treasure Scatter</attrdef>
				<attrdefs>State Elections Board</attrdefs><attrtype Sync="TRUE">Number</attrtype><attwidth Sync="TRUE">19</attwidth><atnumdec Sync="TRUE">5</atnumdec></attr>
			<attr>
				<attrlabl>SEC_DEM</attrlabl>
				<attrdef>Secretary of State Democrat</attrdef>
				<attrdefs>State Elections Board</attrdefs><attrtype Sync="TRUE">Number</attrtype><attwidth Sync="TRUE">19</attwidth><atnumdec Sync="TRUE">5</atnumdec></attr>
			<attr>
				<attrlabl>SEC_REP</attrlabl>
				<attrdef>Secretary of State Republican</attrdef>
				<attrdefs>State Elections Board</attrdefs><attrtype Sync="TRUE">Number</attrtype><attwidth Sync="TRUE">19</attwidth><atnumdec Sync="TRUE">5</atnumdec></attr>
			<attr>
				<attrlabl>SEC_GRN</attrlabl>
				<attrdef>Secretary of State Green Party</attrdef>
				<attrdefs>State Elections Board</attrdefs><attrtype Sync="TRUE">Number</attrtype><attwidth Sync="TRUE">19</attwidth><atnumdec Sync="TRUE">5</atnumdec></attr>
			<attr>
				<attrlabl>SEC_SCAT</attrlabl>
				<attrdef>Secretary of State Scatter</attrdef>
				<attrdefs>State Elections Board</attrdefs><attrtype Sync="TRUE">Number</attrtype><attwidth Sync="TRUE">19</attwidth><atnumdec Sync="TRUE">5</atnumdec></attr>
			<attr>
				<attrlabl>SEN_DEM</attrlabl>
				<attrdef>US Senate Democrat</attrdef>
				<attrdefs>State Elections Board</attrdefs><attrtype Sync="TRUE">Number</attrtype><attwidth Sync="TRUE">19</attwidth><atnumdec Sync="TRUE">5</atnumdec></attr>
			<attr>
				<attrlabl>SEN_REP</attrlabl>
				<attrdef>US Senate Republican</attrdef>
				<attrdefs>State Elections Board</attrdefs><attrtype Sync="TRUE">Number</attrtype><attwidth Sync="TRUE">19</attwidth><atnumdec Sync="TRUE">5</atnumdec></attr>
			<attr>
				<attrlabl>SEN_GRN</attrlabl>
				<attrdef>US Senate Green Party</attrdef>
				<attrdefs>State Elections Board</attrdefs><attrtype Sync="TRUE">Number</attrtype><attwidth Sync="TRUE">19</attwidth><atnumdec Sync="TRUE">5</atnumdec></attr>
			<attr>
				<attrlabl>SEN_IND</attrlabl>
				<attrdef>US Senate Independent</attrdef>
				<attrdefs>State Elections Board</attrdefs><attrtype Sync="TRUE">Number</attrtype><attwidth Sync="TRUE">19</attwidth><atnumdec Sync="TRUE">5</atnumdec></attr>
			<attr>
				<attrlabl>SEN_SCAT</attrlabl>
				<attrdef>US Senate Scatter</attrdef>
				<attrdefs>State Elections Board</attrdefs><attrtype Sync="TRUE">Number</attrtype><attwidth Sync="TRUE">19</attwidth><atnumdec Sync="TRUE">5</atnumdec></attr>
			<attr>
				<attrlabl>ASM06D</attrlabl>
				<attrdef>State Assembly Democrat</attrdef>
				<attrdefs>State Elections Board</attrdefs><attrtype Sync="TRUE">Number</attrtype><attwidth Sync="TRUE">19</attwidth><atnumdec Sync="TRUE">5</atnumdec></attr>
			<attr>
				<attrlabl>ASM06R</attrlabl>
				<attrdef>State Assembly Republican</attrdef>
				<attrdefs>State Elections Board</attrdefs><attrtype Sync="TRUE">Number</attrtype><attwidth Sync="TRUE">19</attwidth><atnumdec Sync="TRUE">5</atnumdec></attr>
			<attr>
				<attrlabl>ASM06IND</attrlabl>
				<attrdef>State Assembly Independent</attrdef>
				<attrdefs>State Elections Board</attrdefs><attrtype Sync="TRUE">Number</attrtype><attwidth Sync="TRUE">19</attwidth><atnumdec Sync="TRUE">5</atnumdec></attr>
			<attr>
				<attrlabl>ASM06CONT</attrlabl>
				<attrdef>State Assembly Constitutional</attrdef>
				<attrdefs>State Elections Board</attrdefs><attrtype Sync="TRUE">Number</attrtype><attwidth Sync="TRUE">19</attwidth><atnumdec Sync="TRUE">5</atnumdec></attr>
			<attr>
				<attrlabl>ASM06SCAT</attrlabl>
				<attrdef>State Assembly Scatter</attrdef>
				<attrdefs>State Elections Board</attrdefs><attrtype Sync="TRUE">Number</attrtype><attwidth Sync="TRUE">19</attwidth><atnumdec Sync="TRUE">5</atnumdec></attr>
			<attr>
				<attrlabl>ASM06GRN</attrlabl>
				<attrdef>State Assembly Green Party</attrdef>
				<attrdefs>State Elections Board</attrdefs><attrtype Sync="TRUE">Number</attrtype><attwidth Sync="TRUE">19</attwidth><atnumdec Sync="TRUE">5</atnumdec></attr>
			<attr>
				<attrlabl>SS06D</attrlabl>
				<attrdef>State Senate Democrat</attrdef>
				<attrdefs>State Elections Board</attrdefs><attrtype Sync="TRUE">Number</attrtype><attwidth Sync="TRUE">19</attwidth><atnumdec Sync="TRUE">5</atnumdec></attr>
			<attr>
				<attrlabl>SS06R</attrlabl>
				<attrdef>State Senate Republican</attrdef>
				<attrdefs>State Elections Board</attrdefs><attrtype Sync="TRUE">Number</attrtype><attwidth Sync="TRUE">19</attwidth><atnumdec Sync="TRUE">5</atnumdec></attr>
			<attr>
				<attrlabl>SS06WI</attrlabl>
				<attrdef>State Senate Wisconsin Green Party</attrdef>
				<attrdefs>State Elections Board</attrdefs><attrtype Sync="TRUE">Number</attrtype><attwidth Sync="TRUE">19</attwidth><atnumdec Sync="TRUE">5</atnumdec></attr>
			<attr>
				<attrlabl>SS06SCAT</attrlabl>
				<attrdef>State Senate Scatter</attrdef>
				<attrdefs>State Elections Board</attrdefs><attrtype Sync="TRUE">Number</attrtype><attwidth Sync="TRUE">19</attwidth><atnumdec Sync="TRUE">5</atnumdec></attr>
			<attr>
				<attrlabl>DA06D</attrlabl>
				<attrdef>District Attorney Democrat</attrdef>
				<attrdefs>State Elections Board</attrdefs><attrtype Sync="TRUE">Number</attrtype><attwidth Sync="TRUE">19</attwidth><atnumdec Sync="TRUE">5</atnumdec></attr>
			<attr>
				<attrlabl>DA06R</attrlabl>
				<attrdef>District Attorney Republican</attrdef>
				<attrdefs>State Elections Board</attrdefs><attrtype Sync="TRUE">Number</attrtype><attwidth Sync="TRUE">19</attwidth><atnumdec Sync="TRUE">5</atnumdec></attr>
			<attr>
				<attrlabl>DA06IND</attrlabl>
				<attrdef>District Attorney Independent</attrdef>
				<attrdefs>State Elections Board</attrdefs><attrtype Sync="TRUE">Number</attrtype><attwidth Sync="TRUE">19</attwidth><atnumdec Sync="TRUE">5</atnumdec></attr>
			<attr>
				<attrlabl>DA06SCAT</attrlabl>
				<attrdef>District Attorney Scatter</attrdef>
				<attrdefs>State Elections Board</attrdefs><attrtype Sync="TRUE">Number</attrtype><attwidth Sync="TRUE">19</attwidth><atnumdec Sync="TRUE">5</atnumdec></attr>
			<attr>
				<attrlabl>CON06D</attrlabl>
				<attrdef>US Congress Democrat</attrdef>
				<attrdefs>State Elections Board</attrdefs><attrtype Sync="TRUE">Number</attrtype><attwidth Sync="TRUE">19</attwidth><atnumdec Sync="TRUE">5</atnumdec></attr>
			<attr>
				<attrlabl>CON06R</attrlabl>
				<attrdef>US Congress Republican</attrdef>
				<attrdefs>State Elections Board</attrdefs><attrtype Sync="TRUE">Number</attrtype><attwidth Sync="TRUE">19</attwidth><atnumdec Sync="TRUE">5</atnumdec></attr>
			<attr>
				<attrlabl>CON06IND</attrlabl>
				<attrdef>US Congress Independent</attrdef>
				<attrdefs>State Elections Board</attrdefs><attrtype Sync="TRUE">Number</attrtype><attwidth Sync="TRUE">19</attwidth><atnumdec Sync="TRUE">5</atnumdec></attr>
			<attr>
				<attrlabl>CON06SCAT</attrlabl>
				<attrdef>US Congress Scatter</attrdef>
				<attrdefs>State Elections Board</attrdefs><attrtype Sync="TRUE">Number</attrtype><attwidth Sync="TRUE">19</attwidth><atnumdec Sync="TRUE">5</atnumdec></attr>
			<attr><attrlabl Sync="TRUE">FID</attrlabl><attalias Sync="TRUE">FID</attalias><attrtype Sync="TRUE">Number</attrtype><attwidth Sync="TRUE">19</attwidth><attrdef Sync="TRUE">Internal feature number.</attrdef><attrdefs Sync="TRUE">ESRI</attrdefs><attrdomv><udom Sync="TRUE">Sequential unique whole numbers that are automatically generated.</udom></attrdomv><atnumdec Sync="TRUE">5</atnumdec></attr><attr>
				<attrlabl>CON06WG</attrlabl>
				<attrdef>US Congress Wisconsin Green Party</attrdef>
				<attrdefs>State Elections Board</attrdefs><attrtype Sync="TRUE">Number</attrtype><attwidth Sync="TRUE">19</attwidth><atnumdec Sync="TRUE">5</atnumdec></attr>
			<attr><attrlabl Sync="TRUE">SHAPE</attrlabl><attalias Sync="TRUE">Shape</attalias><attrtype Sync="TRUE">Number</attrtype><attwidth Sync="TRUE">19</attwidth><attrdef Sync="TRUE">Feature geometry.</attrdef><attrdefs Sync="TRUE">ESRI</attrdefs><attrdomv><udom Sync="TRUE">Coordinates defining the features.</udom></attrdomv><atnumdec Sync="TRUE">5</atnumdec></attr><attr><attrlabl Sync="TRUE">Shape</attrlabl><attalias Sync="TRUE">Shape</attalias><attrtype Sync="TRUE">Float</attrtype><attwidth Sync="TRUE">19</attwidth><attrdef Sync="TRUE">Feature geometry.</attrdef><attrdefs Sync="TRUE">ESRI</attrdefs><attrdomv><udom Sync="TRUE">Coordinates defining the features.</udom></attrdomv><atnumdec Sync="TRUE">11</atnumdec></attr><attr><attrlabl Sync="TRUE">area</attrlabl><attalias Sync="TRUE">area</attalias><attrtype Sync="TRUE">Float</attrtype><attwidth Sync="TRUE">19</attwidth><atnumdec Sync="TRUE">11</atnumdec></attr><attr><attrlabl Sync="TRUE">len</attrlabl><attalias Sync="TRUE">len</attalias><attrtype Sync="TRUE">Double</attrtype><attwidth Sync="TRUE">19</attwidth><atprecis Sync="TRUE">0</atprecis><attscale Sync="TRUE">0</attscale></attr></detailed>
	</eainfo>
	<distinfo>
		<distrib>
			<cntinfo>
				<cntorgp>
					<cntorg>Tony J. Van Der Wielen</cntorg>
					<cntper>Legislative Technology Services Bureau</cntper>
				</cntorgp>
				<cntpos>GIS Application Developer</cntpos>
				<cntaddr>
					<addrtype>mailing and physical address</addrtype>
					<address>17 West Main Street</address>
					<address>Suite 200</address>
					<city>Madison</city>
					<state>WI</state>
					<postal>53702</postal>
				</cntaddr>
				<cntvoice>608-266-6640 Ext. 1</cntvoice>
				<cntfax>608-267-6763</cntfax>
				<cntemail>gis@legis.wisconsin.gov</cntemail>
				<hours>8 - 4:30 Monday - Friday</hours>
				<cntinst>Please send an e-mail to gis@legis.wisconsin.gov</cntinst>
			</cntinfo>
		</distrib>
		<resdesc>Downloadable Data</resdesc>
		<stdorder><digform><digtinfo><transize Sync="TRUE">9.430</transize><dssize Sync="TRUE">9.430</dssize></digtinfo></digform></stdorder></distinfo>
	<metainfo>
		<metd Sync="TRUE">20070305</metd>
		<metc>
			<cntinfo>
				<cntorgp>
					<cntorg>Legislative Technology Services Bureau</cntorg>
					<cntper>Tony J. Van Der Wielen</cntper>
				</cntorgp>
				<cntpos>GIS Application Developer</cntpos>
				<cntaddr>
					<addrtype>mailing and physical address</addrtype>
					<address>17 West Main Street</address>
					<address>Suite 200</address>
					<city>Madison</city>
					<state>WI</state>
					<postal>53702</postal>
				</cntaddr>
				<cntvoice>608-266-6640 Ext. 1</cntvoice>
				<cntfax>608-267-6763</cntfax>
				<cntemail>gis@legis.wisconsin.gov</cntemail>
				<hours>8 - 4:30 Monday - Friday</hours>
				<cntinst>Please send an e-mail to gis@legis.wisconsin.gov</cntinst>
			</cntinfo>
		</metc>
		<metstdn Sync="TRUE">FGDC Content Standards for Digital Geospatial Metadata</metstdn>
		<metstdv Sync="TRUE">FGDC-STD-001-1998</metstdv>
		<mettc Sync="TRUE">local time</mettc>
		<metextns>
			<metprof>ESRI Metadata Profile</metprof>
		</metextns>
		<metextns>
			<onlink>http://www.esri.com/metadata/esriprof80.html</onlink>
			<metprof>ESRI Metadata Profile</metprof>
		</metextns>
		<langmeta Sync="TRUE">en</langmeta><metextns><onlink Sync="TRUE">http://www.esri.com/metadata/esriprof80.html</onlink><metprof Sync="TRUE">ESRI Metadata Profile</metprof></metextns></metainfo>
	<Esri><MetaID>{A5F636F0-0672-42CC-8B88-DE9587A3965B}</MetaID><CreaDate>20070305</CreaDate><CreaTime>11094500</CreaTime><SyncOnce>FALSE</SyncOnce><SyncDate>20070305</SyncDate><SyncTime>13192900</SyncTime><ModDate>20070305</ModDate><ModTime>13192900</ModTime><DataProperties><lineage><Process Name="FeatureClassToFeatureClass_1" ToolSource="C:\Program Files\ArcGIS\ArcToolbox\Toolboxes\Conversion Tools.tbx\FeatureClassToFeatureClass" Date="20070305" Time="112234">FeatureClassToFeatureClass "Database Connections\Legislative GIS Data.sde\sde.SDE.Election_Data_2006_Wards" "C:\Data\Election_Data\2006 Fall\030507" Election_Data_2006_By_Ward.shp # "STFID STFID true true false 15 Text 0 0 ,First,#,Database Connections\Legislative GIS Data.sde\sde.SDE.Election_Data_2006_Wards,STFID,-1,-1;ABDISTRICT ABDISTRICT true true false 11 Text 0 0 ,First,#,Database Connections\Legislative GIS Data.sde\sde.SDE.Election_Data_2006_Wards,ABDISTRICT,-1,-1;NAME NAME true true false 6 Text 0 0 ,First,#,Database Connections\Legislative GIS Data.sde\sde.SDE.Election_Data_2006_Wards,NAME,-1,-1;BLOCK2000 BLOCK2000 true true false 11 Text 0 0 ,First,#,Database Connections\Legislative GIS Data.sde\sde.SDE.Election_Data_2006_Wards,BLOCK2000,-1,-1;TRACT2000 TRACT2000 true true false 11 Text 0 0 ,First,#,Database Connections\Legislative GIS Data.sde\sde.SDE.Election_Data_2006_Wards,TRACT2000,-1,-1;COUSUBFP COUSUBFP true true false 11 Text 0 0 ,First,#,Database Connections\Legislative GIS Data.sde\sde.SDE.Election_Data_2006_Wards,COUSUBFP,-1,-1;FIPSSTCO FIPSSTCO true true false 10 Text 0 0 ,First,#,Database Connections\Legislative GIS Data.sde\sde.SDE.Election_Data_2006_Wards,FIPSSTCO,-1,-1;JID JID true true false 11 Text 0 0 ,First,#,Database Connections\Legislative GIS Data.sde\sde.SDE.Election_Data_2006_Wards,JID,-1,-1;JVTD JVTD true true false 8 Double 0 10 ,First,#,Database Connections\Legislative GIS Data.sde\sde.SDE.Election_Data_2006_Wards,JVTD,-1,-1;JVTD2 JVTD2 true true false 26 Text 0 0 ,First,#,Database Connections\Legislative GIS Data.sde\sde.SDE.Election_Data_2006_Wards,JVTD2,-1,-1;WARD_1991 WARD_1991 true true false 13 Text 0 0 ,First,#,Database Connections\Legislative GIS Data.sde\sde.SDE.Election_Data_2006_Wards,WARD_1991,-1,-1;OLDSTFID OLDSTFID true true false 10 Text 0 0 ,First,#,Database Connections\Legislative GIS Data.sde\sde.SDE.Election_Data_2006_Wards,OLDSTFID,-1,-1;LOCK LOCK true true false 6 Text 0 0 ,First,#,Database Connections\Legislative GIS Data.sde\sde.SDE.Election_Data_2006_Wards,LOCK,-1,-1;SPLIT SPLIT true true false 19 Text 0 0 ,First,#,Database Connections\Legislative GIS Data.sde\sde.SDE.Election_Data_2006_Wards,SPLIT,-1,-1;SUPER SUPER true true false 7 Text 0 0 ,First,#,Database Connections\Legislative GIS Data.sde\sde.SDE.Election_Data_2006_Wards,SUPER,-1,-1;PERSONS PERSONS true true false 8 Double 8 19 ,First,#,Database Connections\Legislative GIS Data.sde\sde.SDE.Election_Data_2006_Wards,PERSONS,-1,-1;WHITE WHITE true true false 8 Double 0 10 ,First,#,Database Connections\Legislative GIS Data.sde\sde.SDE.Election_Data_2006_Wards,WHITE,-1,-1;BLACK BLACK true true false 8 Double 0 10 ,First,#,Database Connections\Legislative GIS Data.sde\sde.SDE.Election_Data_2006_Wards,BLACK,-1,-1;HISPANIC HISPANIC true true false 8 Double 0 10 ,First,#,Database Connections\Legislative GIS Data.sde\sde.SDE.Election_Data_2006_Wards,HISPANIC,-1,-1;ASIAN ASIAN true true false 8 Double 0 10 ,First,#,Database Connections\Legislative GIS Data.sde\sde.SDE.Election_Data_2006_Wards,ASIAN,-1,-1;AMINDIAN AMINDIAN true true false 8 Double 8 19 ,First,#,Database Connections\Legislative GIS Data.sde\sde.SDE.Election_Data_2006_Wards,AMINDIAN,-1,-1;PISLAND PISLAND true true false 8 Double 0 10 ,First,#,Database Connections\Legislative GIS Data.sde\sde.SDE.Election_Data_2006_Wards,PISLAND,-1,-1;OTHER OTHER true true false 8 Double 0 10 ,First,#,Database Connections\Legislative GIS Data.sde\sde.SDE.Election_Data_2006_Wards,OTHER,-1,-1;OTHERMLT OTHERMLT true true false 8 Double 8 19 ,First,#,Database Connections\Legislative GIS Data.sde\sde.SDE.Election_Data_2006_Wards,OTHERMLT,-1,-1;PERSONS18 PERSONS18 true true false 8 Double 8 19 ,First,#,Database Connections\Legislative GIS Data.sde\sde.SDE.Election_Data_2006_Wards,PERSONS18,-1,-1;WHITE18 WHITE18 true true false 8 Double 0 10 ,First,#,Database Connections\Legislative GIS Data.sde\sde.SDE.Election_Data_2006_Wards,WHITE18,-1,-1;BLACK18 BLACK18 true true false 8 Double 0 10 ,First,#,Database Connections\Legislative GIS Data.sde\sde.SDE.Election_Data_2006_Wards,BLACK18,-1,-1;HISPANIC18 HISPANIC18 true true false 8 Double 8 19 ,First,#,Database Connections\Legislative GIS Data.sde\sde.SDE.Election_Data_2006_Wards,HISPANIC18,-1,-1;ASIAN18 ASIAN18 true true false 8 Double 0 10 ,First,#,Database Connections\Legislative GIS Data.sde\sde.SDE.Election_Data_2006_Wards,ASIAN18,-1,-1;AMINDIAN18 AMINDIAN18 true true false 8 Double 8 19 ,First,#,Database Connections\Legislative GIS Data.sde\sde.SDE.Election_Data_2006_Wards,AMINDIAN18,-1,-1;PISLAND18 PISLAND18 true true false 8 Double 8 19 ,First,#,Database Connections\Legislative GIS Data.sde\sde.SDE.Election_Data_2006_Wards,PISLAND18,-1,-1;OTHER18 OTHER18 true true false 8 Double 0 10 ,First,#,Database Connections\Legislative GIS Data.sde\sde.SDE.Election_Data_2006_Wards,OTHER18,-1,-1;OTHERMLT18 OTHERMLT18 true true false 8 Double 8 19 ,First,#,Database Connections\Legislative GIS Data.sde\sde.SDE.Election_Data_2006_Wards,OTHERMLT18,-1,-1;COUNTY COUNTY true true false 8 Text 0 0 ,First,#,Database Connections\Legislative GIS Data.sde\sde.SDE.Election_Data_2006_Wards,COUNTY,-1,-1;MINORITY MINORITY true true false 8 Double 0 10 ,First,#,Database Connections\Legislative GIS Data.sde\sde.SDE.Election_Data_2006_Wards,MINORITY,-1,-1;ASSEMBLY ASSEMBLY true true false 11 Text 0 0 ,First,#,Database Connections\Legislative GIS Data.sde\sde.SDE.Election_Data_2006_Wards,ASSEMBLY,-1,-1;SENATE SENATE true true false 8 Text 0 0 ,First,#,Database Connections\Legislative GIS Data.sde\sde.SDE.Election_Data_2006_Wards,SENATE,-1,-1;CONGRESS CONGRESS true true false 11 Text 0 0 ,First,#,Database Connections\Legislative GIS Data.sde\sde.SDE.Election_Data_2006_Wards,CONGRESS,-1,-1;CNTY_NAME CNTY_NAME true true false 12 Text 0 0 ,First,#,Database Connections\Legislative GIS Data.sde\sde.SDE.Election_Data_2006_Wards,CNTY_NAME,-1,-1;MCD_NAME MCD_NAME true true false 17 Text 0 0 ,First,#,Database Connections\Legislative GIS Data.sde\sde.SDE.Election_Data_2006_Wards,MCD_NAME,-1,-1;CTV CTV true true false 4 Text 0 0 ,First,#,Database Connections\Legislative GIS Data.sde\sde.SDE.Election_Data_2006_Wards,CTV,-1,-1;GOV_DEM GOV_DEM true true false 8 Double 5 19 ,First,#,Database Connections\Legislative GIS Data.sde\sde.SDE.Election_Data_2006_Wards,GOV_DEM,-1,-1;GOV_REP GOV_REP true true false 8 Double 5 19 ,First,#,Database Connections\Legislative GIS Data.sde\sde.SDE.Election_Data_2006_Wards,GOV_REP,-1,-1;GOV_GRN GOV_GRN true true false 8 Double 5 19 ,First,#,Database Connections\Legislative GIS Data.sde\sde.SDE.Election_Data_2006_Wards,GOV_GRN,-1,-1;GOV_SCAT GOV_SCAT true true false 8 Double 5 19 ,First,#,Database Connections\Legislative GIS Data.sde\sde.SDE.Election_Data_2006_Wards,GOV_SCAT,-1,-1;AG_DEM AG_DEM true true false 8 Double 5 19 ,First,#,Database Connections\Legislative GIS Data.sde\sde.SDE.Election_Data_2006_Wards,AG_DEM,-1,-1;AG_REP AG_REP true true false 8 Double 5 19 ,First,#,Database Connections\Legislative GIS Data.sde\sde.SDE.Election_Data_2006_Wards,AG_REP,-1,-1;AG_SCAT AG_SCAT true true false 8 Double 5 19 ,First,#,Database Connections\Legislative GIS Data.sde\sde.SDE.Election_Data_2006_Wards,AG_SCAT,-1,-1;M_YES M_YES true true false 8 Double 5 19 ,First,#,Database Connections\Legislative GIS Data.sde\sde.SDE.Election_Data_2006_Wards,M_YES,-1,-1;M_NO M_NO true true false 8 Double 5 19 ,First,#,Database Connections\Legislative GIS Data.sde\sde.SDE.Election_Data_2006_Wards,M_NO,-1,-1;DP_YES DP_YES true true false 8 Double 5 19 ,First,#,Database Connections\Legislative GIS Data.sde\sde.SDE.Election_Data_2006_Wards,DP_YES,-1,-1;DP_NO DP_NO true true false 8 Double 5 19 ,First,#,Database Connections\Legislative GIS Data.sde\sde.SDE.Election_Data_2006_Wards,DP_NO,-1,-1;TRS_DEM TRS_DEM true true false 8 Double 5 19 ,First,#,Database Connections\Legislative GIS Data.sde\sde.SDE.Election_Data_2006_Wards,TRS_DEM,-1,-1;TRS_REP TRS_REP true true false 8 Double 5 19 ,First,#,Database Connections\Legislative GIS Data.sde\sde.SDE.Election_Data_2006_Wards,TRS_REP,-1,-1;TRS_LIB TRS_LIB true true false 8 Double 5 19 ,First,#,Database Connections\Legislative GIS Data.sde\sde.SDE.Election_Data_2006_Wards,TRS_LIB,-1,-1;TRS_GRN TRS_GRN true true false 8 Double 5 19 ,First,#,Database Connections\Legislative GIS Data.sde\sde.SDE.Election_Data_2006_Wards,TRS_GRN,-1,-1;TRS_SCAT TRS_SCAT true true false 8 Double 5 19 ,First,#,Database Connections\Legislative GIS Data.sde\sde.SDE.Election_Data_2006_Wards,TRS_SCAT,-1,-1;SEC_DEM SEC_DEM true true false 8 Double 5 19 ,First,#,Database Connections\Legislative GIS Data.sde\sde.SDE.Election_Data_2006_Wards,SEC_DEM,-1,-1;SEC_REP SEC_REP true true false 8 Double 5 19 ,First,#,Database Connections\Legislative GIS Data.sde\sde.SDE.Election_Data_2006_Wards,SEC_REP,-1,-1;SEC_GRN SEC_GRN true true false 8 Double 5 19 ,First,#,Database Connections\Legislative GIS Data.sde\sde.SDE.Election_Data_2006_Wards,SEC_GRN,-1,-1;SEC_SCAT SEC_SCAT true true false 8 Double 5 19 ,First,#,Database Connections\Legislative GIS Data.sde\sde.SDE.Election_Data_2006_Wards,SEC_SCAT,-1,-1;SEN_DEM SEN_DEM true true false 8 Double 5 19 ,First,#,Database Connections\Legislative GIS Data.sde\sde.SDE.Election_Data_2006_Wards,SEN_DEM,-1,-1;SEN_REP SEN_REP true true false 8 Double 5 19 ,First,#,Database Connections\Legislative GIS Data.sde\sde.SDE.Election_Data_2006_Wards,SEN_REP,-1,-1;SEN_GRN SEN_GRN true true false 8 Double 5 19 ,First,#,Database Connections\Legislative GIS Data.sde\sde.SDE.Election_Data_2006_Wards,SEN_GRN,-1,-1;SEN_IND SEN_IND true true false 8 Double 5 19 ,First,#,Database Connections\Legislative GIS Data.sde\sde.SDE.Election_Data_2006_Wards,SEN_IND,-1,-1;SEN_SCAT SEN_SCAT true true false 8 Double 5 19 ,First,#,Database Connections\Legislative GIS Data.sde\sde.SDE.Election_Data_2006_Wards,SEN_SCAT,-1,-1;ASM06D ASM06D true true false 8 Double 5 19 ,First,#,Database Connections\Legislative GIS Data.sde\sde.SDE.Election_Data_2006_Wards,ASM06D,-1,-1;ASM06R ASM06R true true false 8 Double 5 19 ,First,#,Database Connections\Legislative GIS Data.sde\sde.SDE.Election_Data_2006_Wards,ASM06R,-1,-1;ASM06IND ASM06IND true true false 8 Double 5 19 ,First,#,Database Connections\Legislative GIS Data.sde\sde.SDE.Election_Data_2006_Wards,ASM06IND,-1,-1;ASM06CONT ASM06CONT true true false 8 Double 5 19 ,First,#,Database Connections\Legislative GIS Data.sde\sde.SDE.Election_Data_2006_Wards,ASM06CONT,-1,-1;ASM06SCAT ASM06SCAT true true false 8 Double 5 19 ,First,#,Database Connections\Legislative GIS Data.sde\sde.SDE.Election_Data_2006_Wards,ASM06SCAT,-1,-1;ASM06GRN ASM06GRN true true false 8 Double 5 19 ,First,#,Database Connections\Legislative GIS Data.sde\sde.SDE.Election_Data_2006_Wards,ASM06GRN,-1,-1;SS06D SS06D true true false 8 Double 5 19 ,First,#,Database Connections\Legislative GIS Data.sde\sde.SDE.Election_Data_2006_Wards,SS06D,-1,-1;SS06R SS06R true true false 8 Double 5 19 ,First,#,Database Connections\Legislative GIS Data.sde\sde.SDE.Election_Data_2006_Wards,SS06R,-1,-1;SS06WI SS06WI true true false 8 Double 5 19 ,First,#,Database Connections\Legislative GIS Data.sde\sde.SDE.Election_Data_2006_Wards,SS06WI,-1,-1;SS06SCAT SS06SCAT true true false 8 Double 5 19 ,First,#,Database Connections\Legislative GIS Data.sde\sde.SDE.Election_Data_2006_Wards,SS06SCAT,-1,-1;DA06D DA06D true true false 8 Double 5 19 ,First,#,Database Connections\Legislative GIS Data.sde\sde.SDE.Election_Data_2006_Wards,DA06D,-1,-1;DA06R DA06R true true false 8 Double 5 19 ,First,#,Database Connections\Legislative GIS Data.sde\sde.SDE.Election_Data_2006_Wards,DA06R,-1,-1;DA06IND DA06IND true true false 8 Double 5 19 ,First,#,Database Connections\Legislative GIS Data.sde\sde.SDE.Election_Data_2006_Wards,DA06IND,-1,-1;DA06SCAT DA06SCAT true true false 8 Double 5 19 ,First,#,Database Connections\Legislative GIS Data.sde\sde.SDE.Election_Data_2006_Wards,DA06SCAT,-1,-1;CON06D CON06D true true false 8 Double 5 19 ,First,#,Database Connections\Legislative GIS Data.sde\sde.SDE.Election_Data_2006_Wards,CON06D,-1,-1;CON06R CON06R true true false 8 Double 5 19 ,First,#,Database Connections\Legislative GIS Data.sde\sde.SDE.Election_Data_2006_Wards,CON06R,-1,-1;CON06IND CON06IND true true false 8 Double 5 19 ,First,#,Database Connections\Legislative GIS Data.sde\sde.SDE.Election_Data_2006_Wards,CON06IND,-1,-1;CON06WG CON06WG true true false 8 Double 5 19 ,First,#,Database Connections\Legislative GIS Data.sde\sde.SDE.Election_Data_2006_Wards,CON06WG,-1,-1;CON06SCAT CON06SCAT true true false 8 Double 5 19 ,First,#,Database Connections\Legislative GIS Data.sde\sde.SDE.Election_Data_2006_Wards,CON06SCAT,-1,-1;area area false false true 0 Double 0 0 ,First,#,Database Connections\Legislative GIS Data.sde\sde.SDE.Election_Data_2006_Wards,SHAPE.area,-1,-1;len len false false true 0 Double 0 0 ,First,#,Database Connections\Legislative GIS Data.sde\sde.SDE.Election_Data_2006_Wards,SHAPE.len,-1,-1" # "C:\Data\Election_Data\2006 Fall\030507\Election_Data_2006_By_Ward.shp"</Process></lineage></DataProperties></Esri><dataIdInfo><envirDesc Sync="TRUE">Microsoft Windows XP Version 5.1 (Build 2600) Service Pack 2; ESRI ArcCatalog 9.2.0.1324</envirDesc><dataLang><languageCode Sync="TRUE" value="en"></languageCode></dataLang><idCitation><resTitle Sync="TRUE">2006_Election_Data_By_Ward</resTitle><presForm><PresFormCd Sync="TRUE" value="005"></PresFormCd></presForm></idCitation><spatRpType><SpatRepTypCd Sync="TRUE" value="001"></SpatRepTypCd></spatRpType><dataExt><geoEle><GeoBndBox esriExtentType="native"><westBL Sync="TRUE">294822.467028</westBL><eastBL Sync="TRUE">773277.784933</eastBL><northBL Sync="TRUE">734409.177859</northBL><southBL Sync="TRUE">225108.729183</southBL><exTypeCode Sync="TRUE">1</exTypeCode></GeoBndBox></geoEle></dataExt><geoBox esriExtentType="decdegrees"><westBL Sync="TRUE">-92.964438</westBL><eastBL Sync="TRUE">-86.666231</eastBL><northBL Sync="TRUE">47.083194</northBL><southBL Sync="TRUE">42.45693</southBL><exTypeCode Sync="TRUE">1</exTypeCode></geoBox></dataIdInfo><mdLang><languageCode Sync="TRUE" value="en"></languageCode></mdLang><mdStanName Sync="TRUE">ISO 19115 Geographic Information - Metadata</mdStanName><mdStanVer Sync="TRUE">DIS_ESRI1.0</mdStanVer><mdChar><CharSetCd Sync="TRUE" value="004"></CharSetCd></mdChar><mdHrLv><ScopeCd Sync="TRUE" value="005"></ScopeCd></mdHrLv><mdHrLvName Sync="TRUE">dataset</mdHrLvName><distInfo><distributor><distorTran><onLineSrc><orDesc Sync="TRUE">002</orDesc><linkage Sync="TRUE">file://\\WRK31254\C$\Data\Election_Data\2006 Fall\030507\2006_Election_Data_By_Ward.shp</linkage><protocol Sync="TRUE">Local Area Network</protocol></onLineSrc><transSize Sync="TRUE">9.430</transSize></distorTran><distorFormat><formatName Sync="TRUE">Shapefile</formatName></distorFormat></distributor></distInfo><refSysInfo><RefSystem><refSysID><identCode Sync="TRUE">NAD_1983_HARN_Wisconsin_TM</identCode></refSysID></RefSystem></refSysInfo><spatRepInfo><VectSpatRep><topLvl><TopoLevCd Sync="TRUE" value="001"></TopoLevCd></topLvl><geometObjs Name="2006_Election_Data_By_Ward"><geoObjTyp><GeoObjTypCd Sync="TRUE" value="001"></GeoObjTypCd></geoObjTyp><geoObjCnt Sync="TRUE">6278</geoObjCnt></geometObjs></VectSpatRep></spatRepInfo><mdDateSt Sync="TRUE">20070305</mdDateSt></metadata>
