<metadata xml:lang="en"><Esri><CreaDate>20140114</CreaDate><CreaTime>16573000</CreaTime><ArcGISFormat>1.0</ArcGISFormat><ArcGISstyle>FGDC CSDGM Metadata</ArcGISstyle><SyncOnce>FALSE</SyncOnce><DataProperties><lineage><Process ToolSource="c:\program files (x86)\arcgis\desktop10.1\ArcToolbox\Toolboxes\Data Management Tools.tbx\DefineProjection" Date="20121112" Time="103720" Name="" export="">DefineProjection wards PROJCS['NAD_1983_HARN_Wisconsin_TM',GEOGCS['GCS_North_American_1983_HARN',DATUM['D_North_American_1983_HARN',SPHEROID['GRS_1980',6378137.0,298.257222101]],PRIMEM['Greenwich',0.0],UNIT['Degree',0.0174532925199433]],PROJECTION['Transverse_Mercator'],PARAMETER['False_Easting',520000.0],PARAMETER['False_Northing',-4480000.0],PARAMETER['Central_Meridian',-90.0],PARAMETER['Scale_Factor',0.9996],PARAMETER['Latitude_Of_Origin',0.0],UNIT['Meter',1.0]]</Process></lineage><itemProps><itemLocation><linkage Sync="TRUE">file://\\LTSB-W34583\C\Data\Website\Wards_Final_Geo_111312_2014_ED.shp</linkage><protocol Sync="TRUE">Local Area Network</protocol></itemLocation><itemName Sync="TRUE">Wards_Final_Geo_111312_2014_ED</itemName><imsContentType Sync="TRUE">002</imsContentType><nativeExtBox><westBL Sync="TRUE">294822.768100</westBL><eastBL Sync="TRUE">773288.290500</eastBL><southBL Sync="TRUE">225108.637700</southBL><northBL Sync="TRUE">734398.128900</northBL><exTypeCode Sync="TRUE">1</exTypeCode></nativeExtBox><itemSize Sync="TRUE">23.045</itemSize></itemProps><coordRef><type Sync="TRUE">Projected</type><geogcsn Sync="TRUE">GCS_North_American_1983_HARN</geogcsn><csUnits Sync="TRUE">Linear Unit: Meter (1.000000)</csUnits><projcsn Sync="TRUE">NAD_1983_HARN_Wisconsin_TM</projcsn><peXml Sync="TRUE">&lt;ProjectedCoordinateSystem xsi:type='typens:ProjectedCoordinateSystem' xmlns:xsi='http://www.w3.org/2001/XMLSchema-instance' xmlns:xs='http://www.w3.org/2001/XMLSchema' xmlns:typens='http://www.esri.com/schemas/ArcGIS/10.1'&gt;&lt;WKT&gt;PROJCS[&amp;quot;NAD_1983_HARN_Wisconsin_TM&amp;quot;,GEOGCS[&amp;quot;GCS_North_American_1983_HARN&amp;quot;,DATUM[&amp;quot;D_North_American_1983_HARN&amp;quot;,SPHEROID[&amp;quot;GRS_1980&amp;quot;,6378137.0,298.257222101]],PRIMEM[&amp;quot;Greenwich&amp;quot;,0.0],UNIT[&amp;quot;Degree&amp;quot;,0.0174532925199433]],PROJECTION[&amp;quot;Transverse_Mercator&amp;quot;],PARAMETER[&amp;quot;False_Easting&amp;quot;,520000.0],PARAMETER[&amp;quot;False_Northing&amp;quot;,-4480000.0],PARAMETER[&amp;quot;Central_Meridian&amp;quot;,-90.0],PARAMETER[&amp;quot;Scale_Factor&amp;quot;,0.9996],PARAMETER[&amp;quot;Latitude_Of_Origin&amp;quot;,0.0],UNIT[&amp;quot;Meter&amp;quot;,1.0],AUTHORITY[&amp;quot;EPSG&amp;quot;,3071]]&lt;/WKT&gt;&lt;XOrigin&gt;-5100900&lt;/XOrigin&gt;&lt;YOrigin&gt;-14478100&lt;/YOrigin&gt;&lt;XYScale&gt;450445547.3910538&lt;/XYScale&gt;&lt;ZOrigin&gt;-100000&lt;/ZOrigin&gt;&lt;ZScale&gt;10000&lt;/ZScale&gt;&lt;MOrigin&gt;-100000&lt;/MOrigin&gt;&lt;MScale&gt;10000&lt;/MScale&gt;&lt;XYTolerance&gt;0.001&lt;/XYTolerance&gt;&lt;ZTolerance&gt;0.001&lt;/ZTolerance&gt;&lt;MTolerance&gt;0.001&lt;/MTolerance&gt;&lt;HighPrecision&gt;true&lt;/HighPrecision&gt;&lt;WKID&gt;3071&lt;/WKID&gt;&lt;LatestWKID&gt;3071&lt;/LatestWKID&gt;&lt;/ProjectedCoordinateSystem&gt;</peXml></coordRef></DataProperties><scaleRange><minScale>5000000</minScale><maxScale>5000</maxScale></scaleRange><SyncDate>20141223</SyncDate><SyncTime>09455600</SyncTime><ModDate>20141223</ModDate><ModTime>09455600</ModTime><ArcGISProfile>FGDC</ArcGISProfile></Esri><mdChar><CharSetCd value="004"/></mdChar><mdContact xmlns=""><rpIndName>Tony J. Van Der Wielen</rpIndName><rpOrgName>Legislative Technology Services Bureau</rpOrgName><rpPosName>GIS Manager</rpPosName><role><RoleCd value="007"/></role><rpCntInfo xmlns=""><cntAddress addressType="physical"><delPoint>17 W. Main St.</delPoint><city>Madison</city><adminArea>WI</adminArea><postCode>53703</postCode><country>US</country><delPoint>Suite 200</delPoint></cntAddress><cntPhone><voiceNum tddtty="">608-283-1817</voiceNum></cntPhone><cntHours>8am - 5pm</cntHours></rpCntInfo></mdContact><dataIdInfo><idPurp>This is the final municipal ward dataset produced by the Legislative Technology Services Bureau for the 2011 Legislative Redistricting Project. This dataset has the 2014 Fall Election data disagrigated to individual wards.</idPurp><searchKeys><keyword>Wisconsin</keyword><keyword>Wards</keyword><keyword>2011</keyword><keyword>2012</keyword><keyword>Municipal</keyword><keyword>2014 Election Data</keyword></searchKeys><idAbs>&lt;DIV STYLE="text-align:Left;"&gt;&lt;DIV&gt;&lt;DIV&gt;&lt;P STYLE="margin:0 0 14 0;"&gt;&lt;SPAN&gt;&lt;SPAN&gt;These municipal wards were created by grouping Census 2010 population collection blocks into municipal wards. This project started with the release of Census 2010 geography and population totals to all 72 Wisconsin counties on March 21&lt;/SPAN&gt;&lt;/SPAN&gt;&lt;SPAN&gt;&lt;SPAN&gt;st&lt;/SPAN&gt;&lt;/SPAN&gt;&lt;SPAN&gt;&lt;SPAN&gt;2011. Census Geography and population totals to be used for local redistricting were made available on the Wisconsin Shape Editor for Local Redistricting (WISE-LR) website (&lt;/SPAN&gt;&lt;/SPAN&gt;&lt;A href="http://legis.wisconsin.gov/wiselr/"&gt;&lt;SPAN&gt;&lt;SPAN&gt;http://legis.wisconsin.gov/wiselr/&lt;/SPAN&gt;&lt;/SPAN&gt;&lt;/A&gt;&lt;SPAN&gt;&lt;SPAN&gt;) and the WISE-LR web application located at &lt;/SPAN&gt;&lt;/SPAN&gt;&lt;A href="http://wiselr.legis.wisconsin.gov/"&gt;&lt;SPAN&gt;&lt;SPAN&gt;http://wiselr.legis.wisconsin.gov&lt;/SPAN&gt;&lt;/SPAN&gt;&lt;/A&gt;&lt;SPAN&gt;&lt;SPAN&gt;. The 180 day statutory timeline for local redistricting to occur in Wisconsin ended on September 19&lt;/SPAN&gt;&lt;/SPAN&gt;&lt;SPAN&gt;&lt;SPAN&gt;th&lt;/SPAN&gt;&lt;/SPAN&gt;&lt;SPAN&gt;&lt;SPAN&gt;, 2011. &lt;/SPAN&gt;&lt;/SPAN&gt;&lt;/P&gt;&lt;P STYLE="margin:0 0 14 0;"&gt;&lt;SPAN&gt;&lt;SPAN&gt;Wisconsin Legislative and congressional redistricting plans were enacted in the fall of 2011. &lt;/SPAN&gt;&lt;A href="https://docs.legis.wisconsin.gov/2011/related/acts/43"&gt;&lt;SPAN&gt;2011 Wisconsin Act 43 &lt;/SPAN&gt;&lt;/A&gt;&lt;SPAN&gt;and &lt;/SPAN&gt;&lt;A href="https://docs.legis.wisconsin.gov/2011/related/acts/44"&gt;&lt;SPAN&gt;Act 44 &lt;/SPAN&gt;&lt;/A&gt;&lt;SPAN&gt;created new Assembly, Senate and Congressional lines for the state. These new districts were created using Census 2010 block geography. Some municipal wards that were created before Act 43 and 44 were enacted, which created municipal wards in some communities to be split between assembly, senate and congressional districts. &lt;/SPAN&gt;&lt;A href="https://docs.legis.wisconsin.gov/2011/related/acts/39"&gt;&lt;SPAN&gt;2011 Wisconsin Act 39&lt;/SPAN&gt;&lt;/A&gt;&lt;SPAN&gt;allowed communities to divide wards affected, along census blocks. Newly formed wards created under Wisconsin Act 39 would need named using alpha-numeric labels (ward 1 divided by an assembly district would become ward 1A and ward 1B, or the next sequential ward number would have to be used, ward 1 and ward 2). The process of dividing wards under Act 39 ended on April 10&lt;/SPAN&gt;&lt;/SPAN&gt;&lt;SPAN&gt;&lt;SPAN&gt;th&lt;/SPAN&gt;&lt;/SPAN&gt;&lt;SPAN&gt;, 2012. This link provides more information on Act 39. &lt;/SPAN&gt;&lt;A href="http://legis.wisconsin.gov/lrb/pubs/Lb/11Lb1.pdf"&gt;&lt;SPAN&gt;http://legis.wisconsin.gov/lrb/pubs/Lb/11Lb1.pdf &lt;/SPAN&gt;&lt;/A&gt;&lt;/P&gt;&lt;P STYLE="margin:0 0 14 0;"&gt;&lt;SPAN&gt;&lt;SPAN&gt;The United States Eastern District Federal Court on April 11&lt;/SPAN&gt;&lt;/SPAN&gt;&lt;SPAN&gt;&lt;SPAN&gt;th&lt;/SPAN&gt;&lt;/SPAN&gt;&lt;SPAN&gt;&lt;SPAN&gt;2012 ordered Assembly Districts 8 and 9 (both in the City of Milwaukee) be changed to follow the court’s description. &lt;/SPAN&gt;&lt;A href="http://legis.wisconsin.gov/ltsb/redistricting/PDFs/120411_Eastern_Dist_order.pdf"&gt;&lt;SPAN&gt;http://legis.wisconsin.gov/ltsb/redistricting/PDFs/120411_Eastern_Dist_order.pdf&lt;/SPAN&gt;&lt;/A&gt;&lt;/SPAN&gt;&lt;/P&gt;&lt;P STYLE="margin:0 0 14 0;"&gt;&lt;SPAN&gt;&lt;SPAN&gt;On September 19&lt;/SPAN&gt;&lt;/SPAN&gt;&lt;SPAN&gt;&lt;SPAN&gt;th&lt;/SPAN&gt;&lt;/SPAN&gt;&lt;SPAN&gt;&lt;SPAN&gt;, 2012 the Legislative Technology Services Bureau (LTSB) divided the few remaining municipal wards that were divided by a 2011 Wisconsin Act 43 or 44 district line.&lt;/SPAN&gt;&lt;/SPAN&gt;&lt;/P&gt;&lt;P&gt;&lt;SPAN /&gt;&lt;/P&gt;&lt;/DIV&gt;&lt;/DIV&gt;&lt;/DIV&gt;</idAbs><idCredit>Legislative Technology Services Bureau
17 W. Main St.
Suite 200
Madison WI, 53703-3305
</idCredit><resConst><Consts><useLimit>&lt;DIV STYLE="text-align:Left;"&gt;&lt;DIV&gt;&lt;DIV&gt;&lt;P STYLE="margin:0 0 14 0;"&gt;&lt;SPAN&gt;None - Please note this municipal ward layer represents data submitted to the Wisconsin Legislature as of April 10th, 2012. Changes that may have occurred after this date are not reflected in this data set. Please contact your municipal clerk’s office for the most up to date information.&lt;/SPAN&gt;&lt;/P&gt;&lt;/DIV&gt;&lt;/DIV&gt;&lt;/DIV&gt;</useLimit></Consts></resConst><dataChar><CharSetCd value="004"/></dataChar><envirDesc Sync="TRUE">Microsoft Windows 7 Version 6.1 (Build 7601) Service Pack 1; Esri ArcGIS 10.2.0.3348</envirDesc><dataLang><languageCode value="eng" Sync="TRUE"/><countryCode value="USA" Sync="TRUE"/></dataLang><idCitation xmlns=""><resTitle Sync="FALSE">Wisconsin Municipal Wards (Final) with 2014 Election Data </resTitle><presForm xmlns=""><PresFormCd value="005" Sync="TRUE"/><fgdcGeoform>vector digital data</fgdcGeoform></presForm><citRespParty xmlns=""><rpIndName>Tony J. Van Der Wielen</rpIndName><rpOrgName>Legislative Technology Services Bureau</rpOrgName><rpPosName>GIS Manager</rpPosName><role><RoleCd value="007"/></role><displayName>Tony J. Van Der Wielen</displayName><rpCntInfo xmlns=""><cntAddress addressType="physical"><delPoint>17 W. Main St</delPoint><city>Madison</city><adminArea>WI</adminArea><postCode>53703</postCode><eMailAdd>tony.vanderwielen@legis.wisconsin.gov</eMailAdd><country>US</country><delPoint>Suite 200</delPoint></cntAddress><cntPhone><voiceNum tddtty="">608-283-1817</voiceNum></cntPhone><cntOnlineRes xmlns=""><orFunct><OnFunctCd value="001"/></orFunct></cntOnlineRes></rpCntInfo></citRespParty><date><createDate>2014-12-18T00:00:00</createDate><pubDate>2014-12-19T00:00:00</pubDate></date></idCitation><spatRpType><SpatRepTypCd value="001" Sync="TRUE"/></spatRpType><dataExt xmlns=""><geoEle xmlns=""><GeoBndBox esriExtentType="search"><exTypeCode Sync="TRUE">1</exTypeCode><westBL Sync="TRUE">-92.964428</westBL><eastBL Sync="TRUE">-86.666100</eastBL><northBL Sync="TRUE">47.083094</northBL><southBL Sync="TRUE">42.456925</southBL></GeoBndBox></geoEle><tempEle><TempExtent><exTemp><TM_Period xmlns=""><tmBegin>2011-03-01T00:00:00</tmBegin><tmEnd>2013-11-13T00:00:00</tmEnd></TM_Period></exTemp></TempExtent></tempEle></dataExt><idStatus><ProgCd value="001"/></idStatus><resMaint xmlns=""><maintFreq><MaintFreqCd value="011"/></maintFreq></resMaint></dataIdInfo><mdMaint><maintFreq><MaintFreqCd value="009"/></maintFreq></mdMaint><eainfo><detailed Name="Wards_Final_Geo_111312_2014_ED" xmlns=""><enttyp><enttypl Sync="TRUE">Wards_Final_Geo_111312_2014_ED</enttypl><enttypt Sync="TRUE">Feature Class</enttypt><enttypc Sync="TRUE">6634</enttypc></enttyp><attr xmlns=""><attrlabl Sync="TRUE">FID</attrlabl><attalias Sync="TRUE">FID</attalias><attrtype Sync="TRUE">OID</attrtype><attwidth Sync="TRUE">4</attwidth><atprecis Sync="TRUE">0</atprecis><attscale Sync="TRUE">0</attscale><attrdef Sync="TRUE">Internal feature number.</attrdef><attrdefs Sync="TRUE">Esri</attrdefs><attrdomv><udom Sync="TRUE">Sequential unique whole numbers that are automatically generated.</udom></attrdomv></attr><attr xmlns=""><attrlabl Sync="TRUE">GEOID10</attrlabl><attalias Sync="TRUE">GEOID10</attalias><attrtype Sync="TRUE">String</attrtype><attwidth Sync="TRUE">50</attwidth><atprecis Sync="TRUE">0</atprecis><attscale Sync="TRUE">0</attscale><attrdef>Unique Geographic Identifier consisting of Census State Code (2), Census Municipal Code (5), and Ward Number (4).</attrdef><attrdefs>LTSB, US Census Bureau</attrdefs></attr><attr xmlns=""><attrlabl Sync="TRUE">NAME</attrlabl><attalias Sync="TRUE">NAME</attalias><attrtype Sync="TRUE">String</attrtype><attwidth Sync="TRUE">45</attwidth><atprecis Sync="TRUE">0</atprecis><attscale Sync="TRUE">0</attscale><attrdef>Municipal Ward Number </attrdef><attrdefs>LTSB</attrdefs></attr><attr xmlns=""><attrlabl Sync="TRUE">ASM</attrlabl><attalias Sync="TRUE">ASM</attalias><attrtype Sync="TRUE">String</attrtype><attwidth Sync="TRUE">50</attwidth><atprecis Sync="TRUE">0</atprecis><attscale Sync="TRUE">0</attscale><attrdef>Wisconsin Act 43 Assembly District Number, Districts 8  and 9 are from the Eastern District Federal Court decision dated April 10th, 2012.</attrdef><attrdefs>LTSB</attrdefs></attr><attr xmlns=""><attrlabl Sync="TRUE">SEN</attrlabl><attalias Sync="TRUE">SEN</attalias><attrtype Sync="TRUE">String</attrtype><attwidth Sync="TRUE">50</attwidth><atprecis Sync="TRUE">0</atprecis><attscale Sync="TRUE">0</attscale><attrdef>Wisconsin Act 43 Senate District Number</attrdef><attrdefs>LTSB</attrdefs></attr><attr xmlns=""><attrlabl Sync="TRUE">CON</attrlabl><attalias Sync="TRUE">CON</attalias><attrtype Sync="TRUE">String</attrtype><attwidth Sync="TRUE">50</attwidth><atprecis Sync="TRUE">0</atprecis><attscale Sync="TRUE">0</attscale><attrdef>Wisconsin Act 44 Congressional District Number</attrdef><attrdefs>LTSB</attrdefs></attr><attr xmlns=""><attrlabl Sync="TRUE">WARD_FIPS</attrlabl><attalias Sync="TRUE">WARD_FIPS</attalias><attrtype Sync="TRUE">String</attrtype><attwidth Sync="TRUE">50</attwidth><atprecis Sync="TRUE">0</atprecis><attscale Sync="TRUE">0</attscale><attrdef>Unique Geographic Identifier consisting of Census State Code (2), Census County Code (3), Census Municipal Code (5), and Ward Number (4).</attrdef><attrdefs>LTSB</attrdefs></attr><attr xmlns=""><attrlabl Sync="TRUE">COUSUBFP</attrlabl><attalias Sync="TRUE">COUSUBFP</attalias><attrtype Sync="TRUE">String</attrtype><attwidth Sync="TRUE">50</attwidth><atprecis Sync="TRUE">0</atprecis><attscale Sync="TRUE">0</attscale><attrdef>Census Bureau municipal FIPS code </attrdef><attrdefs>US Census Bureau</attrdefs></attr><attr xmlns=""><attrlabl Sync="TRUE">MCD_NAME</attrlabl><attalias Sync="TRUE">MCD_NAME</attalias><attrtype Sync="TRUE">String</attrtype><attwidth Sync="TRUE">50</attwidth><atprecis Sync="TRUE">0</atprecis><attscale Sync="TRUE">0</attscale><attrdef>Municipality Name</attrdef><attrdefs>US Census Bureau</attrdefs></attr><attr xmlns=""><attrlabl Sync="TRUE">MCD_FIPS</attrlabl><attalias Sync="TRUE">MCD_FIPS</attalias><attrtype Sync="TRUE">String</attrtype><attwidth Sync="TRUE">50</attwidth><atprecis Sync="TRUE">0</atprecis><attscale Sync="TRUE">0</attscale><attrdef>Unique Geographic Identifier consisting of Census State Code (2), Census County Code (3), Census Municipal Code (5), </attrdef><attrdefs>US Census Bureau, LTSB</attrdefs></attr><attr xmlns=""><attrlabl Sync="TRUE">CNTY_NAME</attrlabl><attalias Sync="TRUE">CNTY_NAME</attalias><attrtype Sync="TRUE">String</attrtype><attwidth Sync="TRUE">50</attwidth><atprecis Sync="TRUE">0</atprecis><attscale Sync="TRUE">0</attscale><attrdef>County Name</attrdef><attrdefs>US Census Bureau</attrdefs></attr><attr xmlns=""><attrlabl Sync="TRUE">CNTY_FIPS</attrlabl><attalias Sync="TRUE">CNTY_FIPS</attalias><attrtype Sync="TRUE">String</attrtype><attwidth Sync="TRUE">50</attwidth><atprecis Sync="TRUE">0</atprecis><attscale Sync="TRUE">0</attscale><attrdef>Unique Geographic Identifier consisting of Census State Code (2), Census County Code (3).</attrdef><attrdefs>US Census Bureau</attrdefs></attr><attr xmlns=""><attrlabl Sync="TRUE">JVTD2</attrlabl><attalias Sync="TRUE">JVTD2</attalias><attrtype Sync="TRUE">String</attrtype><attwidth Sync="TRUE">75</attwidth><atprecis Sync="TRUE">0</atprecis><attscale Sync="TRUE">0</attscale><attrdef>Municipality Name, upper case is a Township, lowercase is a city or a village, C = City, V = Village, T = Town, number represents the ward.</attrdef><attrdefs>LTSB</attrdefs></attr><attr xmlns=""><attrlabl Sync="TRUE">STR_WARDS</attrlabl><attalias Sync="TRUE">STR_WARDS</attalias><attrtype Sync="TRUE">String</attrtype><attwidth Sync="TRUE">50</attwidth><atprecis Sync="TRUE">0</atprecis><attscale Sync="TRUE">0</attscale><attrdef>Ward number as a string.</attrdef><attrdefs>LTSB</attrdefs></attr><attr xmlns=""><attrlabl Sync="TRUE">SUPER_DIST</attrlabl><attalias Sync="TRUE">SUPER_DIST</attalias><attrtype Sync="TRUE">String</attrtype><attwidth Sync="TRUE">50</attwidth><atprecis Sync="TRUE">0</atprecis><attscale Sync="TRUE">0</attscale><attrdef>Supervisory district number (as submitted to the Wisconsin Legislature). Unique Geographic Identifier consisting of Census State Code (2), Census County Code (3) and County Supervisory District number.</attrdef></attr><attr xmlns=""><attrlabl Sync="TRUE">SPLIT</attrlabl><attalias Sync="TRUE">SPLIT</attalias><attrtype Sync="TRUE">String</attrtype><attwidth Sync="TRUE">50</attwidth><atprecis Sync="TRUE">0</atprecis><attscale Sync="TRUE">0</attscale><attrdef>This ward was split by and Act 43 or 44 district line.</attrdef><attrdefs>LTSB</attrdefs></attr><attr xmlns=""><attrlabl Sync="TRUE">PERSONS</attrlabl><attalias Sync="TRUE">PERSONS</attalias><attrtype Sync="TRUE">Double</attrtype><attwidth Sync="TRUE">19</attwidth><atprecis Sync="TRUE">19</atprecis><attscale Sync="TRUE">0</attscale><attrdef>2010 Total Population</attrdef><attrdefs>US Census Bureau </attrdefs></attr><attr xmlns=""><attrlabl Sync="TRUE">WHITE</attrlabl><attalias Sync="TRUE">WHITE</attalias><attrtype Sync="TRUE">Double</attrtype><attwidth Sync="TRUE">19</attwidth><atprecis Sync="TRUE">19</atprecis><attscale Sync="TRUE">0</attscale><attrdef>Non-Hispanic White = WHITE</attrdef><attrdefs>US Census Bureau, LTSB</attrdefs></attr><attr xmlns=""><attrlabl Sync="TRUE">BLACK</attrlabl><attalias Sync="TRUE">BLACK</attalias><attrtype Sync="TRUE">Double</attrtype><attwidth Sync="TRUE">19</attwidth><atprecis Sync="TRUE">19</atprecis><attscale Sync="TRUE">0</attscale><attrdef>Non-Hispanic Black + Non-Hispanic Black and White = BLACK</attrdef><attrdefs>US Census Bureau, LTSB</attrdefs></attr><attr xmlns=""><attrlabl Sync="TRUE">HISPANIC</attrlabl><attalias Sync="TRUE">HISPANIC</attalias><attrtype Sync="TRUE">Double</attrtype><attwidth Sync="TRUE">19</attwidth><atprecis Sync="TRUE">19</atprecis><attscale Sync="TRUE">0</attscale><attrdef>Hispanic Alone = HISPANIC</attrdef><attrdefs>US Census Bureau</attrdefs></attr><attr xmlns=""><attrlabl Sync="TRUE">ASIAN</attrlabl><attalias Sync="TRUE">ASIAN</attalias><attrtype Sync="TRUE">Double</attrtype><attwidth Sync="TRUE">19</attwidth><atprecis Sync="TRUE">19</atprecis><attscale Sync="TRUE">0</attscale><attrdef>Non-Hispanic Asian + Non-Hispanic Asian and White = ASIAN</attrdef><attrdefs>US Census Bureau, LTSB</attrdefs></attr><attr xmlns=""><attrlabl Sync="TRUE">AMINDIAN</attrlabl><attalias Sync="TRUE">AMINDIAN</attalias><attrtype Sync="TRUE">Double</attrtype><attwidth Sync="TRUE">19</attwidth><atprecis Sync="TRUE">19</atprecis><attscale Sync="TRUE">0</attscale><attrdef>Non-Hispanic American Indian and Alaska Native + Non-Hispanic American Indian and Alaska Native and White = AMINDIAN</attrdef><attrdefs>US Census Bureau, LTSB</attrdefs></attr><attr xmlns=""><attrlabl Sync="TRUE">PISLAND</attrlabl><attalias Sync="TRUE">PISLAND</attalias><attrtype Sync="TRUE">Double</attrtype><attwidth Sync="TRUE">19</attwidth><atprecis Sync="TRUE">19</atprecis><attscale Sync="TRUE">0</attscale><attrdef>Non-Hispanic Native Hawaiian and Other Pacific Islander + Non-Hispanic Native Hawaiian and Other Pacific Islander and White = PISLAND</attrdef><attrdefs>US Census Bureau, LTSB</attrdefs></attr><attr xmlns=""><attrlabl Sync="TRUE">OTHER</attrlabl><attalias Sync="TRUE">OTHER</attalias><attrtype Sync="TRUE">Double</attrtype><attwidth Sync="TRUE">19</attwidth><atprecis Sync="TRUE">19</atprecis><attscale Sync="TRUE">0</attscale><attrdef>Non-Hispanic Some Other Race = OTHER</attrdef><attrdefs>US Census Bureau, LTSB</attrdefs></attr><attr xmlns=""><attrlabl Sync="TRUE">OTHERMLT</attrlabl><attalias Sync="TRUE">OTHERMLT</attalias><attrtype Sync="TRUE">Double</attrtype><attwidth Sync="TRUE">19</attwidth><atprecis Sync="TRUE">19</atprecis><attscale Sync="TRUE">0</attscale><attrdef>Non-Hispanic Other Multiple Race = OTHERMLT</attrdef><attrdefs>US Census Bureau, LTSB</attrdefs></attr><attr xmlns=""><attrlabl Sync="TRUE">PERSONS18</attrlabl><attalias Sync="TRUE">PERSONS18</attalias><attrtype Sync="TRUE">Double</attrtype><attwidth Sync="TRUE">19</attwidth><atprecis Sync="TRUE">19</atprecis><attscale Sync="TRUE">0</attscale><attrdef>Total Population over 18 = PERSONS18</attrdef><attrdefs>US Census Bureau</attrdefs></attr><attr xmlns=""><attrlabl Sync="TRUE">WHITE18</attrlabl><attalias Sync="TRUE">WHITE18</attalias><attrtype Sync="TRUE">Double</attrtype><attwidth Sync="TRUE">19</attwidth><atprecis Sync="TRUE">19</atprecis><attscale Sync="TRUE">0</attscale><attrdef>18 Non-Hispanic White = WHITE18</attrdef><attrdefs>US Census Bureau, LTSB</attrdefs></attr><attr xmlns=""><attrlabl Sync="TRUE">BLACK18</attrlabl><attalias Sync="TRUE">BLACK18</attalias><attrtype Sync="TRUE">Double</attrtype><attwidth Sync="TRUE">19</attwidth><atprecis Sync="TRUE">19</atprecis><attscale Sync="TRUE">0</attscale><attrdef>18 Non-Hispanic Black + 18 Non-Hispanic Black and White = BLACK18</attrdef><attrdefs>US Census Bureau, LTSB</attrdefs></attr><attr xmlns=""><attrlabl Sync="TRUE">HISPANIC18</attrlabl><attalias Sync="TRUE">HISPANIC18</attalias><attrtype Sync="TRUE">Double</attrtype><attwidth Sync="TRUE">19</attwidth><atprecis Sync="TRUE">19</atprecis><attscale Sync="TRUE">0</attscale><attrdef>18 Hispanic Alone = HISPANIC18</attrdef><attrdefs>US Census Bureau</attrdefs></attr><attr xmlns=""><attrlabl Sync="TRUE">ASIAN18</attrlabl><attalias Sync="TRUE">ASIAN18</attalias><attrtype Sync="TRUE">Double</attrtype><attwidth Sync="TRUE">19</attwidth><atprecis Sync="TRUE">19</atprecis><attscale Sync="TRUE">0</attscale><attrdef>18 Non-Hispanic Asian + 18 Non-Hispanic Asian and White = ASIAN18</attrdef><attrdefs>US Census Bureau, LTSB</attrdefs></attr><attr xmlns=""><attrlabl Sync="TRUE">AMINDIAN18</attrlabl><attalias Sync="TRUE">AMINDIAN18</attalias><attrtype Sync="TRUE">Double</attrtype><attwidth Sync="TRUE">19</attwidth><atprecis Sync="TRUE">19</atprecis><attscale Sync="TRUE">0</attscale><attrdef>18 Non-Hispanic American Indian and Alaska Native + 18 Non-Hispanic American Indian and Alaska Native and White = AMINDIAN18</attrdef><attrdefs>US Census Bureau, LTSB</attrdefs></attr><attr xmlns=""><attrlabl Sync="TRUE">PISLAND18</attrlabl><attalias Sync="TRUE">PISLAND18</attalias><attrtype Sync="TRUE">Double</attrtype><attwidth Sync="TRUE">19</attwidth><atprecis Sync="TRUE">19</atprecis><attscale Sync="TRUE">0</attscale><attrdef>18 Non-Hispanic Native Hawaiian and Other Pacific Islander + 18 Non-Hispanic Native Hawaiian and Other Pacific Islander and White = PISLAND18</attrdef><attrdefs>US Census Bureau, LTSB</attrdefs></attr><attr xmlns=""><attrlabl Sync="TRUE">OTHER18</attrlabl><attalias Sync="TRUE">OTHER18</attalias><attrtype Sync="TRUE">Double</attrtype><attwidth Sync="TRUE">19</attwidth><atprecis Sync="TRUE">19</atprecis><attscale Sync="TRUE">0</attscale><attrdef>18 Non-Hispanic Some Other Race = OTHER18</attrdef><attrdefs>US Census Bureau, LTSB</attrdefs></attr><attr xmlns=""><attrlabl Sync="TRUE">OTHERMLT18</attrlabl><attalias Sync="TRUE">OTHERMLT18</attalias><attrtype Sync="TRUE">Double</attrtype><attwidth Sync="TRUE">19</attwidth><atprecis Sync="TRUE">19</atprecis><attscale Sync="TRUE">0</attscale><attrdef>18 Non-Hispanic Other Multiple Race = OTHERMLT18</attrdef><attrdefs>US Census Bureau, LTSB</attrdefs></attr><attr xmlns=""><attrlabl Sync="TRUE">Shape</attrlabl><attalias Sync="TRUE">Shape</attalias><attrtype Sync="TRUE">Geometry</attrtype><attwidth Sync="TRUE">0</attwidth><atprecis Sync="TRUE">0</atprecis><attscale Sync="TRUE">0</attscale><attrdef Sync="TRUE">Feature geometry.</attrdef><attrdefs Sync="TRUE">Esri</attrdefs><attrdomv><udom Sync="TRUE">Coordinates defining the features.</udom></attrdomv></attr><attr xmlns=""><attrlabl Sync="TRUE">GOVTOT14</attrlabl><attalias Sync="TRUE">GOVTOT14</attalias><attrtype Sync="TRUE">Double</attrtype><attwidth Sync="TRUE">19</attwidth><atprecis Sync="TRUE">18</atprecis><attscale Sync="TRUE">6</attscale><attrdef>Governor Total Votes</attrdef><attrdefs>GAB</attrdefs></attr><attr xmlns=""><attrlabl Sync="TRUE">GOVDEM14</attrlabl><attalias Sync="TRUE">GOVDEM14</attalias><attrtype Sync="TRUE">Double</attrtype><attwidth Sync="TRUE">19</attwidth><atprecis Sync="TRUE">18</atprecis><attscale Sync="TRUE">6</attscale><attrdef>Governor Democrat</attrdef><attrdefs>GAB</attrdefs></attr><attr xmlns=""><attrlabl Sync="TRUE">GOVREP14</attrlabl><attalias Sync="TRUE">GOVREP14</attalias><attrtype Sync="TRUE">Double</attrtype><attwidth Sync="TRUE">19</attwidth><atprecis Sync="TRUE">18</atprecis><attscale Sync="TRUE">6</attscale><attrdef>Governor Republican</attrdef><attrdefs>GAB</attrdefs></attr><attr xmlns=""><attrlabl Sync="TRUE">GOVIND114</attrlabl><attalias Sync="TRUE">GOVIND114</attalias><attrtype Sync="TRUE">Double</attrtype><attwidth Sync="TRUE">19</attwidth><atprecis Sync="TRUE">18</atprecis><attscale Sync="TRUE">6</attscale><attrdef>Governor Independent 1</attrdef><attrdefs>GAB</attrdefs></attr><attr xmlns=""><attrlabl Sync="TRUE">GOVIND214</attrlabl><attalias Sync="TRUE">GOVIND214</attalias><attrtype Sync="TRUE">Double</attrtype><attwidth Sync="TRUE">19</attwidth><atprecis Sync="TRUE">18</atprecis><attscale Sync="TRUE">6</attscale><attrdef>Governor Independent 2</attrdef><attrdefs>GAB</attrdefs></attr><attr xmlns=""><attrlabl Sync="TRUE">GOVIND314</attrlabl><attalias Sync="TRUE">GOVIND314</attalias><attrtype Sync="TRUE">Double</attrtype><attwidth Sync="TRUE">19</attwidth><atprecis Sync="TRUE">18</atprecis><attscale Sync="TRUE">6</attscale><attrdef>Governor Independent 3</attrdef><attrdefs>GAB</attrdefs></attr><attr xmlns=""><attrlabl Sync="TRUE">GOVIND414</attrlabl><attalias Sync="TRUE">GOVIND414</attalias><attrtype Sync="TRUE">Double</attrtype><attwidth Sync="TRUE">19</attwidth><atprecis Sync="TRUE">18</atprecis><attscale Sync="TRUE">6</attscale><attrdef>Governor Independent 4</attrdef><attrdefs>GAB</attrdefs></attr><attr xmlns=""><attrlabl Sync="TRUE">GOVIND514</attrlabl><attalias Sync="TRUE">GOVIND514</attalias><attrtype Sync="TRUE">Double</attrtype><attwidth Sync="TRUE">19</attwidth><atprecis Sync="TRUE">18</atprecis><attscale Sync="TRUE">6</attscale><attrdef>Governor Independent 5</attrdef><attrdefs>GAB</attrdefs></attr><attr xmlns=""><attrlabl Sync="TRUE">GOVREP214</attrlabl><attalias Sync="TRUE">GOVREP214</attalias><attrtype Sync="TRUE">Double</attrtype><attwidth Sync="TRUE">19</attwidth><atprecis Sync="TRUE">18</atprecis><attscale Sync="TRUE">6</attscale><attrdef>Governor Republican 2</attrdef><attrdefs>GAB</attrdefs></attr><attr xmlns=""><attrlabl Sync="TRUE">GOVREP314</attrlabl><attalias Sync="TRUE">GOVREP314</attalias><attrtype Sync="TRUE">Double</attrtype><attwidth Sync="TRUE">19</attwidth><atprecis Sync="TRUE">18</atprecis><attscale Sync="TRUE">6</attscale><attrdef>Governor Republican 3</attrdef><attrdefs>GAB</attrdefs></attr><attr xmlns=""><attrlabl Sync="TRUE">GOVCON14</attrlabl><attalias Sync="TRUE">GOVCON14</attalias><attrtype Sync="TRUE">Double</attrtype><attwidth Sync="TRUE">19</attwidth><atprecis Sync="TRUE">18</atprecis><attscale Sync="TRUE">6</attscale><attrdef>Governor Constitutional Party</attrdef><attrdefs>GAB</attrdefs></attr><attr xmlns=""><attrlabl Sync="TRUE">GOVSCAT14</attrlabl><attalias Sync="TRUE">GOVSCAT14</attalias><attrtype Sync="TRUE">Double</attrtype><attwidth Sync="TRUE">19</attwidth><atprecis Sync="TRUE">18</atprecis><attscale Sync="TRUE">6</attscale><attrdef>Governor Scatter</attrdef><attrdefs>GAB</attrdefs></attr><attr xmlns=""><attrlabl Sync="TRUE">SENTOT14</attrlabl><attalias Sync="TRUE">SENTOT14</attalias><attrtype Sync="TRUE">Double</attrtype><attwidth Sync="TRUE">19</attwidth><atprecis Sync="TRUE">18</atprecis><attscale Sync="TRUE">6</attscale><attrdef>Senate Total </attrdef><attrdefs>GAB</attrdefs></attr><attr xmlns=""><attrlabl Sync="TRUE">SENDEM14</attrlabl><attalias Sync="TRUE">SENDEM14</attalias><attrtype Sync="TRUE">Double</attrtype><attwidth Sync="TRUE">19</attwidth><atprecis Sync="TRUE">18</atprecis><attscale Sync="TRUE">6</attscale><attrdef>Senate Democrat </attrdef><attrdefs>GAB</attrdefs></attr><attr xmlns=""><attrlabl Sync="TRUE">SENREP14</attrlabl><attalias Sync="TRUE">SENREP14</attalias><attrtype Sync="TRUE">Double</attrtype><attwidth Sync="TRUE">19</attwidth><atprecis Sync="TRUE">18</atprecis><attscale Sync="TRUE">6</attscale><attrdef>Senate Republican </attrdef><attrdefs>GAB</attrdefs></attr><attr xmlns=""><attrlabl Sync="TRUE">SENSCAT14</attrlabl><attalias Sync="TRUE">SENSCAT14</attalias><attrtype Sync="TRUE">Double</attrtype><attwidth Sync="TRUE">19</attwidth><atprecis Sync="TRUE">18</atprecis><attscale Sync="TRUE">6</attscale><attrdef>Senate Scatter</attrdef><attrdefs>GAB</attrdefs></attr><attr xmlns=""><attrlabl Sync="TRUE">SENIND14</attrlabl><attalias Sync="TRUE">SENIND14</attalias><attrtype Sync="TRUE">Double</attrtype><attwidth Sync="TRUE">19</attwidth><atprecis Sync="TRUE">0</atprecis><attscale Sync="TRUE">0</attscale><attrdef>Senate Independent</attrdef><attrdefs>GAB</attrdefs></attr><attr xmlns=""><attrlabl Sync="TRUE">ASMTOT14</attrlabl><attalias Sync="TRUE">ASMTOT14</attalias><attrtype Sync="TRUE">Double</attrtype><attwidth Sync="TRUE">19</attwidth><atprecis Sync="TRUE">18</atprecis><attscale Sync="TRUE">6</attscale><attrdef>Assembly Total</attrdef><attrdefs>GAB</attrdefs></attr><attr xmlns=""><attrlabl Sync="TRUE">ASMDEM14</attrlabl><attalias Sync="TRUE">ASMDEM14</attalias><attrtype Sync="TRUE">Double</attrtype><attwidth Sync="TRUE">19</attwidth><atprecis Sync="TRUE">18</atprecis><attscale Sync="TRUE">6</attscale><attrdef>Assembly Democrat</attrdef><attrdefs>GAB</attrdefs></attr><attr xmlns=""><attrlabl Sync="TRUE">ASMREP14</attrlabl><attalias Sync="TRUE">ASMREP14</attalias><attrtype Sync="TRUE">Double</attrtype><attwidth Sync="TRUE">19</attwidth><atprecis Sync="TRUE">18</atprecis><attscale Sync="TRUE">6</attscale><attrdef>Assembly Republican</attrdef><attrdefs>GAB</attrdefs></attr><attr xmlns=""><attrlabl Sync="TRUE">ASMSCAT14</attrlabl><attalias Sync="TRUE">ASMSCAT14</attalias><attrtype Sync="TRUE">Double</attrtype><attwidth Sync="TRUE">19</attwidth><atprecis Sync="TRUE">18</atprecis><attscale Sync="TRUE">6</attscale><attrdef>Assembly Scatter</attrdef><attrdefs>GAB</attrdefs></attr><attr xmlns=""><attrlabl Sync="TRUE">ASMIND14</attrlabl><attalias Sync="TRUE">ASMIND14</attalias><attrtype Sync="TRUE">Double</attrtype><attwidth Sync="TRUE">19</attwidth><atprecis Sync="TRUE">0</atprecis><attscale Sync="TRUE">0</attscale><attrdef>Assembly Independent</attrdef><attrdefs>GAB</attrdefs></attr><attr xmlns=""><attrlabl Sync="TRUE">ASMREP214</attrlabl><attalias Sync="TRUE">ASMREP214</attalias><attrtype Sync="TRUE">Double</attrtype><attwidth Sync="TRUE">19</attwidth><atprecis Sync="TRUE">0</atprecis><attscale Sync="TRUE">0</attscale><attrdef>Assembly Republican 2</attrdef><attrdefs>GAB</attrdefs></attr><attr xmlns=""><attrlabl Sync="TRUE">CONTOT14</attrlabl><attalias Sync="TRUE">CONTOT14</attalias><attrtype Sync="TRUE">Double</attrtype><attwidth Sync="TRUE">19</attwidth><atprecis Sync="TRUE">18</atprecis><attscale Sync="TRUE">6</attscale><attrdef>Congress Total</attrdef><attrdefs>GAB</attrdefs></attr><attr xmlns=""><attrlabl Sync="TRUE">CONDEM14</attrlabl><attalias Sync="TRUE">CONDEM14</attalias><attrtype Sync="TRUE">Double</attrtype><attwidth Sync="TRUE">19</attwidth><atprecis Sync="TRUE">18</atprecis><attscale Sync="TRUE">6</attscale><attrdef>Congress Democrat </attrdef><attrdefs>GAB</attrdefs></attr><attr xmlns=""><attrlabl Sync="TRUE">CONREP14</attrlabl><attalias Sync="TRUE">CONREP14</attalias><attrtype Sync="TRUE">Double</attrtype><attwidth Sync="TRUE">19</attwidth><atprecis Sync="TRUE">18</atprecis><attscale Sync="TRUE">6</attscale><attrdef>Congress Republican</attrdef></attr><attr xmlns=""><attrlabl Sync="TRUE">CONIND14</attrlabl><attalias Sync="TRUE">CONIND14</attalias><attrtype Sync="TRUE">Double</attrtype><attwidth Sync="TRUE">19</attwidth><atprecis Sync="TRUE">18</atprecis><attscale Sync="TRUE">6</attscale><attrdef>Congress Independent</attrdef><attrdefs>GAB</attrdefs></attr><attr xmlns=""><attrlabl Sync="TRUE">CONSCAT14</attrlabl><attalias Sync="TRUE">CONSCAT14</attalias><attrtype Sync="TRUE">Double</attrtype><attwidth Sync="TRUE">19</attwidth><atprecis Sync="TRUE">18</atprecis><attscale Sync="TRUE">6</attscale><attrdef>Congress Scatter</attrdef><attrdefs>GAB</attrdefs></attr><attr xmlns=""><attrlabl Sync="TRUE">CONREP214</attrlabl><attalias Sync="TRUE">CONREP214</attalias><attrtype Sync="TRUE">Double</attrtype><attwidth Sync="TRUE">19</attwidth><atprecis Sync="TRUE">0</atprecis><attscale Sync="TRUE">0</attscale><attrdef>Congress Republican 2</attrdef></attr><attr xmlns=""><attrlabl Sync="TRUE">CONIND214</attrlabl><attalias Sync="TRUE">CONIND214</attalias><attrtype Sync="TRUE">Double</attrtype><attwidth Sync="TRUE">19</attwidth><atprecis Sync="TRUE">0</atprecis><attscale Sync="TRUE">0</attscale><attrdef>Congress Independent 2</attrdef></attr><attr xmlns=""><attrlabl Sync="TRUE">SOSTOT14</attrlabl><attalias Sync="TRUE">SOSTOT14</attalias><attrtype Sync="TRUE">Double</attrtype><attwidth Sync="TRUE">19</attwidth><atprecis Sync="TRUE">18</atprecis><attscale Sync="TRUE">6</attscale><attrdef>Sectary of State  Total</attrdef><attrdefs>GAB</attrdefs></attr><attr xmlns=""><attrlabl Sync="TRUE">SOSDEM14</attrlabl><attalias Sync="TRUE">SOSDEM14</attalias><attrtype Sync="TRUE">Double</attrtype><attwidth Sync="TRUE">19</attwidth><atprecis Sync="TRUE">18</atprecis><attscale Sync="TRUE">6</attscale><attrdef>Sectary of State Democrat</attrdef><attrdefs>GAB</attrdefs></attr><attr xmlns=""><attrlabl Sync="TRUE">SOSREP14</attrlabl><attalias Sync="TRUE">SOSREP14</attalias><attrtype Sync="TRUE">Double</attrtype><attwidth Sync="TRUE">19</attwidth><atprecis Sync="TRUE">18</atprecis><attscale Sync="TRUE">6</attscale><attrdef>Sectary of State Republican</attrdef><attrdefs>GAB</attrdefs></attr><attr xmlns=""><attrlabl Sync="TRUE">SOSCON14</attrlabl><attalias Sync="TRUE">SOSCON14</attalias><attrtype Sync="TRUE">Double</attrtype><attwidth Sync="TRUE">19</attwidth><atprecis Sync="TRUE">18</atprecis><attscale Sync="TRUE">6</attscale><attrdef>Sectary of State Constitutional </attrdef><attrdefs>GAB</attrdefs></attr><attr xmlns=""><attrlabl Sync="TRUE">SOSIND14</attrlabl><attalias Sync="TRUE">SOSIND14</attalias><attrtype Sync="TRUE">Double</attrtype><attwidth Sync="TRUE">19</attwidth><atprecis Sync="TRUE">18</atprecis><attscale Sync="TRUE">6</attscale><attrdef>Sectary of State Independent</attrdef><attrdefs>GAB</attrdefs></attr><attr xmlns=""><attrlabl Sync="TRUE">SOSSCAT14</attrlabl><attalias Sync="TRUE">SOSSCAT14</attalias><attrtype Sync="TRUE">Double</attrtype><attwidth Sync="TRUE">19</attwidth><atprecis Sync="TRUE">18</atprecis><attscale Sync="TRUE">6</attscale><attrdef>Sectary of State Scatter</attrdef><attrdefs>GAB</attrdefs></attr><attr xmlns=""><attrlabl Sync="TRUE">TRESTOT14</attrlabl><attalias Sync="TRUE">TRESTOT14</attalias><attrtype Sync="TRUE">Double</attrtype><attwidth Sync="TRUE">19</attwidth><atprecis Sync="TRUE">18</atprecis><attscale Sync="TRUE">6</attscale><attrdef>State Treasurer Total</attrdef><attrdefs>GAB</attrdefs></attr><attr xmlns=""><attrlabl Sync="TRUE">TRESDEM14</attrlabl><attalias Sync="TRUE">TRESDEM14</attalias><attrtype Sync="TRUE">Double</attrtype><attwidth Sync="TRUE">19</attwidth><atprecis Sync="TRUE">18</atprecis><attscale Sync="TRUE">6</attscale><attrdef>State Treasurer Democrat </attrdef><attrdefs>GAB</attrdefs></attr><attr xmlns=""><attrlabl Sync="TRUE">TRESREP14</attrlabl><attalias Sync="TRUE">TRESREP14</attalias><attrtype Sync="TRUE">Double</attrtype><attwidth Sync="TRUE">19</attwidth><atprecis Sync="TRUE">18</atprecis><attscale Sync="TRUE">6</attscale><attrdef>State Treasurer Republican</attrdef><attrdefs>GAB</attrdefs></attr><attr xmlns=""><attrlabl Sync="TRUE">TRESCON14</attrlabl><attalias Sync="TRUE">TRESCON14</attalias><attrtype Sync="TRUE">Double</attrtype><attwidth Sync="TRUE">19</attwidth><atprecis Sync="TRUE">18</atprecis><attscale Sync="TRUE">6</attscale><attrdef>State Treasurer Constitutional </attrdef><attrdefs>GAB</attrdefs></attr><attr xmlns=""><attrlabl Sync="TRUE">TRESIND114</attrlabl><attalias Sync="TRUE">TRESIND114</attalias><attrtype Sync="TRUE">Double</attrtype><attwidth Sync="TRUE">19</attwidth><atprecis Sync="TRUE">18</atprecis><attscale Sync="TRUE">6</attscale><attrdef>State Treasurer Independent</attrdef><attrdefs>GAB</attrdefs></attr><attr xmlns=""><attrlabl Sync="TRUE">TRESIND214</attrlabl><attalias Sync="TRUE">TRESIND214</attalias><attrtype Sync="TRUE">Double</attrtype><attwidth Sync="TRUE">19</attwidth><atprecis Sync="TRUE">18</atprecis><attscale Sync="TRUE">6</attscale><attrdef>State Treasurer Independent 2</attrdef><attrdefs>GAB</attrdefs></attr><attr xmlns=""><attrlabl Sync="TRUE">TRESSCAT14</attrlabl><attalias Sync="TRUE">TRESSCAT14</attalias><attrtype Sync="TRUE">Double</attrtype><attwidth Sync="TRUE">19</attwidth><atprecis Sync="TRUE">18</atprecis><attscale Sync="TRUE">6</attscale><attrdef>State Treasurer Scatter</attrdef><attrdefs>GAB</attrdefs></attr><attr xmlns=""><attrlabl Sync="TRUE">AGTOT14</attrlabl><attalias Sync="TRUE">AGTOT14</attalias><attrtype Sync="TRUE">Double</attrtype><attwidth Sync="TRUE">19</attwidth><atprecis Sync="TRUE">18</atprecis><attscale Sync="TRUE">6</attscale><attrdef>State Attorney General Total</attrdef><attrdefs>GAB</attrdefs></attr><attr xmlns=""><attrlabl Sync="TRUE">AGDEM14</attrlabl><attalias Sync="TRUE">AGDEM14</attalias><attrtype Sync="TRUE">Double</attrtype><attwidth Sync="TRUE">19</attwidth><atprecis Sync="TRUE">18</atprecis><attscale Sync="TRUE">6</attscale><attrdef>State Attorney General Democrat</attrdef><attrdefs>GAB</attrdefs></attr><attr xmlns=""><attrlabl Sync="TRUE">AGREP14</attrlabl><attalias Sync="TRUE">AGREP14</attalias><attrtype Sync="TRUE">Double</attrtype><attwidth Sync="TRUE">19</attwidth><atprecis Sync="TRUE">18</atprecis><attscale Sync="TRUE">6</attscale><attrdef>State Attorney General Republican </attrdef><attrdefs>GAB</attrdefs></attr><attr xmlns=""><attrlabl Sync="TRUE">AGIND14</attrlabl><attalias Sync="TRUE">AGIND14</attalias><attrtype Sync="TRUE">Double</attrtype><attwidth Sync="TRUE">19</attwidth><atprecis Sync="TRUE">18</atprecis><attscale Sync="TRUE">6</attscale><attrdef>State Attorney General Independent</attrdef><attrdefs>GAB</attrdefs></attr><attr xmlns=""><attrlabl Sync="TRUE">AGSCAT14</attrlabl><attalias Sync="TRUE">AGSCAT14</attalias><attrtype Sync="TRUE">Double</attrtype><attwidth Sync="TRUE">19</attwidth><atprecis Sync="TRUE">18</atprecis><attscale Sync="TRUE">6</attscale><attrdef>State Attorney General Scatter</attrdef><attrdefs>GAB</attrdefs></attr></detailed></eainfo><mdLang><languageCode value="eng" Sync="TRUE"/><countryCode value="USA" Sync="TRUE"/></mdLang><distInfo xmlns=""><distFormat xmlns=""><formatName Sync="TRUE">Shapefile</formatName><formatVer>Final with 2014 Election Data</formatVer></distFormat><distTranOps xmlns=""><transSize Sync="TRUE">23.045</transSize></distTranOps></distInfo><mdHrLv><ScopeCd value="005" Sync="TRUE"/></mdHrLv><mdHrLvName Sync="TRUE">dataset</mdHrLvName><refSysInfo><RefSystem><refSysID><identCode code="3071" Sync="TRUE"/><idCodeSpace Sync="TRUE">EPSG</idCodeSpace><idVersion Sync="TRUE">8.1.1</idVersion></refSysID></RefSystem></refSysInfo><spatRepInfo><VectSpatRep><geometObjs Name="Wards_Final_Geo_111312_2014_ED"><geoObjTyp><GeoObjTypCd value="002" Sync="TRUE"></GeoObjTypCd></geoObjTyp><geoObjCnt Sync="TRUE">6634</geoObjCnt></geometObjs><topLvl><TopoLevCd value="001" Sync="TRUE"></TopoLevCd></topLvl></VectSpatRep></spatRepInfo><spdoinfo><ptvctinf><esriterm Name="Wards_Final_Geo_111312_2014_ED"><efeatyp Sync="TRUE">Simple</efeatyp><efeageom code="4" Sync="TRUE"></efeageom><esritopo Sync="TRUE">FALSE</esritopo><efeacnt Sync="TRUE">6634</efeacnt><spindex Sync="TRUE">FALSE</spindex><linrefer Sync="TRUE">FALSE</linrefer></esriterm></ptvctinf></spdoinfo><mdDateSt Sync="TRUE">20141223</mdDateSt></metadata>
