<?xml version="1.0" encoding="UTF-8"?>
<metadata xml:lang="en"><Esri><CreaDate>20170420</CreaDate><CreaTime>13223800</CreaTime><ArcGISFormat>1.0</ArcGISFormat><ArcGISstyle>XTools Pro Metadata</ArcGISstyle><SyncOnce>TRUE</SyncOnce><DataProperties><lineage><Process ToolSource="c:\program files (x86)\arcgis\desktop10.4\ArcToolbox\Toolboxes\Data Management Tools.tbx\CalculateField" Date="20170420" Time="112031">CalculateField TUS_PREC PRCT_NAME [PRECT_NA] VB #</Process><Process ToolSource="c:\program files (x86)\arcgis\desktop10.4\ArcToolbox\Toolboxes\Data Management Tools.tbx\CalculateField" Date="20170420" Time="113735">CalculateField TUS_PREC PRCT_NAME [PRECT_NA] VB #</Process></lineage><itemProps><itemLocation><linkage Sync="TRUE">file://\\NEW2011\REDISTRICTING WORK FILES\MAX Files\TUS_PREC</linkage><protocol Sync="TRUE">Local Area Network</protocol></itemLocation></itemProps><copyHistory><copy source="G:\REDISTRICTING WORK FILES\Tuscarawas_157\TUS_PREC\TUS_PREC" dest="\\NEW2011\REDISTRICTING WORK FILES\MAX Files\TUS_PREC" date="20170420" time="13223800"></copy></copyHistory></DataProperties></Esri></metadata>
