<?xml version="1.0"?>
<!--<!DOCTYPE metadata SYSTEM "http://www.esri.com/metadata/esriprof80.dtd">-->
<metadata xml:lang="en"><Esri><MetaID>{BDDC7233-186A-4068-8D92-EA90402AB8BC}</MetaID><CreaDate>20110617</CreaDate><CreaTime>09092700</CreaTime><SyncOnce>TRUE</SyncOnce><DataProperties><lineage><Process ToolSource="C:\Program Files (x86)\ArcGIS\ArcToolbox\Toolboxes\Data Management Tools.tbx\AddSpatialIndex" Date="20110617" Time="090927">AddSpatialIndex "H:\2010 Data\PA\output\Completed\autobound\statewide\Counties.shp" 0 0 0 "H:\2010 Data\PA\output\Completed\autobound\statewide\Counties.shp"</Process></lineage></DataProperties></Esri></metadata>
