<?xml version="1.0"?>
<!--<!DOCTYPE metadata SYSTEM "http://www.esri.com/metadata/esriprof80.dtd">-->
<metadata xml:lang="en"><Esri><CreaDate>20110811</CreaDate><CreaTime>15423400</CreaTime><SyncOnce>FALSE</SyncOnce><DataProperties><lineage><Process ToolSource="C:\Program Files (x86)\ArcGIS\ArcToolbox\Toolboxes\Data Management Tools.tbx\AddSpatialIndex" Date="20110709" Time="114310">AddSpatialIndex ccd 0 0 0 ccd</Process><Process ToolSource="C:\Program Files (x86)\ArcGIS\ArcToolbox\Toolboxes\Data Management Tools.tbx\AddSpatialIndex" Date="20110713" Time="090800">AddSpatialIndex ccd 0 0 0 ccd</Process><Process ToolSource="C:\Program Files (x86)\ArcGIS\ArcToolbox\Toolboxes\Conversion Tools.tbx\FeatureClassToFeatureClass" Date="20110714" Time="083300">FeatureClassToFeatureClass GPL0 "H:\PA Phase3\PA_Autobound\Statewide10\Statewide10.gdb" CCD # "STATEFP10 'STATEFP10' true true false 2 Text 0 0 ,First,#,H:\PA Phase3\PA_Autobound\Statewide10\ccd.shp,STATEFP10,-1,-1;COUNTYFP10 'COUNTYFP10' true true false 3 Text 0 0 ,First,#,H:\PA Phase3\PA_Autobound\Statewide10\ccd.shp,COUNTYFP10,-1,-1;COUSUBFP10 'COUSUBFP10' true true false 5 Text 0 0 ,First,#,H:\PA Phase3\PA_Autobound\Statewide10\ccd.shp,COUSUBFP10,-1,-1;COUSUBNS10 'COUSUBNS10' true true false 8 Text 0 0 ,First,#,H:\PA Phase3\PA_Autobound\Statewide10\ccd.shp,COUSUBNS10,-1,-1;GEOID10 'GEOID10' true true false 10 Text 0 0 ,First,#,H:\PA Phase3\PA_Autobound\Statewide10\ccd.shp,GEOID10,-1,-1;NAME10 'NAME10' true true false 100 Text 0 0 ,First,#,H:\PA Phase3\PA_Autobound\Statewide10\ccd.shp,NAME10,-1,-1;NAMELSAD10 'NAMELSAD10' true true false 100 Text 0 0 ,First,#,H:\PA Phase3\PA_Autobound\Statewide10\ccd.shp,NAMELSAD10,-1,-1;LSAD10 'LSAD10' true true false 2 Text 0 0 ,First,#,H:\PA Phase3\PA_Autobound\Statewide10\ccd.shp,LSAD10,-1,-1;CLASSFP10 'CLASSFP10' true true false 2 Text 0 0 ,First,#,H:\PA Phase3\PA_Autobound\Statewide10\ccd.shp,CLASSFP10,-1,-1;MTFCC10 'MTFCC10' true true false 5 Text 0 0 ,First,#,H:\PA Phase3\PA_Autobound\Statewide10\ccd.shp,MTFCC10,-1,-1;CNECTAFP10 'CNECTAFP10' true true false 3 Text 0 0 ,First,#,H:\PA Phase3\PA_Autobound\Statewide10\ccd.shp,CNECTAFP10,-1,-1;NECTAFP10 'NECTAFP10' true true false 5 Text 0 0 ,First,#,H:\PA Phase3\PA_Autobound\Statewide10\ccd.shp,NECTAFP10,-1,-1;NCTADVFP10 'NCTADVFP10' true true false 5 Text 0 0 ,First,#,H:\PA Phase3\PA_Autobound\Statewide10\ccd.shp,NCTADVFP10,-1,-1;FUNCSTAT10 'FUNCSTAT10' true true false 1 Text 0 0 ,First,#,H:\PA Phase3\PA_Autobound\Statewide10\ccd.shp,FUNCSTAT10,-1,-1;ALAND10 'ALAND10' true true false 14 Double 0 14 ,First,#,H:\PA Phase3\PA_Autobound\Statewide10\ccd.shp,ALAND10,-1,-1;AWATER10 'AWATER10' true true false 14 Double 0 14 ,First,#,H:\PA Phase3\PA_Autobound\Statewide10\ccd.shp,AWATER10,-1,-1;INTPTLAT10 'INTPTLAT10' true true false 11 Text 0 0 ,First,#,H:\PA Phase3\PA_Autobound\Statewide10\ccd.shp,INTPTLAT10,-1,-1;INTPTLON10 'INTPTLON10' true true false 12 Text 0 0 ,First,#,H:\PA Phase3\PA_Autobound\Statewide10\ccd.shp,INTPTLON10,-1,-1;TAPERSONS 'TAPERSONS' true true false 9 Long 0 9 ,First,#,H:\PA Phase3\PA_Autobound\Statewide10\ccd.shp,TAPERSONS,-1,-1;TA1RACE 'TA1RACE' true true false 9 Long 0 9 ,First,#,H:\PA Phase3\PA_Autobound\Statewide10\ccd.shp,TA1RACE,-1,-1;TAWHITEALN 'TAWHITEALN' true true false 9 Long 0 9 ,First,#,H:\PA Phase3\PA_Autobound\Statewide10\ccd.shp,TAWHITEALN,-1,-1;TABLACKALN 'TABLACKALN' true true false 9 Long 0 9 ,First,#,H:\PA Phase3\PA_Autobound\Statewide10\ccd.shp,TABLACKALN,-1,-1;TAAMINDALN 'TAAMINDALN' true true false 4 Short 0 4 ,First,#,H:\PA Phase3\PA_Autobound\Statewide10\ccd.shp,TAAMINDALN,-1,-1;TAASIANALN 'TAASIANALN' true true false 9 Long 0 9 ,First,#,H:\PA Phase3\PA_Autobound\Statewide10\ccd.shp,TAASIANALN,-1,-1;TANHPOALN 'TANHPOALN' true true false 4 Short 0 4 ,First,#,H:\PA Phase3\PA_Autobound\Statewide10\ccd.shp,TANHPOALN,-1,-1;TAOTHERALN 'TAOTHERALN' true true false 9 Long 0 9 ,First,#,H:\PA Phase3\PA_Autobound\Statewide10\ccd.shp,TAOTHERALN,-1,-1;TA2RACE 'TA2RACE' true true false 9 Long 0 9 ,First,#,H:\PA Phase3\PA_Autobound\Statewide10\ccd.shp,TA2RACE,-1,-1;TAHISPANIC 'TAHISPANIC' true true false 9 Long 0 9 ,First,#,H:\PA Phase3\PA_Autobound\Statewide10\ccd.shp,TAHISPANIC,-1,-1;TNHISPANIC 'TNHISPANIC' true true false 9 Long 0 9 ,First,#,H:\PA Phase3\PA_Autobound\Statewide10\ccd.shp,TNHISPANIC,-1,-1;TN1RACE 'TN1RACE' true true false 9 Long 0 9 ,First,#,H:\PA Phase3\PA_Autobound\Statewide10\ccd.shp,TN1RACE,-1,-1;TNWHALN 'TNWHALN' true true false 9 Long 0 9 ,First,#,H:\PA Phase3\PA_Autobound\Statewide10\ccd.shp,TNWHALN,-1,-1;TNBLKALN 'TNBLKALN' true true false 9 Long 0 9 ,First,#,H:\PA Phase3\PA_Autobound\Statewide10\ccd.shp,TNBLKALN,-1,-1;TNAIANALN 'TNAIANALN' true true false 4 Short 0 4 ,First,#,H:\PA Phase3\PA_Autobound\Statewide10\ccd.shp,TNAIANALN,-1,-1;TNASIANALN 'TNASIANALN' true true false 9 Long 0 9 ,First,#,H:\PA Phase3\PA_Autobound\Statewide10\ccd.shp,TNASIANALN,-1,-1;TNNHPOALN 'TNNHPOALN' true true false 4 Short 0 4 ,First,#,H:\PA Phase3\PA_Autobound\Statewide10\ccd.shp,TNNHPOALN,-1,-1;TNOTHRALN 'TNOTHRALN' true true false 4 Short 0 4 ,First,#,H:\PA Phase3\PA_Autobound\Statewide10\ccd.shp,TNOTHRALN,-1,-1;TN2MRACES 'TN2MRACES' true true false 9 Long 0 9 ,First,#,H:\PA Phase3\PA_Autobound\Statewide10\ccd.shp,TN2MRACES,-1,-1;TNWHBL 'TNWHBL' true true false 4 Short 0 4 ,First,#,H:\PA Phase3\PA_Autobound\Statewide10\ccd.shp,TNWHBL,-1,-1;TNWHAIAN 'TNWHAIAN' true true false 4 Short 0 4 ,First,#,H:\PA Phase3\PA_Autobound\Statewide10\ccd.shp,TNWHAIAN,-1,-1;TNWHTASIAN 'TNWHTASIAN' true true false 4 Short 0 4 ,First,#,H:\PA Phase3\PA_Autobound\Statewide10\ccd.shp,TNWHTASIAN,-1,-1;TNWHNHPOPI 'TNWHNHPOPI' true true false 4 Short 0 4 ,First,#,H:\PA Phase3\PA_Autobound\Statewide10\ccd.shp,TNWHNHPOPI,-1,-1;TNWHOR 'TNWHOR' true true false 4 Short 0 4 ,First,#,H:\PA Phase3\PA_Autobound\Statewide10\ccd.shp,TNWHOR,-1,-1;VAPERSONS 'VAPERSONS' true true false 9 Long 0 9 ,First,#,H:\PA Phase3\PA_Autobound\Statewide10\ccd.shp,VAPERSONS,-1,-1;VA1RACE 'VA1RACE' true true false 9 Long 0 9 ,First,#,H:\PA Phase3\PA_Autobound\Statewide10\ccd.shp,VA1RACE,-1,-1;VAWHITEALN 'VAWHITEALN' true true false 9 Long 0 9 ,First,#,H:\PA Phase3\PA_Autobound\Statewide10\ccd.shp,VAWHITEALN,-1,-1;VABLACKALN 'VABLACKALN' true true false 9 Long 0 9 ,First,#,H:\PA Phase3\PA_Autobound\Statewide10\ccd.shp,VABLACKALN,-1,-1;VAAIANALN 'VAAIANALN' true true false 4 Short 0 4 ,First,#,H:\PA Phase3\PA_Autobound\Statewide10\ccd.shp,VAAIANALN,-1,-1;VAASIANALN 'VAASIANALN' true true false 9 Long 0 9 ,First,#,H:\PA Phase3\PA_Autobound\Statewide10\ccd.shp,VAASIANALN,-1,-1;VANHPOALN 'VANHPOALN' true true false 4 Short 0 4 ,First,#,H:\PA Phase3\PA_Autobound\Statewide10\ccd.shp,VANHPOALN,-1,-1;VAOTHERALN 'VAOTHERALN' true true false 9 Long 0 9 ,First,#,H:\PA Phase3\PA_Autobound\Statewide10\ccd.shp,VAOTHERALN,-1,-1;VA2MRACES 'VA2MRACES' true true false 9 Long 0 9 ,First,#,H:\PA Phase3\PA_Autobound\Statewide10\ccd.shp,VA2MRACES,-1,-1;VAHISPANIC 'VAHISPANIC' true true false 9 Long 0 9 ,First,#,H:\PA Phase3\PA_Autobound\Statewide10\ccd.shp,VAHISPANIC,-1,-1;VANHISPANC 'VANHISPANC' true true false 9 Long 0 9 ,First,#,H:\PA Phase3\PA_Autobound\Statewide10\ccd.shp,VANHISPANC,-1,-1;VAN1RACE 'VAN1RACE' true true false 9 Long 0 9 ,First,#,H:\PA Phase3\PA_Autobound\Statewide10\ccd.shp,VAN1RACE,-1,-1;VANWHTALN 'VANWHTALN' true true false 9 Long 0 9 ,First,#,H:\PA Phase3\PA_Autobound\Statewide10\ccd.shp,VANWHTALN,-1,-1;VANBLKALN 'VANBLKALN' true true false 9 Long 0 9 ,First,#,H:\PA Phase3\PA_Autobound\Statewide10\ccd.shp,VANBLKALN,-1,-1;VANAIANALN 'VANAIANALN' true true false 4 Short 0 4 ,First,#,H:\PA Phase3\PA_Autobound\Statewide10\ccd.shp,VANAIANALN,-1,-1;VANASANALN 'VANASANALN' true true false 9 Long 0 9 ,First,#,H:\PA Phase3\PA_Autobound\Statewide10\ccd.shp,VANASANALN,-1,-1;VANNHPOALN 'VANNHPOALN' true true false 4 Short 0 4 ,First,#,H:\PA Phase3\PA_Autobound\Statewide10\ccd.shp,VANNHPOALN,-1,-1;VANORALN 'VANORALN' true true false 4 Short 0 4 ,First,#,H:\PA Phase3\PA_Autobound\Statewide10\ccd.shp,VANORALN,-1,-1;VANM2RACES 'VANM2RACES' true true false 9 Long 0 9 ,First,#,H:\PA Phase3\PA_Autobound\Statewide10\ccd.shp,VANM2RACES,-1,-1;VANWHBL 'VANWHBL' true true false 4 Short 0 4 ,First,#,H:\PA Phase3\PA_Autobound\Statewide10\ccd.shp,VANWHBL,-1,-1;VANWHAIAN 'VANWHAIAN' true true false 4 Short 0 4 ,First,#,H:\PA Phase3\PA_Autobound\Statewide10\ccd.shp,VANWHAIAN,-1,-1;VANWHAS 'VANWHAS' true true false 4 Short 0 4 ,First,#,H:\PA Phase3\PA_Autobound\Statewide10\ccd.shp,VANWHAS,-1,-1;VANWHNHOPI 'VANWHNHOPI' true true false 4 Short 0 4 ,First,#,H:\PA Phase3\PA_Autobound\Statewide10\ccd.shp,VANWHNHOPI,-1,-1;VANWHOR 'VANWHOR' true true false 4 Short 0 4 ,First,#,H:\PA Phase3\PA_Autobound\Statewide10\ccd.shp,VANWHOR,-1,-1" # "H:\PA Phase3\PA_Autobound\Statewide10\Statewide10.gdb\CCD"</Process></lineage></DataProperties><SyncDate>20110714</SyncDate><SyncTime>08325700</SyncTime><ModDate>20110714</ModDate><ModTime>08325700</ModTime><MetaID>{AE824BE9-879C-46E5-BF6A-02AF1F20BFB9}</MetaID></Esri><idinfo><native Sync="TRUE">Microsoft Windows Vista Version 6.0 (Build 6002) Service Pack 2; ESRI ArcCatalog 9.3.1.3000</native><descript><langdata Sync="TRUE">en</langdata><abstract>REQUIRED: A brief narrative summary of the data set.</abstract><purpose>REQUIRED: A summary of the intentions with which the data set was developed.</purpose></descript><citation><citeinfo><origin>REQUIRED: The name of an organization or individual that developed the data set.</origin><pubdate>REQUIRED: The date when the data set is published or otherwise made available for release.</pubdate><title Sync="TRUE">CCD</title><ftname Sync="TRUE">CCD</ftname><geoform Sync="TRUE">vector digital data</geoform><onlink Sync="TRUE"></onlink></citeinfo></citation><timeperd><current>REQUIRED: The basis on which the time period of content information is determined.</current><timeinfo><sngdate><caldate>REQUIRED: The year (and optionally month, or month and day) for which the data set corresponds to the ground.</caldate></sngdate></timeinfo></timeperd><status><progress>REQUIRED: The state of the data set.</progress><update>REQUIRED: The frequency with which changes and additions are made to the data set after the initial data set is completed.</update></status><spdom><bounding><westbc Sync="TRUE">REQUIRED: Western-most coordinate of the limit of coverage expressed in longitude.</westbc><eastbc Sync="TRUE">REQUIRED: Eastern-most coordinate of the limit of coverage expressed in longitude.</eastbc><northbc Sync="TRUE">REQUIRED: Northern-most coordinate of the limit of coverage expressed in latitude.</northbc><southbc Sync="TRUE">REQUIRED: Southern-most coordinate of the limit of coverage expressed in latitude.</southbc></bounding></spdom><keywords><theme><themekt>REQUIRED: Reference to a formally registered thesaurus or a similar authoritative source of theme keywords.</themekt><themekey>REQUIRED: Common-use word or phrase used to describe the subject of the data set.</themekey></theme></keywords><accconst>REQUIRED: Restrictions and legal prerequisites for accessing the data set.</accconst><useconst>REQUIRED: Restrictions and legal prerequisites for using the data set after access is granted.</useconst><natvform Sync="TRUE">File Geodatabase Feature Class</natvform></idinfo><dataIdInfo><envirDesc Sync="TRUE">Microsoft Windows Vista Version 6.0 (Build 6002) Service Pack 2; ESRI ArcCatalog 9.3.1.3000</envirDesc><dataLang><languageCode Sync="TRUE" value="en"></languageCode></dataLang><idCitation><resTitle Sync="TRUE">CCD</resTitle></idCitation></dataIdInfo><metainfo><langmeta Sync="TRUE">en</langmeta><metstdn Sync="TRUE">FGDC Content Standards for Digital Geospatial Metadata</metstdn><metstdv Sync="TRUE">FGDC-STD-001-1998</metstdv><mettc Sync="TRUE">local time</mettc><metextns><onlink Sync="TRUE">http://www.esri.com/metadata/esriprof80.html</onlink><metprof Sync="TRUE">ESRI Metadata Profile</metprof></metextns><metc><cntinfo><cntorgp><cntper>REQUIRED: The person responsible for the metadata information.</cntper><cntorg>REQUIRED: The organization responsible for the metadata information.</cntorg></cntorgp><cntaddr><addrtype>REQUIRED: The mailing and/or physical address for the organization or individual.</addrtype><city>REQUIRED: The city of the address.</city><state>REQUIRED: The state or province of the address.</state><postal>REQUIRED: The ZIP or other postal code of the address.</postal></cntaddr><cntvoice>REQUIRED: The telephone number by which individuals can speak to the organization or individual.</cntvoice></cntinfo></metc><metd Sync="TRUE">20110714</metd></metainfo><mdLang><languageCode Sync="TRUE" value="en"></languageCode></mdLang><mdStanName Sync="TRUE">ISO 19115 Geographic Information - Metadata</mdStanName><mdStanVer Sync="TRUE">DIS_ESRI1.0</mdStanVer><mdChar><CharSetCd Sync="TRUE" value="004"></CharSetCd></mdChar><mdHrLv><ScopeCd Sync="TRUE" value="005"></ScopeCd></mdHrLv><mdHrLvName Sync="TRUE">dataset</mdHrLvName><distinfo><resdesc Sync="TRUE">Downloadable Data</resdesc></distinfo><distInfo><distributor><distorTran><onLineSrc><orDesc Sync="TRUE">002</orDesc><linkage Sync="TRUE">file://</linkage><protocol Sync="TRUE">Local Area Network</protocol></onLineSrc></distorTran><distorFormat><formatName Sync="TRUE">File Geodatabase Feature Class</formatName></distorFormat></distributor></distInfo><spdoinfo><direct Sync="TRUE">Vector</direct><ptvctinf><esriterm Name="CCD"><efeatyp Sync="TRUE">Simple</efeatyp><efeageom Sync="TRUE">Polygon</efeageom><esritopo Sync="TRUE">FALSE</esritopo><efeacnt Sync="TRUE">0</efeacnt><spindex Sync="TRUE">TRUE</spindex><linrefer Sync="TRUE">FALSE</linrefer></esriterm><sdtsterm Name="CCD"><sdtstype Sync="TRUE">G-polygon</sdtstype><ptvctcnt Sync="TRUE">0</ptvctcnt></sdtsterm></ptvctinf></spdoinfo><spref><horizsys><cordsysn><geogcsn Sync="TRUE">GCS_North_American_1983</geogcsn></cordsysn><geograph><geogunit Sync="TRUE">Decimal degrees</geogunit><latres Sync="TRUE">0.000000</latres><longres Sync="TRUE">0.000000</longres></geograph><geodetic><horizdn Sync="TRUE">North American Datum of 1983</horizdn><ellips Sync="TRUE">Geodetic Reference System 80</ellips><semiaxis Sync="TRUE">6378137.000000</semiaxis><denflat Sync="TRUE">298.257222</denflat></geodetic></horizsys></spref><refSysInfo><RefSystem><refSysID><identCode Sync="TRUE">GCS_North_American_1983</identCode></refSysID></RefSystem></refSysInfo><spatRepInfo><VectSpatRep><topLvl><TopoLevCd Sync="TRUE" value="001"></TopoLevCd></topLvl><geometObjs Name="CCD"><geoObjTyp><GeoObjTypCd Sync="TRUE" value="001"></GeoObjTypCd></geoObjTyp><geoObjCnt Sync="TRUE">0</geoObjCnt></geometObjs></VectSpatRep></spatRepInfo><eainfo><detailed Name="CCD"><enttyp><enttypl Sync="TRUE">CCD</enttypl><enttypt Sync="TRUE">Feature Class</enttypt><enttypc Sync="TRUE">0</enttypc></enttyp><attr><attrlabl Sync="TRUE">OBJECTID</attrlabl><attalias Sync="TRUE">OBJECTID</attalias><attrtype Sync="TRUE">OID</attrtype><attwidth Sync="TRUE">4</attwidth><atprecis Sync="TRUE">0</atprecis><attscale Sync="TRUE">0</attscale><attrdef Sync="TRUE">Internal feature number.</attrdef><attrdefs Sync="TRUE">ESRI</attrdefs><attrdomv><udom Sync="TRUE">Sequential unique whole numbers that are automatically generated.</udom></attrdomv></attr><attr><attrlabl Sync="TRUE">Shape</attrlabl><attalias Sync="TRUE">Shape</attalias><attrtype Sync="TRUE">Geometry</attrtype><attwidth Sync="TRUE">0</attwidth><atprecis Sync="TRUE">0</atprecis><attscale Sync="TRUE">0</attscale><attrdef Sync="TRUE">Feature geometry.</attrdef><attrdefs Sync="TRUE">ESRI</attrdefs><attrdomv><udom Sync="TRUE">Coordinates defining the features.</udom></attrdomv></attr><attr><attrlabl Sync="TRUE">STATEFP10</attrlabl><attalias Sync="TRUE">STATEFP10</attalias><attrtype Sync="TRUE">String</attrtype><attwidth Sync="TRUE">2</attwidth><atprecis Sync="TRUE">0</atprecis><attscale Sync="TRUE">0</attscale></attr><attr><attrlabl Sync="TRUE">COUNTYFP10</attrlabl><attalias Sync="TRUE">COUNTYFP10</attalias><attrtype Sync="TRUE">String</attrtype><attwidth Sync="TRUE">3</attwidth><atprecis Sync="TRUE">0</atprecis><attscale Sync="TRUE">0</attscale></attr><attr><attrlabl Sync="TRUE">COUSUBFP10</attrlabl><attalias Sync="TRUE">COUSUBFP10</attalias><attrtype Sync="TRUE">String</attrtype><attwidth Sync="TRUE">5</attwidth><atprecis Sync="TRUE">0</atprecis><attscale Sync="TRUE">0</attscale></attr><attr><attrlabl Sync="TRUE">COUSUBNS10</attrlabl><attalias Sync="TRUE">COUSUBNS10</attalias><attrtype Sync="TRUE">String</attrtype><attwidth Sync="TRUE">8</attwidth><atprecis Sync="TRUE">0</atprecis><attscale Sync="TRUE">0</attscale></attr><attr><attrlabl Sync="TRUE">GEOID10</attrlabl><attalias Sync="TRUE">GEOID10</attalias><attrtype Sync="TRUE">String</attrtype><attwidth Sync="TRUE">10</attwidth><atprecis Sync="TRUE">0</atprecis><attscale Sync="TRUE">0</attscale></attr><attr><attrlabl Sync="TRUE">NAME10</attrlabl><attalias Sync="TRUE">NAME10</attalias><attrtype Sync="TRUE">String</attrtype><attwidth Sync="TRUE">100</attwidth><atprecis Sync="TRUE">0</atprecis><attscale Sync="TRUE">0</attscale></attr><attr><attrlabl Sync="TRUE">NAMELSAD10</attrlabl><attalias Sync="TRUE">NAMELSAD10</attalias><attrtype Sync="TRUE">String</attrtype><attwidth Sync="TRUE">100</attwidth><atprecis Sync="TRUE">0</atprecis><attscale Sync="TRUE">0</attscale></attr><attr><attrlabl Sync="TRUE">LSAD10</attrlabl><attalias Sync="TRUE">LSAD10</attalias><attrtype Sync="TRUE">String</attrtype><attwidth Sync="TRUE">2</attwidth><atprecis Sync="TRUE">0</atprecis><attscale Sync="TRUE">0</attscale></attr><attr><attrlabl Sync="TRUE">CLASSFP10</attrlabl><attalias Sync="TRUE">CLASSFP10</attalias><attrtype Sync="TRUE">String</attrtype><attwidth Sync="TRUE">2</attwidth><atprecis Sync="TRUE">0</atprecis><attscale Sync="TRUE">0</attscale></attr><attr><attrlabl Sync="TRUE">MTFCC10</attrlabl><attalias Sync="TRUE">MTFCC10</attalias><attrtype Sync="TRUE">String</attrtype><attwidth Sync="TRUE">5</attwidth><atprecis Sync="TRUE">0</atprecis><attscale Sync="TRUE">0</attscale></attr><attr><attrlabl Sync="TRUE">CNECTAFP10</attrlabl><attalias Sync="TRUE">CNECTAFP10</attalias><attrtype Sync="TRUE">String</attrtype><attwidth Sync="TRUE">3</attwidth><atprecis Sync="TRUE">0</atprecis><attscale Sync="TRUE">0</attscale></attr><attr><attrlabl Sync="TRUE">NECTAFP10</attrlabl><attalias Sync="TRUE">NECTAFP10</attalias><attrtype Sync="TRUE">String</attrtype><attwidth Sync="TRUE">5</attwidth><atprecis Sync="TRUE">0</atprecis><attscale Sync="TRUE">0</attscale></attr><attr><attrlabl Sync="TRUE">NCTADVFP10</attrlabl><attalias Sync="TRUE">NCTADVFP10</attalias><attrtype Sync="TRUE">String</attrtype><attwidth Sync="TRUE">5</attwidth><atprecis Sync="TRUE">0</atprecis><attscale Sync="TRUE">0</attscale></attr><attr><attrlabl Sync="TRUE">FUNCSTAT10</attrlabl><attalias Sync="TRUE">FUNCSTAT10</attalias><attrtype Sync="TRUE">String</attrtype><attwidth Sync="TRUE">1</attwidth><atprecis Sync="TRUE">0</atprecis><attscale Sync="TRUE">0</attscale></attr><attr><attrlabl Sync="TRUE">ALAND10</attrlabl><attalias Sync="TRUE">ALAND10</attalias><attrtype Sync="TRUE">Double</attrtype><attwidth Sync="TRUE">8</attwidth><atprecis Sync="TRUE">0</atprecis><attscale Sync="TRUE">0</attscale></attr><attr><attrlabl Sync="TRUE">AWATER10</attrlabl><attalias Sync="TRUE">AWATER10</attalias><attrtype Sync="TRUE">Double</attrtype><attwidth Sync="TRUE">8</attwidth><atprecis Sync="TRUE">0</atprecis><attscale Sync="TRUE">0</attscale></attr><attr><attrlabl Sync="TRUE">INTPTLAT10</attrlabl><attalias Sync="TRUE">INTPTLAT10</attalias><attrtype Sync="TRUE">String</attrtype><attwidth Sync="TRUE">11</attwidth><atprecis Sync="TRUE">0</atprecis><attscale Sync="TRUE">0</attscale></attr><attr><attrlabl Sync="TRUE">INTPTLON10</attrlabl><attalias Sync="TRUE">INTPTLON10</attalias><attrtype Sync="TRUE">String</attrtype><attwidth Sync="TRUE">12</attwidth><atprecis Sync="TRUE">0</atprecis><attscale Sync="TRUE">0</attscale></attr><attr><attrlabl Sync="TRUE">TAPERSONS</attrlabl><attalias Sync="TRUE">TAPERSONS</attalias><attrtype Sync="TRUE">Integer</attrtype><attwidth Sync="TRUE">4</attwidth><atprecis Sync="TRUE">0</atprecis><attscale Sync="TRUE">0</attscale></attr><attr><attrlabl Sync="TRUE">TA1RACE</attrlabl><attalias Sync="TRUE">TA1RACE</attalias><attrtype Sync="TRUE">Integer</attrtype><attwidth Sync="TRUE">4</attwidth><atprecis Sync="TRUE">0</atprecis><attscale Sync="TRUE">0</attscale></attr><attr><attrlabl Sync="TRUE">TAWHITEALN</attrlabl><attalias Sync="TRUE">TAWHITEALN</attalias><attrtype Sync="TRUE">Integer</attrtype><attwidth Sync="TRUE">4</attwidth><atprecis Sync="TRUE">0</atprecis><attscale Sync="TRUE">0</attscale></attr><attr><attrlabl Sync="TRUE">TABLACKALN</attrlabl><attalias Sync="TRUE">TABLACKALN</attalias><attrtype Sync="TRUE">Integer</attrtype><attwidth Sync="TRUE">4</attwidth><atprecis Sync="TRUE">0</atprecis><attscale Sync="TRUE">0</attscale></attr><attr><attrlabl Sync="TRUE">TAAMINDALN</attrlabl><attalias Sync="TRUE">TAAMINDALN</attalias><attrtype Sync="TRUE">SmallInteger</attrtype><attwidth Sync="TRUE">2</attwidth><atprecis Sync="TRUE">0</atprecis><attscale Sync="TRUE">0</attscale></attr><attr><attrlabl Sync="TRUE">TAASIANALN</attrlabl><attalias Sync="TRUE">TAASIANALN</attalias><attrtype Sync="TRUE">Integer</attrtype><attwidth Sync="TRUE">4</attwidth><atprecis Sync="TRUE">0</atprecis><attscale Sync="TRUE">0</attscale></attr><attr><attrlabl Sync="TRUE">TANHPOALN</attrlabl><attalias Sync="TRUE">TANHPOALN</attalias><attrtype Sync="TRUE">SmallInteger</attrtype><attwidth Sync="TRUE">2</attwidth><atprecis Sync="TRUE">0</atprecis><attscale Sync="TRUE">0</attscale></attr><attr><attrlabl Sync="TRUE">TAOTHERALN</attrlabl><attalias Sync="TRUE">TAOTHERALN</attalias><attrtype Sync="TRUE">Integer</attrtype><attwidth Sync="TRUE">4</attwidth><atprecis Sync="TRUE">0</atprecis><attscale Sync="TRUE">0</attscale></attr><attr><attrlabl Sync="TRUE">TA2RACE</attrlabl><attalias Sync="TRUE">TA2RACE</attalias><attrtype Sync="TRUE">Integer</attrtype><attwidth Sync="TRUE">4</attwidth><atprecis Sync="TRUE">0</atprecis><attscale Sync="TRUE">0</attscale></attr><attr><attrlabl Sync="TRUE">TAHISPANIC</attrlabl><attalias Sync="TRUE">TAHISPANIC</attalias><attrtype Sync="TRUE">Integer</attrtype><attwidth Sync="TRUE">4</attwidth><atprecis Sync="TRUE">0</atprecis><attscale Sync="TRUE">0</attscale></attr><attr><attrlabl Sync="TRUE">TNHISPANIC</attrlabl><attalias Sync="TRUE">TNHISPANIC</attalias><attrtype Sync="TRUE">Integer</attrtype><attwidth Sync="TRUE">4</attwidth><atprecis Sync="TRUE">0</atprecis><attscale Sync="TRUE">0</attscale></attr><attr><attrlabl Sync="TRUE">TN1RACE</attrlabl><attalias Sync="TRUE">TN1RACE</attalias><attrtype Sync="TRUE">Integer</attrtype><attwidth Sync="TRUE">4</attwidth><atprecis Sync="TRUE">0</atprecis><attscale Sync="TRUE">0</attscale></attr><attr><attrlabl Sync="TRUE">TNWHALN</attrlabl><attalias Sync="TRUE">TNWHALN</attalias><attrtype Sync="TRUE">Integer</attrtype><attwidth Sync="TRUE">4</attwidth><atprecis Sync="TRUE">0</atprecis><attscale Sync="TRUE">0</attscale></attr><attr><attrlabl Sync="TRUE">TNBLKALN</attrlabl><attalias Sync="TRUE">TNBLKALN</attalias><attrtype Sync="TRUE">Integer</attrtype><attwidth Sync="TRUE">4</attwidth><atprecis Sync="TRUE">0</atprecis><attscale Sync="TRUE">0</attscale></attr><attr><attrlabl Sync="TRUE">TNAIANALN</attrlabl><attalias Sync="TRUE">TNAIANALN</attalias><attrtype Sync="TRUE">SmallInteger</attrtype><attwidth Sync="TRUE">2</attwidth><atprecis Sync="TRUE">0</atprecis><attscale Sync="TRUE">0</attscale></attr><attr><attrlabl Sync="TRUE">TNASIANALN</attrlabl><attalias Sync="TRUE">TNASIANALN</attalias><attrtype Sync="TRUE">Integer</attrtype><attwidth Sync="TRUE">4</attwidth><atprecis Sync="TRUE">0</atprecis><attscale Sync="TRUE">0</attscale></attr><attr><attrlabl Sync="TRUE">TNNHPOALN</attrlabl><attalias Sync="TRUE">TNNHPOALN</attalias><attrtype Sync="TRUE">SmallInteger</attrtype><attwidth Sync="TRUE">2</attwidth><atprecis Sync="TRUE">0</atprecis><attscale Sync="TRUE">0</attscale></attr><attr><attrlabl Sync="TRUE">TNOTHRALN</attrlabl><attalias Sync="TRUE">TNOTHRALN</attalias><attrtype Sync="TRUE">SmallInteger</attrtype><attwidth Sync="TRUE">2</attwidth><atprecis Sync="TRUE">0</atprecis><attscale Sync="TRUE">0</attscale></attr><attr><attrlabl Sync="TRUE">TN2MRACES</attrlabl><attalias Sync="TRUE">TN2MRACES</attalias><attrtype Sync="TRUE">Integer</attrtype><attwidth Sync="TRUE">4</attwidth><atprecis Sync="TRUE">0</atprecis><attscale Sync="TRUE">0</attscale></attr><attr><attrlabl Sync="TRUE">TNWHBL</attrlabl><attalias Sync="TRUE">TNWHBL</attalias><attrtype Sync="TRUE">SmallInteger</attrtype><attwidth Sync="TRUE">2</attwidth><atprecis Sync="TRUE">0</atprecis><attscale Sync="TRUE">0</attscale></attr><attr><attrlabl Sync="TRUE">TNWHAIAN</attrlabl><attalias Sync="TRUE">TNWHAIAN</attalias><attrtype Sync="TRUE">SmallInteger</attrtype><attwidth Sync="TRUE">2</attwidth><atprecis Sync="TRUE">0</atprecis><attscale Sync="TRUE">0</attscale></attr><attr><attrlabl Sync="TRUE">TNWHTASIAN</attrlabl><attalias Sync="TRUE">TNWHTASIAN</attalias><attrtype Sync="TRUE">SmallInteger</attrtype><attwidth Sync="TRUE">2</attwidth><atprecis Sync="TRUE">0</atprecis><attscale Sync="TRUE">0</attscale></attr><attr><attrlabl Sync="TRUE">TNWHNHPOPI</attrlabl><attalias Sync="TRUE">TNWHNHPOPI</attalias><attrtype Sync="TRUE">SmallInteger</attrtype><attwidth Sync="TRUE">2</attwidth><atprecis Sync="TRUE">0</atprecis><attscale Sync="TRUE">0</attscale></attr><attr><attrlabl Sync="TRUE">TNWHOR</attrlabl><attalias Sync="TRUE">TNWHOR</attalias><attrtype Sync="TRUE">SmallInteger</attrtype><attwidth Sync="TRUE">2</attwidth><atprecis Sync="TRUE">0</atprecis><attscale Sync="TRUE">0</attscale></attr><attr><attrlabl Sync="TRUE">VAPERSONS</attrlabl><attalias Sync="TRUE">VAPERSONS</attalias><attrtype Sync="TRUE">Integer</attrtype><attwidth Sync="TRUE">4</attwidth><atprecis Sync="TRUE">0</atprecis><attscale Sync="TRUE">0</attscale></attr><attr><attrlabl Sync="TRUE">VA1RACE</attrlabl><attalias Sync="TRUE">VA1RACE</attalias><attrtype Sync="TRUE">Integer</attrtype><attwidth Sync="TRUE">4</attwidth><atprecis Sync="TRUE">0</atprecis><attscale Sync="TRUE">0</attscale></attr><attr><attrlabl Sync="TRUE">VAWHITEALN</attrlabl><attalias Sync="TRUE">VAWHITEALN</attalias><attrtype Sync="TRUE">Integer</attrtype><attwidth Sync="TRUE">4</attwidth><atprecis Sync="TRUE">0</atprecis><attscale Sync="TRUE">0</attscale></attr><attr><attrlabl Sync="TRUE">VABLACKALN</attrlabl><attalias Sync="TRUE">VABLACKALN</attalias><attrtype Sync="TRUE">Integer</attrtype><attwidth Sync="TRUE">4</attwidth><atprecis Sync="TRUE">0</atprecis><attscale Sync="TRUE">0</attscale></attr><attr><attrlabl Sync="TRUE">VAAIANALN</attrlabl><attalias Sync="TRUE">VAAIANALN</attalias><attrtype Sync="TRUE">SmallInteger</attrtype><attwidth Sync="TRUE">2</attwidth><atprecis Sync="TRUE">0</atprecis><attscale Sync="TRUE">0</attscale></attr><attr><attrlabl Sync="TRUE">VAASIANALN</attrlabl><attalias Sync="TRUE">VAASIANALN</attalias><attrtype Sync="TRUE">Integer</attrtype><attwidth Sync="TRUE">4</attwidth><atprecis Sync="TRUE">0</atprecis><attscale Sync="TRUE">0</attscale></attr><attr><attrlabl Sync="TRUE">VANHPOALN</attrlabl><attalias Sync="TRUE">VANHPOALN</attalias><attrtype Sync="TRUE">SmallInteger</attrtype><attwidth Sync="TRUE">2</attwidth><atprecis Sync="TRUE">0</atprecis><attscale Sync="TRUE">0</attscale></attr><attr><attrlabl Sync="TRUE">VAOTHERALN</attrlabl><attalias Sync="TRUE">VAOTHERALN</attalias><attrtype Sync="TRUE">Integer</attrtype><attwidth Sync="TRUE">4</attwidth><atprecis Sync="TRUE">0</atprecis><attscale Sync="TRUE">0</attscale></attr><attr><attrlabl Sync="TRUE">VA2MRACES</attrlabl><attalias Sync="TRUE">VA2MRACES</attalias><attrtype Sync="TRUE">Integer</attrtype><attwidth Sync="TRUE">4</attwidth><atprecis Sync="TRUE">0</atprecis><attscale Sync="TRUE">0</attscale></attr><attr><attrlabl Sync="TRUE">VAHISPANIC</attrlabl><attalias Sync="TRUE">VAHISPANIC</attalias><attrtype Sync="TRUE">Integer</attrtype><attwidth Sync="TRUE">4</attwidth><atprecis Sync="TRUE">0</atprecis><attscale Sync="TRUE">0</attscale></attr><attr><attrlabl Sync="TRUE">VANHISPANC</attrlabl><attalias Sync="TRUE">VANHISPANC</attalias><attrtype Sync="TRUE">Integer</attrtype><attwidth Sync="TRUE">4</attwidth><atprecis Sync="TRUE">0</atprecis><attscale Sync="TRUE">0</attscale></attr><attr><attrlabl Sync="TRUE">VAN1RACE</attrlabl><attalias Sync="TRUE">VAN1RACE</attalias><attrtype Sync="TRUE">Integer</attrtype><attwidth Sync="TRUE">4</attwidth><atprecis Sync="TRUE">0</atprecis><attscale Sync="TRUE">0</attscale></attr><attr><attrlabl Sync="TRUE">VANWHTALN</attrlabl><attalias Sync="TRUE">VANWHTALN</attalias><attrtype Sync="TRUE">Integer</attrtype><attwidth Sync="TRUE">4</attwidth><atprecis Sync="TRUE">0</atprecis><attscale Sync="TRUE">0</attscale></attr><attr><attrlabl Sync="TRUE">VANBLKALN</attrlabl><attalias Sync="TRUE">VANBLKALN</attalias><attrtype Sync="TRUE">Integer</attrtype><attwidth Sync="TRUE">4</attwidth><atprecis Sync="TRUE">0</atprecis><attscale Sync="TRUE">0</attscale></attr><attr><attrlabl Sync="TRUE">VANAIANALN</attrlabl><attalias Sync="TRUE">VANAIANALN</attalias><attrtype Sync="TRUE">SmallInteger</attrtype><attwidth Sync="TRUE">2</attwidth><atprecis Sync="TRUE">0</atprecis><attscale Sync="TRUE">0</attscale></attr><attr><attrlabl Sync="TRUE">VANASANALN</attrlabl><attalias Sync="TRUE">VANASANALN</attalias><attrtype Sync="TRUE">Integer</attrtype><attwidth Sync="TRUE">4</attwidth><atprecis Sync="TRUE">0</atprecis><attscale Sync="TRUE">0</attscale></attr><attr><attrlabl Sync="TRUE">VANNHPOALN</attrlabl><attalias Sync="TRUE">VANNHPOALN</attalias><attrtype Sync="TRUE">SmallInteger</attrtype><attwidth Sync="TRUE">2</attwidth><atprecis Sync="TRUE">0</atprecis><attscale Sync="TRUE">0</attscale></attr><attr><attrlabl Sync="TRUE">VANORALN</attrlabl><attalias Sync="TRUE">VANORALN</attalias><attrtype Sync="TRUE">SmallInteger</attrtype><attwidth Sync="TRUE">2</attwidth><atprecis Sync="TRUE">0</atprecis><attscale Sync="TRUE">0</attscale></attr><attr><attrlabl Sync="TRUE">VANM2RACES</attrlabl><attalias Sync="TRUE">VANM2RACES</attalias><attrtype Sync="TRUE">Integer</attrtype><attwidth Sync="TRUE">4</attwidth><atprecis Sync="TRUE">0</atprecis><attscale Sync="TRUE">0</attscale></attr><attr><attrlabl Sync="TRUE">VANWHBL</attrlabl><attalias Sync="TRUE">VANWHBL</attalias><attrtype Sync="TRUE">SmallInteger</attrtype><attwidth Sync="TRUE">2</attwidth><atprecis Sync="TRUE">0</atprecis><attscale Sync="TRUE">0</attscale></attr><attr><attrlabl Sync="TRUE">VANWHAIAN</attrlabl><attalias Sync="TRUE">VANWHAIAN</attalias><attrtype Sync="TRUE">SmallInteger</attrtype><attwidth Sync="TRUE">2</attwidth><atprecis Sync="TRUE">0</atprecis><attscale Sync="TRUE">0</attscale></attr><attr><attrlabl Sync="TRUE">VANWHAS</attrlabl><attalias Sync="TRUE">VANWHAS</attalias><attrtype Sync="TRUE">SmallInteger</attrtype><attwidth Sync="TRUE">2</attwidth><atprecis Sync="TRUE">0</atprecis><attscale Sync="TRUE">0</attscale></attr><attr><attrlabl Sync="TRUE">VANWHNHOPI</attrlabl><attalias Sync="TRUE">VANWHNHOPI</attalias><attrtype Sync="TRUE">SmallInteger</attrtype><attwidth Sync="TRUE">2</attwidth><atprecis Sync="TRUE">0</atprecis><attscale Sync="TRUE">0</attscale></attr><attr><attrlabl Sync="TRUE">VANWHOR</attrlabl><attalias Sync="TRUE">VANWHOR</attalias><attrtype Sync="TRUE">SmallInteger</attrtype><attwidth Sync="TRUE">2</attwidth><atprecis Sync="TRUE">0</atprecis><attscale Sync="TRUE">0</attscale></attr><attr><attrlabl Sync="TRUE">Shape_Length</attrlabl><attalias Sync="TRUE">Shape_Length</attalias><attrtype Sync="TRUE">Double</attrtype><attwidth Sync="TRUE">8</attwidth><atprecis Sync="TRUE">0</atprecis><attscale Sync="TRUE">0</attscale><attrdef Sync="TRUE">Length of feature in internal units.</attrdef><attrdefs Sync="TRUE">ESRI</attrdefs><attrdomv><udom Sync="TRUE">Positive real numbers that are automatically generated.</udom></attrdomv></attr><attr><attrlabl Sync="TRUE">Shape_Area</attrlabl><attalias Sync="TRUE">Shape_Area</attalias><attrtype Sync="TRUE">Double</attrtype><attwidth Sync="TRUE">8</attwidth><atprecis Sync="TRUE">0</atprecis><attscale Sync="TRUE">0</attscale><attrdef Sync="TRUE">Area of feature in internal units squared.</attrdef><attrdefs Sync="TRUE">ESRI</attrdefs><attrdomv><udom Sync="TRUE">Positive real numbers that are automatically generated.</udom></attrdomv></attr></detailed></eainfo><mdDateSt Sync="TRUE">20110714</mdDateSt><dataqual><lineage><procstep><procdesc Sync="TRUE">Dataset copied.</procdesc><srcused Sync="TRUE">\\FHM4400\H$\PA Phase3\PA_Autobound\statewide10\Statewide10.gdb</srcused><procdate Sync="TRUE">20110811</procdate><proctime Sync="TRUE">15423400</proctime></procstep></lineage></dataqual></metadata>
