<?xml version="1.0" encoding="UTF-8"?>
<metadata xml:lang="en"><Esri><CreaDate>20170420</CreaDate><CreaTime>13231900</CreaTime><ArcGISFormat>1.0</ArcGISFormat><SyncOnce>TRUE</SyncOnce><DataProperties><lineage><Process ToolSource="C:\Program Files (x86)\ArcGIS\Desktop10.0\ArcToolbox\Toolboxes\Data Management Tools.tbx\CalculateField" Date="20130513" Time="141745">CalculateField Ashtabula_County_edited Labels [NAME10] VB #</Process><Process ToolSource="C:\Program Files (x86)\ArcGIS\Desktop10.0\ArcToolbox\Toolboxes\Data Management Tools.tbx\CalculateField" Date="20130513" Time="141919">CalculateField Ashtabula_County_edited Labels [NAME10] VB #</Process><Process ToolSource="C:\Program Files (x86)\ArcGIS\Desktop10.0\ArcToolbox\Toolboxes\Data Management Tools.tbx\CalculateField" Date="20130513" Time="142218">CalculateField Ashtabula_County_edited name [NAME10] VB #</Process></lineage><itemProps><itemLocation><linkage Sync="TRUE">file://\\NEW2011\REDISTRICTING WORK FILES\MAX Files\ATB_PREC</linkage><protocol Sync="TRUE">Local Area Network</protocol></itemLocation></itemProps><copyHistory><copy source="G:\REDISTRICTING WORK FILES\Ashtabula_007\ATB_PREC\ATB_PREC" dest="\\NEW2011\REDISTRICTING WORK FILES\MAX Files\ATB_PREC" date="20170420" time="13231900"></copy></copyHistory></DataProperties><ArcGISstyle>XTools Pro Metadata</ArcGISstyle></Esri></metadata>
