<?xml version="1.0" encoding="UTF-8"?>
<metadata xml:lang="en"><Esri><CreaDate>20170227</CreaDate><CreaTime>11550000</CreaTime><ArcGISFormat>1.0</ArcGISFormat><SyncOnce>TRUE</SyncOnce><DataProperties><lineage><Process ToolSource="C:\Program Files (x86)\ArcGIS\Desktop10.0\ArcToolbox\Toolboxes\Data Management Tools.tbx\CalculateField" Date="20130307" Time="104144">CalculateField Vot_Prec_St_Joe_2013 PRECINCT [NPrec] VB #</Process><Process ToolSource="c:\program files (x86)\arcgis\desktop10.1\ArcToolbox\Toolboxes\Data Management Tools.tbx\CalculateField" Date="20160202" Time="144758">CalculateField Vot_Prec_St_Joe_2016 ID [FID]+1 VB #</Process></lineage></DataProperties></Esri></metadata>
