<?xml version="1.0" encoding="ISO-8859-1"?>
<metadata>
	<idinfo>
		<citation>
			<citeinfo>
				<origin>LTSB</origin>
				<pubdate>5/30/2002</pubdate>
				<title Sync="TRUE">sde.SDE.Election_Data_2008_Wards</title>
				<geoform Sync="TRUE">vector digital data</geoform>
				<onlink>Server=svr022v; Service=5151; Database=sde; User=sde; Version=sde.DEFAULT</onlink>
				<ftname Sync="TRUE">sde.SDE.Election_Data_2008_Wards</ftname></citeinfo>
		</citation>
		<descript>
			<abstract>This file was created by disaggregating the State of Wisconsin's 2008 General Election Results to the 2001 municipal ward layer.</abstract>
			<purpose>This data was created to perform generalizations on voting patterns in the State of Wisconsin. Municipal annexations, population growth and general errors associated with the process of disaggregating data may be present within this data. Due to the previously mentioned factors election data totals may not match the Wisconsin State Elections Board official results. Please make note of these factors while using this data.</purpose>
			<langdata Sync="TRUE">en</langdata></descript>
		<timeperd>
			<timeinfo>
				<sngdate>
					<caldate>August 1, 2001</caldate>
				</sngdate>
			</timeinfo>
			<current>ground condition</current>
		</timeperd>
		<status>
			<progress>Complete</progress>
			<update>None planned</update>
		</status>
		<spdom>
			<bounding>
				<westbc Sync="TRUE">-92.964438</westbc>
				<eastbc Sync="TRUE">-86.666231</eastbc>
				<northbc Sync="TRUE">47.083194</northbc>
				<southbc Sync="TRUE">42.456930</southbc>
			</bounding>
			<lboundng><leftbc Sync="TRUE">294822.467000</leftbc><rightbc Sync="TRUE">773277.784900</rightbc><bottombc Sync="TRUE">225108.729200</bottombc><topbc Sync="TRUE">734409.177900</topbc></lboundng></spdom>
		<keywords>
			<theme>
				<themekt>REQUIRED: Reference to a formally registered thesaurus or a similar authoritative source of theme keywords.</themekt>
				<themekey>Assembly</themekey>
				<themekey>Districts</themekey>
				<themekey>Legislative</themekey>
				<themekey>2008 </themekey><themekey>Election Data</themekey></theme>
		</keywords>
		<accconst>None</accconst>
		<useconst>None</useconst>
		<ptcontac>
			<cntinfo>
				<cntorgp>
					<cntorg>Legislative Technology Services Bureau</cntorg>
					<cntper>Tony J. Van Der Wielen</cntper>
				</cntorgp>
				<cntpos>GIS Application Developer</cntpos>
				<cntaddr>
					<addrtype>mailing and physical address</addrtype>
					<address>17 S. Fairchild St.</address>
					<address>Suite 400</address>
					<city>Madison</city>
					<state>WI</state>
					<postal>53703</postal>
				</cntaddr>
				<cntvoice>608-266-6640</cntvoice>
				<cntfax>608-267-6763</cntfax>
				<cntemail>gis@legis.state.wi.us</cntemail>
				<hours>8-5 Monday - Friday</hours>
				<cntinst>Please send an e-mail to gis@legis.state.wi.us</cntinst>
			</cntinfo>
		</ptcontac>
		<native Sync="TRUE">Microsoft Windows XP Version 5.1 (Build 2600) Service Pack 2; ESRI ArcCatalog 9.3.0.1770</native>
		<natvform Sync="TRUE">SDE Feature Class</natvform></idinfo>
	<dataqual>
		<logic>The source shapefiles were created by ArcInfo coverages with polygon topology.</logic>
		<complete>This data does not reflect changes which have occurred after the source date.</complete>
		<lineage>
			<srcinfo>
				<srccite>
					<citeinfo>
						<origin>United States Census Bureau</origin>
						<pubdate>12/2000</pubdate>
						<pubtime>Unknown</pubtime>
						<title>Redistricting Census 200 TIGER/Line Files</title>
						<geoform>vector digital data</geoform>
					</citeinfo>
				</srccite>
			</srcinfo>
			<srcinfo>
				<srccite>
					<citeinfo>
						<origin>Legislative Technology Services Bureau</origin>
						<pubdate>11/01</pubdate>
						<title>2001 Ward Collection Project (WISE-LR Data)</title>
						<geoform>vector digital data</geoform>
						<othercit>Census 2000 data was given to all 72 County Clerks in the State of Wisconsin with an application developed by LTSB called WISE-LR. Each county performed local redistricting including the creation of municiple wards and submitted the data to the Legislature. These assembly Districts were created with the municiple wards. This data includes municiple annexations up to August 1, 2001.</othercit>
					</citeinfo>
				</srccite>
			</srcinfo>
			<procstep>
				<procdesc>Census 2000 TIGER files were translated using GISTools TIGER2SHP. The files were combined and converted into statewide coverages.</procdesc>
				<srcused>\\04FS\gis$\leg_gis\GIS Data\Geodatabase\Redistricting_10_31_02.mdb</srcused>
				<procdate>12/00</procdate>
				<proccont>
					<cntinfo>
						<cntorgp>
							<cntorg>Legislative Technology Services Bureau</cntorg>
							<cntper>Tony J. Van Der Wielen</cntper>
						</cntorgp>
						<cntpos>GIS Application Developer</cntpos>
						<cntvoice>608-266-6640</cntvoice>
						<cntfax>608-267-6763</cntfax>
						<cntemail>gis@legis.state.wi.us</cntemail>
						<hours>8-5 Monday - Friday</hours>
					</cntinfo>
				</proccont>
			</procstep>
			<procstep>
				<procdesc>
2001 Ward Collection Project
Census 2000 TIGER data was placed into the WISE-LR application and delivered to all 72 Wisconsin Counties.
Each county used the WISE-LR application to add municipal annexations and create Supervisory, Aldermanic and municipal wards. Data was collect from each county and new block, ward, municipal and county statewide files were created. This data was then placed into the redistricting appliction autoBound for Legislative district creation.
</procdesc>
				<procdate>11/01</procdate>
				<proccont>
					<cntinfo>
						<cntorgp>
							<cntorg>Legislative Technology Services Bureau</cntorg>
							<cntper>Tony J. Van Der Wielen</cntper>
						</cntorgp>
						<cntpos>GIS Application Developer</cntpos>
						<cntvoice>608-266-6640 Ext. 1</cntvoice>
						<cntfax>608-267-6763</cntfax>
						<cntemail>gis@legis.state.wi.us</cntemail>
						<hours>8-5 Monday - Friday</hours>
					</cntinfo>
				</proccont>
			</procstep>
			<procstep><procdesc Sync="TRUE">Dataset copied.</procdesc><srcused Sync="TRUE">Server=svr022v; Service=5151; Database=sde; User=sde; Version=sde.DEFAULT</srcused><procdate Sync="TRUE">20090319</procdate><proctime Sync="TRUE">11143800</proctime></procstep></lineage>
	</dataqual>
	<spdoinfo>
		<direct Sync="TRUE">Vector</direct>
		<ptvctinf>
			<sdtsterm Name="sde.SDE.Election_Data_2008_Wards">
				<sdtstype Sync="TRUE">G-polygon</sdtstype>
				<ptvctcnt Sync="TRUE">6278</ptvctcnt>
			</sdtsterm>
			<esriterm Name="sde.SDE.Election_Data_2008_Wards"><efeatyp Sync="TRUE">Simple</efeatyp><efeageom Sync="TRUE">Polygon</efeageom><esritopo Sync="TRUE">FALSE</esritopo><efeacnt Sync="TRUE">6278</efeacnt><spindex Sync="TRUE">TRUE</spindex><linrefer Sync="TRUE">FALSE</linrefer></esriterm></ptvctinf>
	</spdoinfo>
	<spref>
		<horizsys>
			<planar>
				<planci>
					<plance Sync="TRUE">coordinate pair</plance>
					<coordrep>
						<absres Sync="TRUE">0.000100</absres>
						<ordres Sync="TRUE">0.000100</ordres>
					</coordrep>
					<plandu Sync="TRUE">meters</plandu>
				</planci>
				<mapproj><mapprojn Sync="TRUE">Transverse Mercator</mapprojn><transmer><sfctrmer Sync="TRUE">0.999600</sfctrmer><longcm Sync="TRUE">-90.000000</longcm><latprjo Sync="TRUE">0.000000</latprjo><feast Sync="TRUE">520000.000000</feast><fnorth Sync="TRUE">-4480000.000000</fnorth></transmer></mapproj></planar>
			<geodetic>
				<horizdn Sync="TRUE">D_North_American_1983_HARN</horizdn>
				<ellips Sync="TRUE">Geodetic Reference System 80</ellips>
				<semiaxis Sync="TRUE">6378137.000000</semiaxis>
				<denflat Sync="TRUE">298.257222</denflat>
			</geodetic>
			<cordsysn><geogcsn Sync="TRUE">GCS_North_American_1983</geogcsn><projcsn Sync="TRUE">Wisconsin Transverse Mercator (WTM83/91)</projcsn></cordsysn></horizsys>
		<vertdef>
			<altsys>
				<altres>1.000000</altres>
				<altenc>Explicit elevation coordinate included with horizontal coordinates</altenc>
			</altsys>
		</vertdef>
	</spref>
	<eainfo>
		<detailed Name="sde.SDE.Election_Data_2008_Wards">
			<enttyp>
				<enttypl Sync="TRUE">sde.SDE.Election_Data_2008_Wards</enttypl>
				<enttypt Sync="TRUE">Feature Class</enttypt><enttypc Sync="TRUE">6278</enttypc></enttyp>
			<attr><attrlabl Sync="TRUE">OBJECTID</attrlabl><attalias Sync="TRUE">OBJECTID</attalias><attrtype Sync="TRUE">OID</attrtype><attwidth Sync="TRUE">4</attwidth><atprecis Sync="TRUE">10</atprecis><attscale Sync="TRUE">0</attscale><attrdef Sync="TRUE">Internal feature number.</attrdef><attrdefs Sync="TRUE">ESRI</attrdefs><attrdomv><udom Sync="TRUE">Sequential unique whole numbers that are automatically generated.</udom></attrdomv></attr><attr>
				<attrlabl>Shape</attrlabl>
				<attrdef>Feature geometry.</attrdef>
				<attrdefs>ESRI</attrdefs>
				<attrdomv>
					<udom>Coordinates defining the features.</udom>
				</attrdomv>
				<attalias Sync="TRUE">Shape</attalias><attrtype Sync="TRUE">Geometry</attrtype><attwidth Sync="TRUE">4</attwidth><atprecis Sync="TRUE">0</atprecis><attscale Sync="TRUE">0</attscale></attr>
			<attr>
				<attrlabl>STFID</attrlabl>
				<attrdef>Unique ID (State,Mcd,Ward) in Cenus FIPS format.</attrdef>
				<attrdefs>LTSB</attrdefs>
				<attalias Sync="TRUE">STFID</attalias><attrtype Sync="TRUE">String</attrtype><attwidth Sync="TRUE">15</attwidth><atprecis Sync="TRUE">0</atprecis><attscale Sync="TRUE">0</attscale></attr>
			<attr>
				<attrlabl>NAME</attrlabl>
				<attrdef>Name of feature</attrdef>
				<attrdefs>LTSB</attrdefs>
				<attalias Sync="TRUE">NAME</attalias><attrtype Sync="TRUE">String</attrtype><attwidth Sync="TRUE">6</attwidth><atprecis Sync="TRUE">0</atprecis><attscale Sync="TRUE">0</attscale></attr>
			<attr>
				<attrlabl>COUSUBFP</attrlabl>
				<attrdef>Minor Civil Division FIPS code</attrdef>
				<attrdefs>U.S. Census Bureau</attrdefs>
				<attalias Sync="TRUE">COUSUBFP</attalias><attrtype Sync="TRUE">String</attrtype><attwidth Sync="TRUE">11</attwidth><atprecis Sync="TRUE">0</atprecis><attscale Sync="TRUE">0</attscale></attr>
			<attr>
				<attrlabl>FIPSSTCO</attrlabl>
				<attrdef>State County FIPS code</attrdef>
				<attrdefs>U.S. Census Bureau</attrdefs>
				<attalias Sync="TRUE">FIPSSTCO</attalias><attrtype Sync="TRUE">String</attrtype><attwidth Sync="TRUE">10</attwidth><atprecis Sync="TRUE">0</atprecis><attscale Sync="TRUE">0</attscale></attr>
			<attr>
				<attrlabl>JID</attrlabl>
				<attrdef>State County Mcd FIPS Code</attrdef>
				<attrdefs>LTSB</attrdefs>
				<attalias Sync="TRUE">JID</attalias><attrtype Sync="TRUE">String</attrtype><attwidth Sync="TRUE">11</attwidth><atprecis Sync="TRUE">0</atprecis><attscale Sync="TRUE">0</attscale></attr>
			<attr>
				<attrlabl>JVTD</attrlabl>
				<attrdef>Ward Number assignment as a number</attrdef>
				<attrdefs>LTSB</attrdefs>
				<attalias Sync="TRUE">JVTD</attalias><attrtype Sync="TRUE">Double</attrtype><attwidth Sync="TRUE">8</attwidth><atprecis Sync="TRUE">10</atprecis><attscale Sync="TRUE">0</attscale></attr>
			<attr>
				<attrlabl>JVTD2</attrlabl>
				<attrdef>Mcd name,  City, Town or Village designation, ward number</attrdef>
				<attrdefs>LTSB</attrdefs>
				<attalias Sync="TRUE">JVTD2</attalias><attrtype Sync="TRUE">String</attrtype><attwidth Sync="TRUE">26</attwidth><atprecis Sync="TRUE">0</atprecis><attscale Sync="TRUE">0</attscale></attr>
			<attr>
				<attrlabl>PERSONS</attrlabl>
				<attrdef>Total Population</attrdef>
				<attrdefs>U.S. Census Bureau</attrdefs>
				<attalias Sync="TRUE">PERSONS</attalias><attrtype Sync="TRUE">Double</attrtype><attwidth Sync="TRUE">8</attwidth><atprecis Sync="TRUE">19</atprecis><attscale Sync="TRUE">8</attscale></attr>
			<attr>
				<attrlabl>WHITE</attrlabl>
				<attrdefs>U.S. Census Bureau</attrdefs>
				<attalias Sync="TRUE">WHITE</attalias><attrtype Sync="TRUE">Double</attrtype><attwidth Sync="TRUE">8</attwidth><atprecis Sync="TRUE">10</atprecis><attscale Sync="TRUE">0</attscale></attr>
			<attr>
				<attrlabl>BLACK</attrlabl>
				<attrdefs>U.S. Census Bureau</attrdefs>
				<attalias Sync="TRUE">BLACK</attalias><attrtype Sync="TRUE">Double</attrtype><attwidth Sync="TRUE">8</attwidth><atprecis Sync="TRUE">10</atprecis><attscale Sync="TRUE">0</attscale></attr>
			<attr>
				<attrlabl>HISPANIC</attrlabl>
				<attrdefs>U.S. Census Bureau</attrdefs>
				<attalias Sync="TRUE">HISPANIC</attalias><attrtype Sync="TRUE">Double</attrtype><attwidth Sync="TRUE">8</attwidth><atprecis Sync="TRUE">10</atprecis><attscale Sync="TRUE">0</attscale></attr>
			<attr>
				<attrlabl>ASIAN</attrlabl>
				<attrdefs>U.S. Census Bureau</attrdefs>
				<attalias Sync="TRUE">ASIAN</attalias><attrtype Sync="TRUE">Double</attrtype><attwidth Sync="TRUE">8</attwidth><atprecis Sync="TRUE">10</atprecis><attscale Sync="TRUE">0</attscale></attr>
			<attr>
				<attrlabl>AMINDIAN</attrlabl>
				<attrdefs>U.S. Census Bureau</attrdefs>
				<attalias Sync="TRUE">AMINDIAN</attalias><attrtype Sync="TRUE">Double</attrtype><attwidth Sync="TRUE">8</attwidth><atprecis Sync="TRUE">19</atprecis><attscale Sync="TRUE">8</attscale></attr>
			<attr>
				<attrlabl>PISLAND</attrlabl>
				<attrdefs>U.S. Census Bureau</attrdefs>
				<attalias Sync="TRUE">PISLAND</attalias><attrtype Sync="TRUE">Double</attrtype><attwidth Sync="TRUE">8</attwidth><atprecis Sync="TRUE">10</atprecis><attscale Sync="TRUE">0</attscale></attr>
			<attr>
				<attrlabl>OTHER</attrlabl>
				<attrdefs>U.S. Census Bureau</attrdefs>
				<attalias Sync="TRUE">OTHER</attalias><attrtype Sync="TRUE">Double</attrtype><attwidth Sync="TRUE">8</attwidth><atprecis Sync="TRUE">10</atprecis><attscale Sync="TRUE">0</attscale></attr>
			<attr>
				<attrlabl>OTHERMLT</attrlabl>
				<attrdefs>U.S. Census Bureau</attrdefs>
				<attalias Sync="TRUE">OTHERMLT</attalias><attrtype Sync="TRUE">Double</attrtype><attwidth Sync="TRUE">8</attwidth><atprecis Sync="TRUE">19</atprecis><attscale Sync="TRUE">8</attscale></attr>
			<attr>
				<attrlabl>PERSONS18</attrlabl>
				<attrdefs>U.S. Census Bureau</attrdefs>
				<attalias Sync="TRUE">PERSONS18</attalias><attrtype Sync="TRUE">Double</attrtype><attwidth Sync="TRUE">8</attwidth><atprecis Sync="TRUE">19</atprecis><attscale Sync="TRUE">8</attscale></attr>
			<attr>
				<attrlabl>WHITE18</attrlabl>
				<attrdefs>U.S. Census Bureau</attrdefs>
				<attalias Sync="TRUE">WHITE18</attalias><attrtype Sync="TRUE">Double</attrtype><attwidth Sync="TRUE">8</attwidth><atprecis Sync="TRUE">10</atprecis><attscale Sync="TRUE">0</attscale></attr>
			<attr>
				<attrlabl>BLACK18</attrlabl>
				<attrdefs>U.S. Census Bureau</attrdefs>
				<attalias Sync="TRUE">BLACK18</attalias><attrtype Sync="TRUE">Double</attrtype><attwidth Sync="TRUE">8</attwidth><atprecis Sync="TRUE">10</atprecis><attscale Sync="TRUE">0</attscale></attr>
			<attr>
				<attrlabl>HISPANIC18</attrlabl>
				<attrdefs>U.S. Census Bureau</attrdefs>
				<attalias Sync="TRUE">HISPANIC18</attalias><attrtype Sync="TRUE">Double</attrtype><attwidth Sync="TRUE">8</attwidth><atprecis Sync="TRUE">19</atprecis><attscale Sync="TRUE">8</attscale></attr>
			<attr>
				<attrlabl>ASIAN18</attrlabl>
				<attrdefs>U.S. Census Bureau</attrdefs>
				<attalias Sync="TRUE">ASIAN18</attalias><attrtype Sync="TRUE">Double</attrtype><attwidth Sync="TRUE">8</attwidth><atprecis Sync="TRUE">10</atprecis><attscale Sync="TRUE">0</attscale></attr>
			<attr>
				<attrlabl>AMINDIAN18</attrlabl>
				<attrdefs>U.S. Census Bureau</attrdefs>
				<attalias Sync="TRUE">AMINDIAN18</attalias><attrtype Sync="TRUE">Double</attrtype><attwidth Sync="TRUE">8</attwidth><atprecis Sync="TRUE">19</atprecis><attscale Sync="TRUE">8</attscale></attr>
			<attr>
				<attrlabl>PISLAND18</attrlabl>
				<attrdefs>U.S. Census Bureau</attrdefs>
				<attalias Sync="TRUE">PISLAND18</attalias><attrtype Sync="TRUE">Double</attrtype><attwidth Sync="TRUE">8</attwidth><atprecis Sync="TRUE">19</atprecis><attscale Sync="TRUE">8</attscale></attr>
			<attr>
				<attrlabl>OTHER18</attrlabl>
				<attrdefs>U.S. Census Bureau</attrdefs>
				<attalias Sync="TRUE">OTHER18</attalias><attrtype Sync="TRUE">Double</attrtype><attwidth Sync="TRUE">8</attwidth><atprecis Sync="TRUE">10</atprecis><attscale Sync="TRUE">0</attscale></attr>
			<attr>
				<attrlabl>OTHERMLT18</attrlabl>
				<attrdefs>U.S. Census Bureau</attrdefs>
				<attalias Sync="TRUE">OTHERMLT18</attalias><attrtype Sync="TRUE">Double</attrtype><attwidth Sync="TRUE">8</attwidth><atprecis Sync="TRUE">19</atprecis><attscale Sync="TRUE">8</attscale></attr>
			<attr>
				<attrlabl>COUNTY</attrlabl>
				<attrdef>County Name as string</attrdef>
				<attrdefs>U.S. Census Bureau</attrdefs>
				<attalias Sync="TRUE">COUNTY</attalias><attrtype Sync="TRUE">String</attrtype><attwidth Sync="TRUE">8</attwidth><atprecis Sync="TRUE">0</atprecis><attscale Sync="TRUE">0</attscale></attr>
			<attr>
				<attrlabl>MINORITY</attrlabl>
				<attalias Sync="TRUE">MINORITY</attalias><attrtype Sync="TRUE">Double</attrtype><attwidth Sync="TRUE">8</attwidth><atprecis Sync="TRUE">10</atprecis><attscale Sync="TRUE">0</attscale></attr>
			<attr>
				<attrlabl>ASSEMBLY</attrlabl>
				<attrdef>Assembly District assignment</attrdef>
				<attrdefs>Eastern District Federal Court</attrdefs>
				<attalias Sync="TRUE">ASSEMBLY</attalias><attrtype Sync="TRUE">String</attrtype><attwidth Sync="TRUE">11</attwidth><atprecis Sync="TRUE">0</atprecis><attscale Sync="TRUE">0</attscale></attr>
			<attr>
				<attrlabl>SENATE</attrlabl>
				<attrdef>Senate District</attrdef>
				<attrdefs>Eastern District Federal Court</attrdefs>
				<attalias Sync="TRUE">SENATE</attalias><attrtype Sync="TRUE">String</attrtype><attwidth Sync="TRUE">8</attwidth><atprecis Sync="TRUE">0</atprecis><attscale Sync="TRUE">0</attscale></attr>
			<attr>
				<attrlabl>CONGRESS</attrlabl>
				<attrdef>Congressional District Assignment</attrdef>
				<attrdefs>Wisconsin State Legislature</attrdefs>
				<attalias Sync="TRUE">CONGRESS</attalias><attrtype Sync="TRUE">String</attrtype><attwidth Sync="TRUE">11</attwidth><atprecis Sync="TRUE">0</atprecis><attscale Sync="TRUE">0</attscale></attr>
			<attr>
				<attrlabl>CNTY_NAME</attrlabl>
				<attrdef>County name</attrdef>
				<attrdefs>U.S. Census Bureau</attrdefs>
				<attalias Sync="TRUE">CNTY_NAME</attalias><attrtype Sync="TRUE">String</attrtype><attwidth Sync="TRUE">12</attwidth><atprecis Sync="TRUE">0</atprecis><attscale Sync="TRUE">0</attscale></attr>
			<attr>
				<attrlabl>MCD_NAME</attrlabl>
				<attrdef>Mcd Name</attrdef>
				<attrdefs>U.S. Census Bureau</attrdefs>
				<attalias Sync="TRUE">MCD_NAME</attalias><attrtype Sync="TRUE">String</attrtype><attwidth Sync="TRUE">17</attwidth><atprecis Sync="TRUE">0</atprecis><attscale Sync="TRUE">0</attscale></attr>
			<attr>
				<attrlabl>CTV</attrlabl>
				<attrdef>City, Town or Village designation</attrdef>
				<attrdefs>U.S. Census Bureau</attrdefs>
				<attalias Sync="TRUE">CTV</attalias><attrtype Sync="TRUE">String</attrtype><attwidth Sync="TRUE">4</attwidth><atprecis Sync="TRUE">0</atprecis><attscale Sync="TRUE">0</attscale></attr>
			<attr><attrlabl Sync="TRUE">PRESDEM08</attrlabl><attalias Sync="TRUE">PRESDEM08</attalias><attrtype Sync="TRUE">Double</attrtype><attwidth Sync="TRUE">8</attwidth><attrdef>2008 Presidential Results - Democrat</attrdef><attrdefs>Elections Division - Wisconsin Government Accountability Board</attrdefs><atprecis Sync="TRUE">19</atprecis><attscale Sync="TRUE">5</attscale></attr><attr><attrlabl Sync="TRUE">PRESREP08</attrlabl><attalias Sync="TRUE">PRESREP08</attalias><attrtype Sync="TRUE">Double</attrtype><attwidth Sync="TRUE">8</attwidth><attrdefs>Elections Division - Wisconsin Government Accountability Board</attrdefs><attrdef>2008 Presidential Results - Republican</attrdef><atprecis Sync="TRUE">19</atprecis><attscale Sync="TRUE">5</attscale></attr><attr><attrlabl Sync="TRUE">PRESGRN08</attrlabl><attalias Sync="TRUE">PRESGRN08</attalias><attrtype Sync="TRUE">Double</attrtype><attwidth Sync="TRUE">8</attwidth><attrdefs>Elections Division - Wisconsin Government Accountability Board</attrdefs><attrdef>2008 Presidential Results - Green Party</attrdef><atprecis Sync="TRUE">19</atprecis><attscale Sync="TRUE">5</attscale></attr><attr><attrlabl Sync="TRUE">PRESLBR08</attrlabl><attalias Sync="TRUE">PRESLBR08</attalias><attrtype Sync="TRUE">Double</attrtype><attwidth Sync="TRUE">8</attwidth><attrdefs>Elections Division - Wisconsin Government Accountability Board</attrdefs><attrdef>2008 Presidential Results - Libertarian</attrdef><atprecis Sync="TRUE">19</atprecis><attscale Sync="TRUE">5</attscale></attr><attr><attrlabl Sync="TRUE">PRESIND108</attrlabl><attalias Sync="TRUE">PRESIND108</attalias><attrtype Sync="TRUE">Double</attrtype><attwidth Sync="TRUE">8</attwidth><attrdefs>Elections Division - Wisconsin Government Accountability Board</attrdefs><attrdef>2008 Presidential Results - Independent</attrdef><atprecis Sync="TRUE">19</atprecis><attscale Sync="TRUE">5</attscale></attr><attr><attrlabl Sync="TRUE">PRESIND208</attrlabl><attalias Sync="TRUE">PRESIND208</attalias><attrtype Sync="TRUE">Double</attrtype><attwidth Sync="TRUE">8</attwidth><attrdefs>Elections Division - Wisconsin Government Accountability Board</attrdefs><attrdef>2008 Presidential Results - Independent</attrdef><atprecis Sync="TRUE">19</atprecis><attscale Sync="TRUE">5</attscale></attr><attr><attrlabl Sync="TRUE">PRESIND308</attrlabl><attalias Sync="TRUE">PRESIND308</attalias><attrtype Sync="TRUE">Double</attrtype><attwidth Sync="TRUE">8</attwidth><attrdefs>Elections Division - Wisconsin Government Accountability Board</attrdefs><attrdef>2008 Presidential Results - Independent</attrdef><atprecis Sync="TRUE">19</atprecis><attscale Sync="TRUE">5</attscale></attr><attr><attrlabl Sync="TRUE">PRESIND408</attrlabl><attalias Sync="TRUE">PRESIND408</attalias><attrtype Sync="TRUE">Double</attrtype><attwidth Sync="TRUE">8</attwidth><attrdefs>Elections Division - Wisconsin Government Accountability Board</attrdefs><attrdef>2008 Presidential Results - Independent</attrdef><atprecis Sync="TRUE">19</atprecis><attscale Sync="TRUE">5</attscale></attr><attr><attrlabl Sync="TRUE">PRESIND508</attrlabl><attalias Sync="TRUE">PRESIND508</attalias><attrtype Sync="TRUE">Double</attrtype><attwidth Sync="TRUE">8</attwidth><attrdefs>Elections Division - Wisconsin Government Accountability Board</attrdefs><attrdef>2008 Presidential Results - Independent</attrdef><atprecis Sync="TRUE">19</atprecis><attscale Sync="TRUE">5</attscale></attr><attr><attrlabl Sync="TRUE">PRESSCT08</attrlabl><attalias Sync="TRUE">PRESSCT08</attalias><attrtype Sync="TRUE">Double</attrtype><attwidth Sync="TRUE">8</attwidth><attrdefs>Elections Division - Wisconsin Government Accountability Board</attrdefs><attrdef>2008 Presidential Results - Scatter</attrdef><atprecis Sync="TRUE">19</atprecis><attscale Sync="TRUE">5</attscale></attr><attr><attrlabl Sync="TRUE">ASMDEM08</attrlabl><attalias Sync="TRUE">ASMDEM08</attalias><attrtype Sync="TRUE">Double</attrtype><attwidth Sync="TRUE">8</attwidth><attrdefs>Elections Division - Wisconsin Government Accountability Board</attrdefs><attrdef>2008 State Assembly Results - Democrat</attrdef><atprecis Sync="TRUE">19</atprecis><attscale Sync="TRUE">5</attscale></attr><attr><attrlabl Sync="TRUE">ASMREP08</attrlabl><attalias Sync="TRUE">ASMREP08</attalias><attrtype Sync="TRUE">Double</attrtype><attwidth Sync="TRUE">8</attwidth><attrdefs>Elections Division - Wisconsin Government Accountability Board</attrdefs><attrdef>2008 State Assembly Results - Republican</attrdef><atprecis Sync="TRUE">19</atprecis><attscale Sync="TRUE">5</attscale></attr><attr><attrlabl Sync="TRUE">ASMSCT08</attrlabl><attalias Sync="TRUE">ASMSCT08</attalias><attrtype Sync="TRUE">Double</attrtype><attwidth Sync="TRUE">8</attwidth><attrdefs>Elections Division - Wisconsin Government Accountability Board</attrdefs><attrdef>2008 State Assembly Results - Scatter</attrdef><atprecis Sync="TRUE">19</atprecis><attscale Sync="TRUE">5</attscale></attr><attr><attrlabl Sync="TRUE">ASMLIB08</attrlabl><attalias Sync="TRUE">ASMLIB08</attalias><attrtype Sync="TRUE">Double</attrtype><attwidth Sync="TRUE">8</attwidth><attrdefs>Elections Division - Wisconsin Government Accountability Board</attrdefs><attrdef>2008 State Assembly Results - Libertarian</attrdef><atprecis Sync="TRUE">19</atprecis><attscale Sync="TRUE">5</attscale></attr><attr><attrlabl Sync="TRUE">ASMIND08</attrlabl><attalias Sync="TRUE">ASMIND08</attalias><attrtype Sync="TRUE">Double</attrtype><attwidth Sync="TRUE">8</attwidth><attrdefs>Elections Division - Wisconsin Government Accountability Board</attrdefs><attrdef>2008 State Assembly Results - Independent</attrdef><atprecis Sync="TRUE">19</atprecis><attscale Sync="TRUE">5</attscale></attr><attr><attrlabl Sync="TRUE">SENDEM08</attrlabl><attalias Sync="TRUE">SENDEM08</attalias><attrtype Sync="TRUE">Double</attrtype><attwidth Sync="TRUE">8</attwidth><attrdefs>Elections Division - Wisconsin Government Accountability Board</attrdefs><attrdef>2008 State Senate Results - Democrat</attrdef><atprecis Sync="TRUE">19</atprecis><attscale Sync="TRUE">5</attscale></attr><attr><attrlabl Sync="TRUE">SENREP08</attrlabl><attalias Sync="TRUE">SENREP08</attalias><attrtype Sync="TRUE">Double</attrtype><attwidth Sync="TRUE">8</attwidth><attrdefs>Elections Division - Wisconsin Government Accountability Board</attrdefs><attrdef>2008 State Senate Results - Republican</attrdef><atprecis Sync="TRUE">19</atprecis><attscale Sync="TRUE">5</attscale></attr><attr><attrlabl Sync="TRUE">SENSCT08</attrlabl><attalias Sync="TRUE">SENSCT08</attalias><attrtype Sync="TRUE">Double</attrtype><attwidth Sync="TRUE">8</attwidth><attrdefs>Elections Division - Wisconsin Government Accountability Board</attrdefs><attrdef>2008 State Senate Results - Scatter</attrdef><atprecis Sync="TRUE">19</atprecis><attscale Sync="TRUE">5</attscale></attr><attr><attrlabl Sync="TRUE">SENIND08</attrlabl><attalias Sync="TRUE">SENIND08</attalias><attrtype Sync="TRUE">Double</attrtype><attwidth Sync="TRUE">8</attwidth><attrdefs>Elections Division - Wisconsin Government Accountability Board</attrdefs><attrdef>2008 State Senate Results - Independent</attrdef><atprecis Sync="TRUE">19</atprecis><attscale Sync="TRUE">5</attscale></attr><attr><attrlabl Sync="TRUE">CONDEM08</attrlabl><attalias Sync="TRUE">CONDEM08</attalias><attrtype Sync="TRUE">Double</attrtype><attwidth Sync="TRUE">8</attwidth><attrdefs>Elections Division - Wisconsin Government Accountability Board</attrdefs><attrdef>2008 US Congress Results - Democrat</attrdef><atprecis Sync="TRUE">19</atprecis><attscale Sync="TRUE">5</attscale></attr><attr><attrlabl Sync="TRUE">CONREP08</attrlabl><attalias Sync="TRUE">CONREP08</attalias><attrtype Sync="TRUE">Double</attrtype><attwidth Sync="TRUE">8</attwidth><attrdefs>Elections Division - Wisconsin Government Accountability Board</attrdefs><attrdef>2008 US Congress Results - Republican</attrdef><atprecis Sync="TRUE">19</atprecis><attscale Sync="TRUE">5</attscale></attr><attr><attrlabl Sync="TRUE">CONSCT08</attrlabl><attalias Sync="TRUE">CONSCT08</attalias><attrtype Sync="TRUE">Double</attrtype><attwidth Sync="TRUE">8</attwidth><attrdefs>Elections Division - Wisconsin Government Accountability Board</attrdefs><attrdef>2008 US Congress Results - Scatter</attrdef><atprecis Sync="TRUE">19</atprecis><attscale Sync="TRUE">5</attscale></attr><attr><attrlabl Sync="TRUE">CONLIB08</attrlabl><attalias Sync="TRUE">CONLIB08</attalias><attrtype Sync="TRUE">Double</attrtype><attwidth Sync="TRUE">8</attwidth><attrdefs>Elections Division - Wisconsin Government Accountability Board</attrdefs><attrdef>2008 US Congress Results - Libertarian</attrdef><atprecis Sync="TRUE">19</atprecis><attscale Sync="TRUE">5</attscale></attr><attr><attrlabl Sync="TRUE">CONIND08</attrlabl><attalias Sync="TRUE">CONIND08</attalias><attrtype Sync="TRUE">Double</attrtype><attwidth Sync="TRUE">8</attwidth><attrdefs>Elections Division - Wisconsin Government Accountability Board</attrdefs><attrdef>2008 US Congress Results - Independent</attrdef><atprecis Sync="TRUE">19</atprecis><attscale Sync="TRUE">5</attscale></attr><attr><attrlabl Sync="TRUE">DADEM08</attrlabl><attalias Sync="TRUE">DADEM08</attalias><attrtype Sync="TRUE">Double</attrtype><attwidth Sync="TRUE">8</attwidth><attrdefs>Elections Division - Wisconsin Government Accountability Board</attrdefs><attrdef>2008 District Attorney Results - Democrat</attrdef><atprecis Sync="TRUE">19</atprecis><attscale Sync="TRUE">5</attscale></attr><attr><attrlabl Sync="TRUE">DAREP08</attrlabl><attalias Sync="TRUE">DAREP08</attalias><attrtype Sync="TRUE">Double</attrtype><attwidth Sync="TRUE">8</attwidth><attrdefs>Elections Division - Wisconsin Government Accountability Board</attrdefs><attrdef>2008 District Attorney Results - Republican</attrdef><atprecis Sync="TRUE">19</atprecis><attscale Sync="TRUE">5</attscale></attr><attr><attrlabl Sync="TRUE">DASCAT08</attrlabl><attalias Sync="TRUE">DASCAT08</attalias><attrtype Sync="TRUE">Double</attrtype><attwidth Sync="TRUE">8</attwidth><attrdefs>Elections Division - Wisconsin Government Accountability Board</attrdefs><attrdef>2008 District Attorney Results - Scatter</attrdef><atprecis Sync="TRUE">19</atprecis><attscale Sync="TRUE">5</attscale></attr><attr><attrlabl Sync="TRUE">DAIND08</attrlabl><attalias Sync="TRUE">DAIND08</attalias><attrtype Sync="TRUE">Double</attrtype><attwidth Sync="TRUE">8</attwidth><attrdefs>Elections Division - Wisconsin Government Accountability Board</attrdefs><attrdef>2008 District Attorney Results - Independent</attrdef><atprecis Sync="TRUE">19</atprecis><attscale Sync="TRUE">5</attscale></attr><attr><attrlabl Sync="TRUE">DAOTH08</attrlabl><attalias Sync="TRUE">DAOTH08</attalias><attrtype Sync="TRUE">Double</attrtype><attwidth Sync="TRUE">8</attwidth><attrdefs>Elections Division - Wisconsin Government Accountability Board</attrdefs><attrdef>2008 District Attorney Results - Other</attrdef><atprecis Sync="TRUE">19</atprecis><attscale Sync="TRUE">5</attscale></attr><attr><attrlabl Sync="TRUE">PRES08T</attrlabl><attalias Sync="TRUE">PRES08T</attalias><attrtype Sync="TRUE">Double</attrtype><attwidth Sync="TRUE">8</attwidth><attrdefs>LTSB</attrdefs><attrdef>2008 Presidential Results - Total</attrdef><atprecis Sync="TRUE">10</atprecis><attscale Sync="TRUE">0</attscale></attr><attr><attrlabl Sync="TRUE">ASM08T</attrlabl><attalias Sync="TRUE">ASM08T</attalias><attrtype Sync="TRUE">Double</attrtype><attwidth Sync="TRUE">8</attwidth><attrdefs>LTSB</attrdefs><attrdef>2008 State Assembly - Total Votes</attrdef><atprecis Sync="TRUE">10</atprecis><attscale Sync="TRUE">0</attscale></attr><attr><attrlabl Sync="TRUE">SEN08T</attrlabl><attalias Sync="TRUE">SEN08T</attalias><attrtype Sync="TRUE">Double</attrtype><attwidth Sync="TRUE">8</attwidth><attrdefs>LTSB</attrdefs><attrdef>2008 State Senate - Totals</attrdef><atprecis Sync="TRUE">10</atprecis><attscale Sync="TRUE">0</attscale></attr><attr><attrlabl Sync="TRUE">CON08T</attrlabl><attalias Sync="TRUE">CON08T</attalias><attrtype Sync="TRUE">Double</attrtype><attwidth Sync="TRUE">8</attwidth><attrdefs>LTSB</attrdefs><attrdef>2008 US Congress - Total</attrdef><atprecis Sync="TRUE">10</atprecis><attscale Sync="TRUE">0</attscale></attr><attr><attrlabl Sync="TRUE">DA08T</attrlabl><attalias Sync="TRUE">DA08T</attalias><attrtype Sync="TRUE">Double</attrtype><attwidth Sync="TRUE">8</attwidth><attrdefs>LTSB</attrdefs><attrdef>2008 District Attorney - Total</attrdef><atprecis Sync="TRUE">10</atprecis><attscale Sync="TRUE">0</attscale></attr><attr><attrlabl Sync="TRUE">Shape.area</attrlabl><attalias Sync="TRUE">Shape.area</attalias><attrtype Sync="TRUE">Double</attrtype><attwidth Sync="TRUE">0</attwidth><atprecis Sync="TRUE">0</atprecis><attscale Sync="TRUE">0</attscale></attr><attr><attrlabl Sync="TRUE">Shape.len</attrlabl><attalias Sync="TRUE">Shape.len</attalias><attrtype Sync="TRUE">Double</attrtype><attwidth Sync="TRUE">0</attwidth><atprecis Sync="TRUE">0</atprecis><attscale Sync="TRUE">0</attscale></attr></detailed>
	</eainfo>
	<distinfo>
		<resdesc>Downloadable Data</resdesc>
		<stdorder><digform><digtinfo><transize Sync="TRUE">9.430</transize><dssize Sync="TRUE">9.430</dssize></digtinfo></digform></stdorder></distinfo>
	<metainfo>
		<metd Sync="TRUE">20090319</metd>
		<metc>
			<cntinfo>
				<cntperp>
					<cntper>Tony J. Van Der Wielen</cntper>
					<cntorg>Legislative Technology Services Bureau</cntorg>
				</cntperp>
				<cntpos>GIS Application Developer</cntpos>
				<cntaddr>
					<addrtype>mailing and physical address</addrtype>
					<address>17 S. Fairchild St.</address>
					<address>Suite 400</address>
					<city>Madison</city>
					<state>WI</state>
					<postal>53703</postal>
				</cntaddr>
				<cntvoice>608-266-6640 Ext 1</cntvoice>
				<cntemail>gis@legis.state.wi.us</cntemail>
				<hours>8-5 M-F</hours>
			</cntinfo>
		</metc>
		<metstdn Sync="TRUE">FGDC Content Standards for Digital Geospatial Metadata</metstdn>
		<metstdv Sync="TRUE">FGDC-STD-001-1998</metstdv>
		<mettc Sync="TRUE">local time</mettc>
		<metac>None</metac>
		<metuc>None</metuc>
		<metextns>
			<onlink>http://www.esri.com/metadata/esriprof80.html</onlink>
			<metprof>ESRI Metadata Profile</metprof>
		</metextns>
		<metextns>
			<onlink>http://www.esri.com/metadata/esriprof80.html</onlink>
			<metprof>ESRI Metadata Profile</metprof>
		</metextns>
		<langmeta Sync="TRUE">en</langmeta><metextns><onlink Sync="TRUE">http://www.esri.com/metadata/esriprof80.html</onlink><metprof Sync="TRUE">ESRI Metadata Profile</metprof></metextns></metainfo>
	<Esri><CreaDate>20090319</CreaDate><CreaTime>11143800</CreaTime><SyncOnce>FALSE</SyncOnce><SyncDate>20090319</SyncDate><SyncTime>11053500</SyncTime><ModDate>20090319</ModDate><ModTime>11060500</ModTime><DataProperties><lineage><Process ToolSource="C:\Program Files\ArcGIS\ArcToolbox\Toolboxes\Conversion Tools.tbx\FeatureClassToFeatureClass" Date="20090319" Time="105954">FeatureClassToFeatureClass "T:\leg_gis\GIS Data\Election_Data\2008\Final_Data_031909\Website_Wards_2008.shp" "Database Connections\Legislative GIS Data.sde" Election_Data_2008_Wards # "STFID 'STFID' true true false 15 Text 0 0 ,First,#,T:\leg_gis\GIS Data\Election_Data\2008\Final_Data_031909\Website_Wards_2008.shp,STFID,-1,-1;NAME 'NAME' true true false 6 Text 0 0 ,First,#,T:\leg_gis\GIS Data\Election_Data\2008\Final_Data_031909\Website_Wards_2008.shp,NAME,-1,-1;COUSUBFP 'COUSUBFP' true true false 11 Text 0 0 ,First,#,T:\leg_gis\GIS Data\Election_Data\2008\Final_Data_031909\Website_Wards_2008.shp,COUSUBFP,-1,-1;FIPSSTCO 'FIPSSTCO' true true false 10 Text 0 0 ,First,#,T:\leg_gis\GIS Data\Election_Data\2008\Final_Data_031909\Website_Wards_2008.shp,FIPSSTCO,-1,-1;JID 'JID' true true false 11 Text 0 0 ,First,#,T:\leg_gis\GIS Data\Election_Data\2008\Final_Data_031909\Website_Wards_2008.shp,JID,-1,-1;JVTD 'JVTD' true true false 10 Double 0 10 ,First,#,T:\leg_gis\GIS Data\Election_Data\2008\Final_Data_031909\Website_Wards_2008.shp,JVTD,-1,-1;JVTD2 'JVTD2' true true false 26 Text 0 0 ,First,#,T:\leg_gis\GIS Data\Election_Data\2008\Final_Data_031909\Website_Wards_2008.shp,JVTD2,-1,-1;PERSONS 'PERSONS' true true false 19 Double 8 18 ,First,#,T:\leg_gis\GIS Data\Election_Data\2008\Final_Data_031909\Website_Wards_2008.shp,PERSONS,-1,-1;WHITE 'WHITE' true true false 10 Double 0 10 ,First,#,T:\leg_gis\GIS Data\Election_Data\2008\Final_Data_031909\Website_Wards_2008.shp,WHITE,-1,-1;BLACK 'BLACK' true true false 10 Double 0 10 ,First,#,T:\leg_gis\GIS Data\Election_Data\2008\Final_Data_031909\Website_Wards_2008.shp,BLACK,-1,-1;HISPANIC 'HISPANIC' true true false 10 Double 0 10 ,First,#,T:\leg_gis\GIS Data\Election_Data\2008\Final_Data_031909\Website_Wards_2008.shp,HISPANIC,-1,-1;ASIAN 'ASIAN' true true false 10 Double 0 10 ,First,#,T:\leg_gis\GIS Data\Election_Data\2008\Final_Data_031909\Website_Wards_2008.shp,ASIAN,-1,-1;AMINDIAN 'AMINDIAN' true true false 19 Double 8 18 ,First,#,T:\leg_gis\GIS Data\Election_Data\2008\Final_Data_031909\Website_Wards_2008.shp,AMINDIAN,-1,-1;PISLAND 'PISLAND' true true false 10 Double 0 10 ,First,#,T:\leg_gis\GIS Data\Election_Data\2008\Final_Data_031909\Website_Wards_2008.shp,PISLAND,-1,-1;OTHER 'OTHER' true true false 10 Double 0 10 ,First,#,T:\leg_gis\GIS Data\Election_Data\2008\Final_Data_031909\Website_Wards_2008.shp,OTHER,-1,-1;OTHERMLT 'OTHERMLT' true true false 19 Double 8 18 ,First,#,T:\leg_gis\GIS Data\Election_Data\2008\Final_Data_031909\Website_Wards_2008.shp,OTHERMLT,-1,-1;PERSONS18 'PERSONS18' true true false 19 Double 8 18 ,First,#,T:\leg_gis\GIS Data\Election_Data\2008\Final_Data_031909\Website_Wards_2008.shp,PERSONS18,-1,-1;WHITE18 'WHITE18' true true false 10 Double 0 10 ,First,#,T:\leg_gis\GIS Data\Election_Data\2008\Final_Data_031909\Website_Wards_2008.shp,WHITE18,-1,-1;BLACK18 'BLACK18' true true false 10 Double 0 10 ,First,#,T:\leg_gis\GIS Data\Election_Data\2008\Final_Data_031909\Website_Wards_2008.shp,BLACK18,-1,-1;HISPANIC18 'HISPANIC18' true true false 19 Double 8 18 ,First,#,T:\leg_gis\GIS Data\Election_Data\2008\Final_Data_031909\Website_Wards_2008.shp,HISPANIC18,-1,-1;ASIAN18 'ASIAN18' true true false 10 Double 0 10 ,First,#,T:\leg_gis\GIS Data\Election_Data\2008\Final_Data_031909\Website_Wards_2008.shp,ASIAN18,-1,-1;AMINDIAN18 'AMINDIAN18' true true false 19 Double 8 18 ,First,#,T:\leg_gis\GIS Data\Election_Data\2008\Final_Data_031909\Website_Wards_2008.shp,AMINDIAN18,-1,-1;PISLAND18 'PISLAND18' true true false 19 Double 8 18 ,First,#,T:\leg_gis\GIS Data\Election_Data\2008\Final_Data_031909\Website_Wards_2008.shp,PISLAND18,-1,-1;OTHER18 'OTHER18' true true false 10 Double 0 10 ,First,#,T:\leg_gis\GIS Data\Election_Data\2008\Final_Data_031909\Website_Wards_2008.shp,OTHER18,-1,-1;OTHERMLT18 'OTHERMLT18' true true false 19 Double 8 18 ,First,#,T:\leg_gis\GIS Data\Election_Data\2008\Final_Data_031909\Website_Wards_2008.shp,OTHERMLT18,-1,-1;COUNTY 'COUNTY' true true false 8 Text 0 0 ,First,#,T:\leg_gis\GIS Data\Election_Data\2008\Final_Data_031909\Website_Wards_2008.shp,COUNTY,-1,-1;MINORITY 'MINORITY' true true false 10 Double 0 10 ,First,#,T:\leg_gis\GIS Data\Election_Data\2008\Final_Data_031909\Website_Wards_2008.shp,MINORITY,-1,-1;ASSEMBLY 'ASSEMBLY' true true false 11 Text 0 0 ,First,#,T:\leg_gis\GIS Data\Election_Data\2008\Final_Data_031909\Website_Wards_2008.shp,ASSEMBLY,-1,-1;SENATE 'SENATE' true true false 8 Text 0 0 ,First,#,T:\leg_gis\GIS Data\Election_Data\2008\Final_Data_031909\Website_Wards_2008.shp,SENATE,-1,-1;CONGRESS 'CONGRESS' true true false 11 Text 0 0 ,First,#,T:\leg_gis\GIS Data\Election_Data\2008\Final_Data_031909\Website_Wards_2008.shp,CONGRESS,-1,-1;CNTY_NAME 'CNTY_NAME' true true false 12 Text 0 0 ,First,#,T:\leg_gis\GIS Data\Election_Data\2008\Final_Data_031909\Website_Wards_2008.shp,CNTY_NAME,-1,-1;MCD_NAME 'MCD_NAME' true true false 17 Text 0 0 ,First,#,T:\leg_gis\GIS Data\Election_Data\2008\Final_Data_031909\Website_Wards_2008.shp,MCD_NAME,-1,-1;CTV 'CTV' true true false 4 Text 0 0 ,First,#,T:\leg_gis\GIS Data\Election_Data\2008\Final_Data_031909\Website_Wards_2008.shp,CTV,-1,-1;PRESDEM08 'PRESDEM08' true true false 19 Double 5 18 ,First,#,T:\leg_gis\GIS Data\Election_Data\2008\Final_Data_031909\Website_Wards_2008.shp,PRESDEM08,-1,-1;PRESREP08 'PRESREP08' true true false 19 Double 5 18 ,First,#,T:\leg_gis\GIS Data\Election_Data\2008\Final_Data_031909\Website_Wards_2008.shp,PRESREP08,-1,-1;PRESGRN08 'PRESGRN08' true true false 19 Double 5 18 ,First,#,T:\leg_gis\GIS Data\Election_Data\2008\Final_Data_031909\Website_Wards_2008.shp,PRESGRN08,-1,-1;PRESLBR08 'PRESLBR08' true true false 19 Double 5 18 ,First,#,T:\leg_gis\GIS Data\Election_Data\2008\Final_Data_031909\Website_Wards_2008.shp,PRESLBR08,-1,-1;PRESIND108 'PRESIND108' true true false 19 Double 5 18 ,First,#,T:\leg_gis\GIS Data\Election_Data\2008\Final_Data_031909\Website_Wards_2008.shp,PRESIND108,-1,-1;PRESIND208 'PRESIND208' true true false 19 Double 5 18 ,First,#,T:\leg_gis\GIS Data\Election_Data\2008\Final_Data_031909\Website_Wards_2008.shp,PRESIND208,-1,-1;PRESIND308 'PRESIND308' true true false 19 Double 5 18 ,First,#,T:\leg_gis\GIS Data\Election_Data\2008\Final_Data_031909\Website_Wards_2008.shp,PRESIND308,-1,-1;PRESIND408 'PRESIND408' true true false 19 Double 5 18 ,First,#,T:\leg_gis\GIS Data\Election_Data\2008\Final_Data_031909\Website_Wards_2008.shp,PRESIND408,-1,-1;PRESIND508 'PRESIND508' true true false 19 Double 5 18 ,First,#,T:\leg_gis\GIS Data\Election_Data\2008\Final_Data_031909\Website_Wards_2008.shp,PRESIND508,-1,-1;PRESSCT08 'PRESSCT08' true true false 19 Double 5 18 ,First,#,T:\leg_gis\GIS Data\Election_Data\2008\Final_Data_031909\Website_Wards_2008.shp,PRESSCT08,-1,-1;ASMDEM08 'ASMDEM08' true true false 19 Double 5 18 ,First,#,T:\leg_gis\GIS Data\Election_Data\2008\Final_Data_031909\Website_Wards_2008.shp,ASMDEM08,-1,-1;ASMREP08 'ASMREP08' true true false 19 Double 5 18 ,First,#,T:\leg_gis\GIS Data\Election_Data\2008\Final_Data_031909\Website_Wards_2008.shp,ASMREP08,-1,-1;ASMSCT08 'ASMSCT08' true true false 19 Double 5 18 ,First,#,T:\leg_gis\GIS Data\Election_Data\2008\Final_Data_031909\Website_Wards_2008.shp,ASMSCT08,-1,-1;ASMLIB08 'ASMLIB08' true true false 19 Double 5 18 ,First,#,T:\leg_gis\GIS Data\Election_Data\2008\Final_Data_031909\Website_Wards_2008.shp,ASMLIB08,-1,-1;ASMIND08 'ASMIND08' true true false 19 Double 5 18 ,First,#,T:\leg_gis\GIS Data\Election_Data\2008\Final_Data_031909\Website_Wards_2008.shp,ASMIND08,-1,-1;SENDEM08 'SENDEM08' true true false 19 Double 5 18 ,First,#,T:\leg_gis\GIS Data\Election_Data\2008\Final_Data_031909\Website_Wards_2008.shp,SENDEM08,-1,-1;SENREP08 'SENREP08' true true false 19 Double 5 18 ,First,#,T:\leg_gis\GIS Data\Election_Data\2008\Final_Data_031909\Website_Wards_2008.shp,SENREP08,-1,-1;SENSCT08 'SENSCT08' true true false 19 Double 5 18 ,First,#,T:\leg_gis\GIS Data\Election_Data\2008\Final_Data_031909\Website_Wards_2008.shp,SENSCT08,-1,-1;SENIND08 'SENIND08' true true false 19 Double 5 18 ,First,#,T:\leg_gis\GIS Data\Election_Data\2008\Final_Data_031909\Website_Wards_2008.shp,SENIND08,-1,-1;CONDEM08 'CONDEM08' true true false 19 Double 5 18 ,First,#,T:\leg_gis\GIS Data\Election_Data\2008\Final_Data_031909\Website_Wards_2008.shp,CONDEM08,-1,-1;CONREP08 'CONREP08' true true false 19 Double 5 18 ,First,#,T:\leg_gis\GIS Data\Election_Data\2008\Final_Data_031909\Website_Wards_2008.shp,CONREP08,-1,-1;CONSCT08 'CONSCT08' true true false 19 Double 5 18 ,First,#,T:\leg_gis\GIS Data\Election_Data\2008\Final_Data_031909\Website_Wards_2008.shp,CONSCT08,-1,-1;CONLIB08 'CONLIB08' true true false 19 Double 5 18 ,First,#,T:\leg_gis\GIS Data\Election_Data\2008\Final_Data_031909\Website_Wards_2008.shp,CONLIB08,-1,-1;CONIND08 'CONIND08' true true false 19 Double 5 18 ,First,#,T:\leg_gis\GIS Data\Election_Data\2008\Final_Data_031909\Website_Wards_2008.shp,CONIND08,-1,-1;DADEM08 'DADEM08' true true false 19 Double 5 18 ,First,#,T:\leg_gis\GIS Data\Election_Data\2008\Final_Data_031909\Website_Wards_2008.shp,DADEM08,-1,-1;DAREP08 'DAREP08' true true false 19 Double 5 18 ,First,#,T:\leg_gis\GIS Data\Election_Data\2008\Final_Data_031909\Website_Wards_2008.shp,DAREP08,-1,-1;DASCAT08 'DASCAT08' true true false 19 Double 5 18 ,First,#,T:\leg_gis\GIS Data\Election_Data\2008\Final_Data_031909\Website_Wards_2008.shp,DASCAT08,-1,-1;DAIND08 'DAIND08' true true false 19 Double 5 18 ,First,#,T:\leg_gis\GIS Data\Election_Data\2008\Final_Data_031909\Website_Wards_2008.shp,DAIND08,-1,-1;DAOTH08 'DAOTH08' true true false 19 Double 5 18 ,First,#,T:\leg_gis\GIS Data\Election_Data\2008\Final_Data_031909\Website_Wards_2008.shp,DAOTH08,-1,-1;PRES08T 'PRES08T' true true false 10 Double 0 10 ,First,#,T:\leg_gis\GIS Data\Election_Data\2008\Final_Data_031909\Website_Wards_2008.shp,PRES08T,-1,-1;ASM08T 'ASM08T' true true false 10 Double 0 10 ,First,#,T:\leg_gis\GIS Data\Election_Data\2008\Final_Data_031909\Website_Wards_2008.shp,ASM08T,-1,-1;SEN08T 'SEN08T' true true false 10 Double 0 10 ,First,#,T:\leg_gis\GIS Data\Election_Data\2008\Final_Data_031909\Website_Wards_2008.shp,SEN08T,-1,-1;CON08T 'CON08T' true true false 10 Double 0 10 ,First,#,T:\leg_gis\GIS Data\Election_Data\2008\Final_Data_031909\Website_Wards_2008.shp,CON08T,-1,-1;DA08T 'DA08T' true true false 10 Double 0 10 ,First,#,T:\leg_gis\GIS Data\Election_Data\2008\Final_Data_031909\Website_Wards_2008.shp,DA08T,-1,-1" # "Database Connections\Legislative GIS Data.sde\sde.SDE.Election_Data_2008_Wards"</Process></lineage></DataProperties><MetaID>{2F36EA02-F322-445A-9883-42B3055B870E}</MetaID></Esri><dataIdInfo><envirDesc Sync="TRUE">Microsoft Windows XP Version 5.1 (Build 2600) Service Pack 2; ESRI ArcCatalog 9.3.0.1770</envirDesc><dataLang><languageCode Sync="TRUE" value="en"></languageCode></dataLang><idCitation><resTitle Sync="TRUE">sde.SDE.Election_Data_2008_Wards</resTitle><presForm><PresFormCd Sync="TRUE" value="005"></PresFormCd></presForm></idCitation><spatRpType><SpatRepTypCd Sync="TRUE" value="001"></SpatRepTypCd></spatRpType><dataExt><geoEle><GeoBndBox esriExtentType="native"><westBL Sync="TRUE">294822.467</westBL><eastBL Sync="TRUE">773277.7849</eastBL><northBL Sync="TRUE">734409.1779</northBL><southBL Sync="TRUE">225108.7292</southBL><exTypeCode Sync="TRUE">1</exTypeCode></GeoBndBox></geoEle></dataExt><geoBox esriExtentType="decdegrees"><westBL Sync="TRUE">-92.964438</westBL><eastBL Sync="TRUE">-86.666231</eastBL><northBL Sync="TRUE">47.083194</northBL><southBL Sync="TRUE">42.45693</southBL><exTypeCode Sync="TRUE">1</exTypeCode></geoBox></dataIdInfo><mdLang><languageCode Sync="TRUE" value="en"></languageCode></mdLang><mdStanName Sync="TRUE">ISO 19115 Geographic Information - Metadata</mdStanName><mdStanVer Sync="TRUE">DIS_ESRI1.0</mdStanVer><mdChar><CharSetCd Sync="TRUE" value="004"></CharSetCd></mdChar><mdHrLv><ScopeCd Sync="TRUE" value="005"></ScopeCd></mdHrLv><mdHrLvName Sync="TRUE">dataset</mdHrLvName><distInfo><distributor><distorTran><onLineSrc><orDesc Sync="TRUE">002</orDesc><linkage Sync="TRUE">file://</linkage><protocol Sync="TRUE">Local Area Network</protocol></onLineSrc><transSize Sync="TRUE">9.430</transSize></distorTran><distorFormat><formatName Sync="TRUE">SDE Feature Class</formatName></distorFormat></distributor></distInfo><refSysInfo><RefSystem><refSysID><identCode Sync="TRUE">Wisconsin Transverse Mercator (WTM83/91)</identCode></refSysID></RefSystem></refSysInfo><spatRepInfo><VectSpatRep><topLvl><TopoLevCd Sync="TRUE" value="001"></TopoLevCd></topLvl><geometObjs Name="sde.SDE.Election_Data_2008_Wards"><geoObjTyp><GeoObjTypCd Sync="TRUE" value="001"></GeoObjTypCd></geoObjTyp><geoObjCnt Sync="TRUE">6278</geoObjCnt></geometObjs></VectSpatRep></spatRepInfo><mdDateSt Sync="TRUE">20090319</mdDateSt></metadata>
