<?xml version="1.0" encoding="UTF-8"?>
<metadata>
	<idinfo>
		<citation>
			<citeinfo>
				<origin>Minnesota Office of the Secretary of State</origin>
				<pubdate>2/12/2009</pubdate>
				<title>2008 Election Results</title>
				<geoform>vector digital data</geoform>
				<ftname Sync="TRUE">elec08</ftname></citeinfo>
		</citation>
		<descript>
			<abstract>2008 General Election Results with 2008 Minnesota Precincts</abstract>
			<purpose>2008 General Election Results for the state of Minnesota, Federal and Statewide races</purpose>
			<langdata Sync="TRUE">en</langdata></descript>
		<timeperd>
			<timeinfo>
				<sngdate>
					<caldate>2/12/2009</caldate>
				</sngdate>
			</timeinfo>
			<current>publication date</current>
		</timeperd>
		<status>
			<progress>Complete</progress>
			<update>None planned</update>
		</status>
		<spdom>
			<bounding>
				<westbc>-97.269853</westbc>
				<eastbc>-89.397028</eastbc>
				<northbc>49.404414</northbc>
				<southbc>43.435244</southbc>
			</bounding>
			<lboundng><leftbc Sync="TRUE">189775.379950</leftbc><rightbc Sync="TRUE">761662.354535</rightbc><bottombc Sync="TRUE">4816289.746171</bottombc><topbc Sync="TRUE">5472414.143295</topbc></lboundng></spdom>
		<keywords>
			<theme>
				<themekt>REQUIRED: Reference to a formally registered thesaurus or a similar authoritative source of theme keywords.</themekt>
				<themekey>Precincts</themekey>
				<themekey>Vote Tabulation Districts</themekey>
				<themekey>Election Results</themekey></theme>
			<place>
				<placekey>Minnesota</placekey>
			</place>
			<stratum>
				<stratkey>Elections</stratkey>
			</stratum>
			<temporal><tempkey>2008</tempkey></temporal></keywords>
		<accconst>Public data</accconst>
		<useconst>Election results are those certified by the State Canvassing Board.  Election statistics are those certified by County Canvassing Boards and reported to the Office of the Secretary of State.  Precinct data is maintained by OSS as accurately as possible, but cannot assure 100% accuracy.  For definitive precinct lines, please contact the city in question.</useconst>
		<ptcontac>
			<cntinfo>
				<cntperp>
					<cntper>Brad Neuhauser</cntper>
					<cntorg>Minnesota Office of the Secretary of State</cntorg>
				</cntperp>
				<cntpos>GIS Specialist</cntpos>
				<cntaddr>
					<addrtype>mailing address</addrtype>
					<address>180 State Office Building</address>
					<city>St. Paul</city>
					<state>MN</state>
					<postal>55155</postal>
					<country>United States</country>
				</cntaddr>
				<cntvoice>651-556-0648</cntvoice>
				<cntfax>651-296-9073</cntfax>
				<cntemail>brad.neuhauser@state.mn.us</cntemail>
				<hours>8:00 - 4:30</hours>
			</cntinfo>
		</ptcontac>
		<datacred>US Census Bureau, The Lawrence Group, The Minnesota Office of the Secretary of State</datacred>
		<native>Microsoft Windows XP Version 5.1 (Build 2600) Service Pack 2; ESRI ArcCatalog 9.2.6.1500</native>
		<natvform Sync="TRUE">Shapefile</natvform></idinfo>
	<dataqual>
		<attracc>
			<attraccr>Election attributes are those certified by State and County Canvassing Boards.</attraccr>
		</attracc>
		<logic>Precincts represented as interlocking, non overlapping polygons covering the state of Minnesota.  Topology has not been checked, however, so some small slivers/overlaps may occur.</logic>
		<complete>Precinct boundaries are those as recorded by the Office of Secretary of State prior to the November 4, 2008 general election.  Continually updated as precinct boundaries are modified.</complete>
		<posacc>
			<horizpa>
				<horizpar>Changes to precinct data are recorded mostly from paper maps, no determination of spatial accuracy has been made.  Counties where precincts are drawn to follow Lawrence Group data generally are more spatially accurate.</horizpar>
			</horizpa>
		</posacc>
		<lineage>
			<srcinfo>
				<srctime>
					<srccurr>publication date</srccurr>
				</srctime>
			</srcinfo>
			<procstep><procdesc>Metadata imported from vtd2008 dataset and modified.</procdesc><srcused Sync="TRUE">C:\DOCUME~1\bleto01\LOCALS~1\Temp\xmlB79.tmp</srcused><date Sync="TRUE">20090213</date><time Sync="TRUE">11084300</time></procstep></lineage>
	</dataqual>
	<spdoinfo>
		<direct>Vector</direct>
		<ptvctinf>
			<sdtsterm Name="elec08">
				<sdtstype>G-polygon</sdtstype>
				<ptvctcnt>4168</ptvctcnt>
			</sdtsterm>
			<esriterm Name="elec08"><efeatyp Sync="TRUE">Simple</efeatyp><efeageom Sync="TRUE">Polygon</efeageom><esritopo Sync="TRUE">FALSE</esritopo><efeacnt Sync="TRUE">4145</efeacnt><spindex Sync="TRUE">TRUE</spindex><linrefer Sync="TRUE">FALSE</linrefer></esriterm></ptvctinf>
	</spdoinfo>
	<spref>
		<horizsys>
			<planar>
				<planci>
					<plance>coordinate pair</plance>
					<coordrep>
						<absres>0.000000</absres>
						<ordres>0.000000</ordres>
					</coordrep>
					<plandu>meters</plandu>
				</planci>
				<gridsys><gridsysn Sync="TRUE">Universal Transverse Mercator</gridsysn><utm><utmzone Sync="TRUE">15</utmzone><transmer><sfctrmer Sync="TRUE">0.999600</sfctrmer><longcm Sync="TRUE">-93.000000</longcm><latprjo Sync="TRUE">0.000000</latprjo><feast Sync="TRUE">500000.000000</feast><fnorth Sync="TRUE">0.000000</fnorth></transmer></utm></gridsys></planar>
			<geodetic>
				<horizdn>North American Datum of 1983</horizdn>
				<ellips>Geodetic Reference System 80</ellips>
				<semiaxis>6378137.000000</semiaxis>
				<denflat>298.257222</denflat>
			</geodetic>
			<cordsysn><geogcsn Sync="TRUE">GCS_North_American_1983</geogcsn><projcsn Sync="TRUE">NAD_1983_UTM_Zone_15N</projcsn></cordsysn></horizsys>
		<vertdef>
			<altsys>
				<altres>0.000010</altres>
				<altenc>Explicit elevation coordinate included with horizontal coordinates</altenc>
			</altsys>
		</vertdef>
	</spref>
	<eainfo>
		<detailed Name="elec08">
			<enttyp>
				<enttypl>elec08</enttypl>
				<enttypd>2008 General Election Results</enttypd>
				<enttypt Sync="TRUE">Feature Class</enttypt><enttypc Sync="TRUE">4145</enttypc></enttyp>
			<attr>
				<attrlabl>Shape</attrlabl>
				<attrdef>Feature geometry.</attrdef>
				<attrdefs>ESRI</attrdefs>
				<attrdomv>
					<udom>Coordinates defining the features.</udom>
				</attrdomv>
			</attr>
			<attr>
				<attrlabl>DISTRICT</attrlabl>
				<attrdef>Combined county fips and precinct code</attrdef>
			</attr>
			<attr><attrlabl Sync="TRUE">OBJECTID</attrlabl><attalias Sync="TRUE">OBJECTID</attalias><attrtype Sync="TRUE">Number</attrtype><attwidth Sync="TRUE">9</attwidth></attr><attr>
				<attrlabl>Number_</attrlabl>
				<attrdef>Combined county fips and precinct code</attrdef>
				<attrtype Sync="TRUE">String</attrtype><attwidth Sync="TRUE">254</attwidth></attr>
			<attr>
				<attrlabl>Precinct</attrlabl>
				<attrdef>Precinct standard name</attrdef>
				<attrtype Sync="TRUE">Number</attrtype><attwidth Sync="TRUE">9</attwidth></attr>
			<attr>
				<attrlabl>MCD</attrlabl>
				<attrdef>Minor Civil Division name</attrdef>
				<attrtype Sync="TRUE">String</attrtype><attwidth Sync="TRUE">254</attwidth></attr>
			<attr>
				<attrlabl>ShortLabel</attrlabl>
				<attrdef>Shortened precinct name for labeling purposes</attrdef>
				<attrtype Sync="TRUE">String</attrtype><attwidth Sync="TRUE">254</attwidth></attr>
			<attr>
				<attrlabl>LongLabel</attrlabl>
				<attrdef>Full precinct name for labeling purposes</attrdef>
				<attrtype Sync="TRUE">String</attrtype><attwidth Sync="TRUE">254</attwidth></attr>
			<attr>
				<attrlabl>County</attrlabl>
				<attrdef>County name</attrdef>
				<attrtype Sync="TRUE">String</attrtype><attwidth Sync="TRUE">254</attwidth></attr>
			<attr>
				<attrlabl>LEG</attrlabl>
				<attrdef>Legislative district</attrdef>
				<attrtype Sync="TRUE">String</attrtype><attwidth Sync="TRUE">30</attwidth></attr>
			<attr>
				<attrlabl>SEN</attrlabl>
				<attrdef>State Senate district</attrdef>
				<attrtype Sync="TRUE">String</attrtype><attwidth Sync="TRUE">5</attwidth></attr>
			<attr>
				<attrlabl>CNG</attrlabl>
				<attrdef>Congressional district</attrdef>
				<attrtype Sync="TRUE">Number</attrtype><attwidth Sync="TRUE">4</attwidth></attr>
			<attr>
				<attrlabl>Shape_Area</attrlabl>
				<attrdef>Area of feature in internal units squared.</attrdef>
				<attrdefs>ESRI</attrdefs>
				<attrdomv>
					<udom>Positive real numbers that are automatically generated.</udom>
				</attrdomv>
				<attrtype Sync="TRUE">Number</attrtype><attwidth Sync="TRUE">4</attwidth></attr>
			<attr>
				<attrlabl>COM</attrlabl>
				<attrdef>County Commissioner district</attrdef>
				<attrtype Sync="TRUE">Number</attrtype><attwidth Sync="TRUE">4</attwidth></attr>
			<attr>
				<attrlabl>JUD</attrlabl>
				<attrdef>State judicial district</attrdef>
				<attrtype Sync="TRUE">Number</attrtype><attwidth Sync="TRUE">4</attwidth></attr>
			<attr>
				<attrlabl>FID</attrlabl>
				<attrdef>Internal feature number.</attrdef>
				<attrdefs>ESRI</attrdefs>
				<attrdomv>
					<udom>Sequential unique whole numbers that are automatically generated.</udom>
				</attrdomv>
				<attrtype Sync="TRUE">Number</attrtype><attwidth Sync="TRUE">4</attwidth></attr>
			<attr>
				<attrlabl>CTU_Code</attrlabl>
				<attrdef>Municipality fips code</attrdef>
				<attrtype Sync="TRUE">Number</attrtype><attwidth Sync="TRUE">9</attwidth></attr>
			<attr>
				<attrlabl>VR_MCD</attrlabl>
				<attrdef>Minor civil division code</attrdef>
				<attrtype Sync="TRUE">Number</attrtype><attwidth Sync="TRUE">9</attwidth></attr>
			<attr>
				<attrlabl>Precinct_N</attrlabl>
				<attrtype Sync="TRUE">Float</attrtype><attwidth Sync="TRUE">19</attwidth><atnumdec Sync="TRUE">11</atnumdec></attr>
			<attr>
				<attrlabl>Shape_Leng</attrlabl>
				<attrtype Sync="TRUE">Float</attrtype><attwidth Sync="TRUE">19</attwidth><atnumdec Sync="TRUE">11</atnumdec></attr>
			<attr><attrlabl Sync="TRUE">OID_</attrlabl><attalias Sync="TRUE">OID_</attalias><attrtype Sync="TRUE">Number</attrtype><attwidth Sync="TRUE">9</attwidth></attr><attr><attrlabl Sync="TRUE">PRECINCTID</attrlabl><attalias Sync="TRUE">PRECINCTID</attalias><attrtype Sync="TRUE">String</attrtype><attwidth Sync="TRUE">11</attwidth><attrdef>Precinct FIPS Code</attrdef></attr><attr><attrlabl Sync="TRUE">PRECINCT_1</attrlabl><attalias Sync="TRUE">PRECINCT_1</attalias><attrtype Sync="TRUE">String</attrtype><attwidth Sync="TRUE">44</attwidth><attrdef>Precinct Name</attrdef></attr><attr><attrlabl Sync="TRUE">PRCT</attrlabl><attalias Sync="TRUE">PRCT</attalias><attrtype Sync="TRUE">String</attrtype><attwidth Sync="TRUE">7</attwidth><attrdef>Precinct Code</attrdef></attr><attr><attrlabl Sync="TRUE">CG</attrlabl><attalias Sync="TRUE">CG</attalias><attrtype Sync="TRUE">String</attrtype><attwidth Sync="TRUE">4</attwidth><attrdef>Congressional District</attrdef></attr><attr><attrlabl Sync="TRUE">LEG_1</attrlabl><attalias Sync="TRUE">LEG_1</attalias><attrtype Sync="TRUE">String</attrtype><attwidth Sync="TRUE">5</attwidth><attrdef>Legislative District</attrdef></attr><attr><attrlabl Sync="TRUE">CM</attrlabl><attalias Sync="TRUE">CM</attalias><attrtype Sync="TRUE">String</attrtype><attwidth Sync="TRUE">4</attwidth><attrdef>County Commissioner District</attrdef></attr><attr><attrlabl Sync="TRUE">SW</attrlabl><attalias Sync="TRUE">SW</attalias><attrtype Sync="TRUE">String</attrtype><attwidth Sync="TRUE">5</attwidth><attrdef>Soil &amp; Water Conservation District</attrdef></attr><attr><attrlabl Sync="TRUE">JD</attrlabl><attalias Sync="TRUE">JD</attalias><attrtype Sync="TRUE">String</attrtype><attwidth Sync="TRUE">4</attwidth><attrdef>Judicial District</attrdef></attr><attr><attrlabl Sync="TRUE">PK</attrlabl><attalias Sync="TRUE">PK</attalias><attrtype Sync="TRUE">String</attrtype><attwidth Sync="TRUE">4</attwidth><attrdef>Park Commissioner District</attrdef></attr><attr><attrlabl Sync="TRUE">HD</attrlabl><attalias Sync="TRUE">HD</attalias><attrtype Sync="TRUE">String</attrtype><attwidth Sync="TRUE">5</attwidth><attrdef>Hospital District</attrdef></attr><attr><attrlabl Sync="TRUE">WD</attrlabl><attalias Sync="TRUE">WD</attalias><attrtype Sync="TRUE">String</attrtype><attwidth Sync="TRUE">5</attwidth><attrdef>City Ward</attrdef></attr><attr><attrlabl Sync="TRUE">MCDNAME</attrlabl><attalias Sync="TRUE">MCDNAME</attalias><attrtype Sync="TRUE">String</attrtype><attwidth Sync="TRUE">34</attwidth><attrdef>MCD Name</attrdef></attr><attr><attrlabl Sync="TRUE">MCD_1</attrlabl><attalias Sync="TRUE">MCD_1</attalias><attrtype Sync="TRUE">String</attrtype><attwidth Sync="TRUE">6</attwidth><attrdef>State MCD Code </attrdef><attrdefs>Used by Statewide Voter Registration System</attrdefs></attr><attr><attrlabl Sync="TRUE">FIPS</attrlabl><attalias Sync="TRUE">FIPS</attalias><attrtype Sync="TRUE">Number</attrtype><attwidth Sync="TRUE">6</attwidth><attrdef>MCD FIPS Code</attrdef></attr><attr><attrlabl Sync="TRUE">COUNTYID</attrlabl><attalias Sync="TRUE">COUNTYID</attalias><attrtype Sync="TRUE">String</attrtype><attwidth Sync="TRUE">10</attwidth><attrdef>County ID</attrdef><attrdefs>Used by Statewide Voter Registration System</attrdefs></attr><attr><attrlabl Sync="TRUE">7AM</attrlabl><attalias Sync="TRUE">7AM</attalias><attrtype Sync="TRUE">Number</attrtype><attwidth Sync="TRUE">5</attwidth><attrdef>Voter Registered as of 7 AM election day.</attrdef></attr><attr><attrlabl Sync="TRUE">EDR</attrlabl><attalias Sync="TRUE">EDR</attalias><attrtype Sync="TRUE">Number</attrtype><attwidth Sync="TRUE">6</attwidth><attrdef>Voters Registered on Election Day</attrdef></attr><attr><attrlabl Sync="TRUE">SIGNATURES</attrlabl><attalias Sync="TRUE">SIGNATURES</attalias><attrtype Sync="TRUE">Number</attrtype><attwidth Sync="TRUE">12</attwidth><attrdef>Signatures on the Polling Place Roster on Election Day</attrdef></attr><attr><attrlabl Sync="TRUE">REGMILAB</attrlabl><attalias Sync="TRUE">REGMILAB</attalias><attrtype Sync="TRUE">Number</attrtype><attwidth Sync="TRUE">11</attwidth><attrdef>Regular, Military, and Overseas Absentee Ballots</attrdef></attr><attr><attrlabl Sync="TRUE">FEDAB</attrlabl><attalias Sync="TRUE">FEDAB</attalias><attrtype Sync="TRUE">Number</attrtype><attwidth Sync="TRUE">8</attwidth><attrdef>Federal-only Absentee Ballots</attrdef></attr><attr><attrlabl Sync="TRUE">PRESAB</attrlabl><attalias Sync="TRUE">PRESAB</attalias><attrtype Sync="TRUE">Number</attrtype><attwidth Sync="TRUE">8</attwidth><attrdef>Presidential-only Absentee Ballots</attrdef></attr><attr><attrlabl Sync="TRUE">TOTVOTERS</attrlabl><attalias Sync="TRUE">TOTVOTERS</attalias><attrtype Sync="TRUE">Number</attrtype><attwidth Sync="TRUE">11</attwidth><attrdef>Total Voters</attrdef></attr><attr><attrlabl Sync="TRUE">VSCODE</attrlabl><attalias Sync="TRUE">VSCODE</attalias><attrtype Sync="TRUE">String</attrtype><attwidth Sync="TRUE">9</attwidth><attrdomv><edom><edomv>1</edomv><edomvd>Central Count</edomvd></edom><edom><edomv>2</edomv><edomvd>Precinct Tabulator</edomvd></edom><edom><edomv>3</edomv><edomvd>Hand Count</edomvd></edom></attrdomv><attrdef>Voting System Code</attrdef></attr><attr><attrlabl Sync="TRUE">EQUIPMENTM</attrlabl><attalias Sync="TRUE">EQUIPMENTM</attalias><attrtype Sync="TRUE">String</attrtype><attwidth Sync="TRUE">18</attwidth><attrdef>Vote Tabulation Equipment used for Precinct</attrdef></attr><attr><attrlabl Sync="TRUE">USPRESR</attrlabl><attalias Sync="TRUE">USPRESR</attalias><attrtype Sync="TRUE">Number</attrtype><attwidth Sync="TRUE">11</attwidth><attrdef>US President Republican Party candidate votes</attrdef></attr><attr><attrlabl Sync="TRUE">USPRESDFL</attrlabl><attalias Sync="TRUE">USPRESDFL</attalias><attrtype Sync="TRUE">Number</attrtype><attwidth Sync="TRUE">14</attwidth><attrdef>US President Democratic-Farmer-Labor Party candidate votes</attrdef></attr><attr><attrlabl Sync="TRUE">USPRESGP</attrlabl><attalias Sync="TRUE">USPRESGP</attalias><attrtype Sync="TRUE">Number</attrtype><attwidth Sync="TRUE">13</attwidth><attrdef>US President Green Party candidate votes</attrdef></attr><attr><attrlabl Sync="TRUE">USPRESSWP</attrlabl><attalias Sync="TRUE">USPRESSWP</attalias><attrtype Sync="TRUE">Number</attrtype><attwidth Sync="TRUE">15</attwidth><attrdef>US President Socialist Workers Party candidate votes</attrdef></attr><attr><attrlabl Sync="TRUE">USPRESIND</attrlabl><attalias Sync="TRUE">USPRESIND</attalias><attrtype Sync="TRUE">Number</attrtype><attwidth Sync="TRUE">14</attwidth><attrdef>US President Independent Party candidate votes</attrdef></attr><attr><attrlabl Sync="TRUE">USPRESLIB</attrlabl><attalias Sync="TRUE">USPRESLIB</attalias><attrtype Sync="TRUE">Number</attrtype><attwidth Sync="TRUE">13</attwidth><attrdef>US President Libertarian Party candidate votes</attrdef></attr><attr><attrlabl Sync="TRUE">USPRESCP</attrlabl><attalias Sync="TRUE">USPRESCP</attalias><attrtype Sync="TRUE">Number</attrtype><attwidth Sync="TRUE">13</attwidth><attrdef>US President Constitution Party candidate votes</attrdef></attr><attr><attrlabl Sync="TRUE">USPRESWI</attrlabl><attalias Sync="TRUE">USPRESWI</attalias><attrtype Sync="TRUE">Number</attrtype><attwidth Sync="TRUE">12</attwidth><attrdef>US President Write In candidate votes--includes registered and non-registered write-ins</attrdef></attr><attr><attrlabl Sync="TRUE">USPRESTOT</attrlabl><attalias Sync="TRUE">USPRESTOT</attalias><attrtype Sync="TRUE">Number</attrtype><attwidth Sync="TRUE">14</attwidth><attrdef>US President total votes</attrdef></attr><attr><attrlabl Sync="TRUE">USSENIP</attrlabl><attalias Sync="TRUE">USSENIP</attalias><attrtype Sync="TRUE">Number</attrtype><attwidth Sync="TRUE">10</attwidth><attrdef>US Senator Independence Party candidate votes</attrdef></attr><attr><attrlabl Sync="TRUE">USSENR</attrlabl><attalias Sync="TRUE">USSENR</attalias><attrtype Sync="TRUE">Number</attrtype><attwidth Sync="TRUE">10</attwidth><attrdef>US Senator Republican Party candidate votes</attrdef></attr><attr><attrlabl Sync="TRUE">USSENDFL</attrlabl><attalias Sync="TRUE">USSENDFL</attalias><attrtype Sync="TRUE">Number</attrtype><attwidth Sync="TRUE">12</attwidth><attrdef>US Senator Democratic-Farmer-Labor Party candidate votes</attrdef></attr><attr><attrlabl Sync="TRUE">USSENLIB</attrlabl><attalias Sync="TRUE">USSENLIB</attalias><attrtype Sync="TRUE">Number</attrtype><attwidth Sync="TRUE">12</attwidth><attrdef>US Senator Libertarian Party candidate votes</attrdef></attr><attr><attrlabl Sync="TRUE">USSENCP</attrlabl><attalias Sync="TRUE">USSENCP</attalias><attrtype Sync="TRUE">Number</attrtype><attwidth Sync="TRUE">11</attwidth><attrdef>US Senator Constitution Party candidate votes</attrdef></attr><attr><attrlabl Sync="TRUE">USSENWI</attrlabl><attalias Sync="TRUE">USSENWI</attalias><attrtype Sync="TRUE">Number</attrtype><attwidth Sync="TRUE">11</attwidth><attrdef>US Senator Write In candidate votes--includes registered and non-registered write-ins</attrdef></attr><attr><attrlabl Sync="TRUE">USSENTOT</attrlabl><attalias Sync="TRUE">USSENTOT</attalias><attrtype Sync="TRUE">Number</attrtype><attwidth Sync="TRUE">13</attwidth><attrdef>US Senator total votes</attrdef></attr><attr><attrlabl Sync="TRUE">CONGIP</attrlabl><attalias Sync="TRUE">CONGIP</attalias><attrtype Sync="TRUE">Number</attrtype><attwidth Sync="TRUE">9</attwidth><attrdef>US Representative Independence Party candidate votes</attrdef></attr><attr><attrlabl Sync="TRUE">CONGR</attrlabl><attalias Sync="TRUE">CONGR</attalias><attrtype Sync="TRUE">Number</attrtype><attwidth Sync="TRUE">9</attwidth><attrdef>US Representative Republican Party candidate votes</attrdef></attr><attr><attrlabl Sync="TRUE">CONGDFL</attrlabl><attalias Sync="TRUE">CONGDFL</attalias><attrtype Sync="TRUE">Number</attrtype><attwidth Sync="TRUE">11</attwidth><attrdef>US Representative Democratic-Farmer-Labor Party candidate votes</attrdef></attr><attr><attrlabl Sync="TRUE">CONGWI</attrlabl><attalias Sync="TRUE">CONGWI</attalias><attrtype Sync="TRUE">Number</attrtype><attwidth Sync="TRUE">10</attwidth><attrdef>US Representative Write In Party candidate votes--includes registered and non-registered write-ins</attrdef></attr><attr><attrlabl Sync="TRUE">CONGTOT</attrlabl><attalias Sync="TRUE">CONGTOT</attalias><attrtype Sync="TRUE">Number</attrtype><attwidth Sync="TRUE">12</attwidth><attrdef>US Representative total votes</attrdef></attr><attr><attrlabl Sync="TRUE">MNSENR</attrlabl><attalias Sync="TRUE">MNSENR</attalias><attrtype Sync="TRUE">String</attrtype><attwidth Sync="TRUE">10</attwidth><attrdef>MN Senator Republican Party candidate votes</attrdef></attr><attr><attrlabl Sync="TRUE">MNSENDFL</attrlabl><attalias Sync="TRUE">MNSENDFL</attalias><attrtype Sync="TRUE">String</attrtype><attwidth Sync="TRUE">13</attwidth><attrdef>MN Senator Democratic-Farmer-Labor Party candidate votes</attrdef></attr><attr><attrlabl Sync="TRUE">MNSENWI</attrlabl><attalias Sync="TRUE">MNSENWI</attalias><attrtype Sync="TRUE">String</attrtype><attwidth Sync="TRUE">11</attwidth><attrdef>MN Senator Write In candidate votes--includes registered and non-registered write-ins</attrdef></attr><attr><attrlabl Sync="TRUE">MNSENTOT</attrlabl><attalias Sync="TRUE">MNSENTOT</attalias><attrtype Sync="TRUE">String</attrtype><attwidth Sync="TRUE">13</attwidth><attrdef>MN Senator total votes</attrdef></attr><attr><attrlabl Sync="TRUE">MNLEGIP</attrlabl><attalias Sync="TRUE">MNLEGIP</attalias><attrtype Sync="TRUE">Number</attrtype><attwidth Sync="TRUE">10</attwidth><attrdef>MN Representative Independence Party candidate votes</attrdef></attr><attr><attrlabl Sync="TRUE">MNLEGR</attrlabl><attalias Sync="TRUE">MNLEGR</attalias><attrtype Sync="TRUE">Number</attrtype><attwidth Sync="TRUE">10</attwidth><attrdef>MN Representative Republican Party candidate votes</attrdef></attr><attr><attrlabl Sync="TRUE">MNLEGDFL</attrlabl><attalias Sync="TRUE">MNLEGDFL</attalias><attrtype Sync="TRUE">Number</attrtype><attwidth Sync="TRUE">12</attwidth><attrdef>MN Representative Democratic-Farmer-Labor Party candidate votes</attrdef></attr><attr><attrlabl Sync="TRUE">MNLEGWI</attrlabl><attalias Sync="TRUE">MNLEGWI</attalias><attrtype Sync="TRUE">Number</attrtype><attwidth Sync="TRUE">11</attwidth><attrdef>MN Representative Write In Party candidate votes--includes registered and non-registered write-ins</attrdef></attr><attr><attrlabl Sync="TRUE">MNLEGTOT</attrlabl><attalias Sync="TRUE">MNLEGTOT</attalias><attrtype Sync="TRUE">Number</attrtype><attwidth Sync="TRUE">13</attwidth><attrdef>MN Representative total votes</attrdef></attr></detailed>
		<overview></overview>
	</eainfo>
	<distinfo>
		<resdesc>Downloadable Data</resdesc>
		<stdorder>
			<digform>
				<digtinfo>
					<transize>7.063</transize>
					<dssize Sync="TRUE">7.061</dssize></digtinfo>
			</digform>
		</stdorder>
	</distinfo>
	<metainfo>
		<metd>20090213</metd>
		<metc>
			<cntinfo>
				<cntorgp>
					<cntorg>REQUIRED: The organization responsible for the metadata information.</cntorg>
					<cntper>REQUIRED: The person responsible for the metadata information.</cntper>
				</cntorgp>
				<cntaddr>
					<addrtype>REQUIRED: The mailing and/or physical address for the organization or individual.</addrtype>
					<city>REQUIRED: The city of the address.</city>
					<state>REQUIRED: The state or province of the address.</state>
					<postal>REQUIRED: The ZIP or other postal code of the address.</postal>
				</cntaddr>
				<cntvoice>REQUIRED: The telephone number by which individuals can speak to the organization or individual.</cntvoice>
			</cntinfo>
		</metc>
		<metstdn>FGDC Content Standards for Digital Geospatial Metadata</metstdn>
		<metstdv>FGDC-STD-001-1998</metstdv>
		<mettc>local time</mettc>
		<metextns>
			<onlink>http://www.esri.com/metadata/esriprof80.html</onlink>
			<metprof>ESRI Metadata Profile</metprof>
		</metextns>
		<langmeta Sync="TRUE">en</langmeta><metextns><onlink Sync="TRUE">http://www.esri.com/metadata/esriprof80.html</onlink><metprof Sync="TRUE">ESRI Metadata Profile</metprof></metextns></metainfo>
	<Esri><MetaID>{A66AB0ED-C4E7-4E4C-A4CF-E34ACA23FEEE}</MetaID><CreaDate>20090213</CreaDate><CreaTime>11084300</CreaTime><SyncOnce>FALSE</SyncOnce><SyncDate>20090213</SyncDate><SyncTime>11084400</SyncTime><ModDate>20090213</ModDate><ModTime>11364400</ModTime></Esri><dataIdInfo><envirDesc Sync="TRUE">Microsoft Windows XP Version 5.1 (Build 2600) Service Pack 2; ESRI ArcCatalog 9.2.6.1500</envirDesc><dataLang><languageCode Sync="TRUE" value="en"></languageCode></dataLang><idCitation><resTitle Sync="TRUE">elec08</resTitle><presForm><PresFormCd Sync="TRUE" value="005"></PresFormCd></presForm></idCitation><spatRpType><SpatRepTypCd Sync="TRUE" value="001"></SpatRepTypCd></spatRpType><dataExt><geoEle><GeoBndBox esriExtentType="native"><westBL Sync="TRUE">189775.37995</westBL><eastBL Sync="TRUE">761662.354535</eastBL><northBL Sync="TRUE">5472414.143295</northBL><southBL Sync="TRUE">4816289.746171</southBL><exTypeCode Sync="TRUE">1</exTypeCode></GeoBndBox></geoEle></dataExt><geoBox esriExtentType="decdegrees"><westBL Sync="TRUE">-97.269853</westBL><eastBL Sync="TRUE">-89.397028</eastBL><northBL Sync="TRUE">49.404414</northBL><southBL Sync="TRUE">43.435244</southBL><exTypeCode Sync="TRUE">1</exTypeCode></geoBox></dataIdInfo><mdLang><languageCode Sync="TRUE" value="en"></languageCode></mdLang><mdStanName Sync="TRUE">ISO 19115 Geographic Information - Metadata</mdStanName><mdStanVer Sync="TRUE">DIS_ESRI1.0</mdStanVer><mdChar><CharSetCd Sync="TRUE" value="004"></CharSetCd></mdChar><mdHrLv><ScopeCd Sync="TRUE" value="005"></ScopeCd></mdHrLv><mdHrLvName Sync="TRUE">dataset</mdHrLvName><distInfo><distributor><distorTran><onLineSrc><orDesc Sync="TRUE">002</orDesc><linkage Sync="TRUE">file://\\ELECT11\C\GIS\Data\Results\2008\elec08.shp</linkage><protocol Sync="TRUE">Local Area Network</protocol></onLineSrc><transSize Sync="TRUE">7.061</transSize></distorTran><distorFormat><formatName Sync="TRUE">Shapefile</formatName></distorFormat></distributor></distInfo><refSysInfo><RefSystem><refSysID><identCode Sync="TRUE">NAD_1983_UTM_Zone_15N</identCode></refSysID></RefSystem></refSysInfo><spatRepInfo><VectSpatRep><topLvl><TopoLevCd Sync="TRUE" value="001"></TopoLevCd></topLvl><geometObjs Name="elec08"><geoObjTyp><GeoObjTypCd Sync="TRUE" value="001"></GeoObjTypCd></geoObjTyp><geoObjCnt Sync="TRUE">4145</geoObjCnt></geometObjs></VectSpatRep></spatRepInfo><mdDateSt Sync="TRUE">20090213</mdDateSt></metadata>
