<?xml version="1.0"?>
<!--<!DOCTYPE metadata SYSTEM "http://www.esri.com/metadata/esriprof80.dtd">-->
<metadata xml:lang="en"><Esri><CreaDate>20170420</CreaDate><CreaTime>13245000</CreaTime><SyncOnce>FALSE</SyncOnce><DataProperties><lineage><Process Name="Create Feature Class" ToolSource="C:\Program Files\ArcGIS\ArcToolbox\Toolboxes\Data Management Tools.tbx\CreateFeatureclass" Date="20081106" Time="143232">CreateFeatureclass "B:\Butler 2008" BOEPRECINCTPOLYGONS2008 # SDE_Layer SAME_AS_TEMPLATE SAME_AS_TEMPLATE "PROJCS['NAD_1983_StatePlane_Ohio_South_FIPS_3402_Feet',GEOGCS['GCS_North_American_1983',DATUM['D_North_American_1983',SPHEROID['GRS_1980',6378137.0,298.257222101]],PRIMEM['Greenwich',0.0],UNIT['Degree',0.0174532925199433]],PROJECTION['Lambert_Conformal_Conic'],PARAMETER['False_Easting',1968500.0],PARAMETER['False_Northing',0.0],PARAMETER['Central_Meridian',-82.5],PARAMETER['Standard_Parallel_1',38.73333333333333],PARAMETER['Standard_Parallel_2',40.03333333333333],PARAMETER['Latitude_Of_Origin',38.0],UNIT['Foot_US',0.3048006096012192]];1107253.4380587 255640.955511865 3906.24999636202;0 1;0 1" # 0 0 0 "B:\Butler 2008\BOEPRECINCTPOLYGONS2008.shp"</Process><Process Name="Append" ToolSource="C:\Program Files\ArcGIS\ArcToolbox\Toolboxes\Data Management Tools.tbx\Append" Date="20081106" Time="143232">Append SDE_Layer "B:\Butler 2008\BOEPRECINCTPOLYGONS2008.shp" TEST "B:\Butler 2008\BOEPRECINCTPOLYGONS2008.shp"</Process><Process Name="FeatureClassToFeatureClass_1" ToolSource="C:\Program Files\ArcGIS\ArcToolbox\Toolboxes\Conversion Tools.tbx\FeatureClassToFeatureClass" Date="20081106" Time="143232">FeatureClassToFeatureClass "Database Connections\Connection to taft.sde\SDE.boe\SDE.BOEPRECINCTPOLYGONS" "B:\Butler 2008" BOEPRECINCTPOLYGONS2008 # "NEW_PREC_N NEW_PREC_N VISIBLE;SDE_PREC_1 SDE_PREC_1 VISIBLE;PERIMETE_1 PERIMETE_1 VISIBLE;BUT017PC1 BUT017PC1 VISIBLE;BUT017PC_1 BUT017PC_1 VISIBLE;WARD_1 WARD_1 VISIBLE;STATEP_1 STATEP_1 VISIBLE;PRECNUM_1 PRECNUM_1 VISIBLE;ID_1 ID_1 VISIBLE;TOTVOTER_1 TOTVOTER_1 VISIBLE;FULLNAM2_1 FULLNAM2_1 VISIBLE;SATLOC_1 SATLOC_1 VISIBLE;SCD_1 SCD_1 VISIBLE;Z002SCD_1 Z002SCD_1 VISIBLE;DUPS DUPS VISIBLE;SHAPE.AREA SHAPE.AREA VISIBLE;SHAPE.LEN SHAPE.LEN VISIBLE" SAME_AS_TEMPLATE SAME_AS_TEMPLATE # 0 "B:\Butler 2008\BOEPRECINCTPOLYGONS2008.shp"</Process><Process ToolSource="C:\Program Files\ArcGIS\ArcToolbox\Toolboxes\Data Management Tools.tbx\CopyFeatures" Date="20090729" Time="103006">CopyFeatures B:\2009\BOEPRECINCTPOLYGONS2009.shp "Database Connections\Connection to taft.sde\SDE.boe\SDE.BOEPRECINCTPOLYGONS2009" # 0 0 0</Process><Process Name="RegisterAsVersioned_2" ToolSource="C:\Program Files\ArcGIS\ArcToolbox\Toolboxes\Data Management Tools.tbx\RegisterAsVersioned" Date="20090729" Time="105745">RegisterAsVersioned "Database Connections\Connection to taft.sde\SDE.boe\SDE.BOEPRECINCTPOLYGONS2009" "Database Connections\Connection to taft.sde\SDE.boe\SDE.BOEPRECINCTPOLYGONS2009"</Process><Process ToolSource="c:\program files (x86)\arcgis\desktop10.1\ArcToolbox\Toolboxes\Analysis Tools.tbx\SpatialJoin" Date="20130515" Time="135216">SpatialJoin SDE.BOEPRECINCTPOLYGONS2010 TwpCorp_Union C:\Users\CHAMBERSRJ\Desktop\Precinct2010Corp1.shp JOIN_ONE_TO_ONE KEEP_ALL "NEW_PREC_N "NEW_PREC_N" true true false 50 Text 0 0 ,First,#,C:\Users\kleinja\AppData\Roaming\ESRI\ArcCatalog\Connection to eisenhower.sde\SDE.boe\SDE.BOEPRECINCTPOLYGONS2010,NEW_PREC_N,-1,-1;SDE_PREC_1 "SDE_PREC_1" true true false 8 Double 5 18 ,First,#,C:\Users\kleinja\AppData\Roaming\ESRI\ArcCatalog\Connection to eisenhower.sde\SDE.boe\SDE.BOEPRECINCTPOLYGONS2010,SDE_PREC_1,-1,-1;PERIMETE_1 "PERIMETE_1" true true false 8 Double 5 18 ,First,#,C:\Users\kleinja\AppData\Roaming\ESRI\ArcCatalog\Connection to eisenhower.sde\SDE.boe\SDE.BOEPRECINCTPOLYGONS2010,PERIMETE_1,-1,-1;BUT017PC1 "BUT017PC1" true true false 8 Double 0 11 ,First,#,C:\Users\kleinja\AppData\Roaming\ESRI\ArcCatalog\Connection to eisenhower.sde\SDE.boe\SDE.BOEPRECINCTPOLYGONS2010,BUT017PC1,-1,-1;BUT017PC_1 "BUT017PC_1" true true false 8 Double 0 11 ,First,#,C:\Users\kleinja\AppData\Roaming\ESRI\ArcCatalog\Connection to eisenhower.sde\SDE.boe\SDE.BOEPRECINCTPOLYGONS2010,BUT017PC_1,-1,-1;WARD_1 "WARD_1" true true false 25 Text 0 0 ,First,#,C:\Users\kleinja\AppData\Roaming\ESRI\ArcCatalog\Connection to eisenhower.sde\SDE.boe\SDE.BOEPRECINCTPOLYGONS2010,WARD_1,-1,-1;STATEP_1 "STATEP_1" true true false 3 Text 0 0 ,First,#,C:\Users\kleinja\AppData\Roaming\ESRI\ArcCatalog\Connection to eisenhower.sde\SDE.boe\SDE.BOEPRECINCTPOLYGONS2010,STATEP_1,-1,-1;PRECNUM_1 "PRECNUM_1" true true false 4 Long 0 6 ,First,#,C:\Users\kleinja\AppData\Roaming\ESRI\ArcCatalog\Connection to eisenhower.sde\SDE.boe\SDE.BOEPRECINCTPOLYGONS2010,PRECNUM_1,-1,-1;ID_1 "ID_1" true true false 8 Double 0 11 ,First,#,C:\Users\kleinja\AppData\Roaming\ESRI\ArcCatalog\Connection to eisenhower.sde\SDE.boe\SDE.BOEPRECINCTPOLYGONS2010,ID_1,-1,-1;TOTVOTER_1 "TOTVOTER_1" true true false 4 Long 0 6 ,First,#,C:\Users\kleinja\AppData\Roaming\ESRI\ArcCatalog\Connection to eisenhower.sde\SDE.boe\SDE.BOEPRECINCTPOLYGONS2010,TOTVOTER_1,-1,-1;FULLNAM2_1 "FULLNAM2_1" true true false 50 Text 0 0 ,First,#,C:\Users\kleinja\AppData\Roaming\ESRI\ArcCatalog\Connection to eisenhower.sde\SDE.boe\SDE.BOEPRECINCTPOLYGONS2010,FULLNAM2_1,-1,-1;SATLOC_1 "SATLOC_1" true true false 8 Double 0 16 ,First,#,C:\Users\kleinja\AppData\Roaming\ESRI\ArcCatalog\Connection to eisenhower.sde\SDE.boe\SDE.BOEPRECINCTPOLYGONS2010,SATLOC_1,-1,-1;SCD_1 "SCD_1" true true false 2 Short 0 2 ,First,#,C:\Users\kleinja\AppData\Roaming\ESRI\ArcCatalog\Connection to eisenhower.sde\SDE.boe\SDE.BOEPRECINCTPOLYGONS2010,SCD_1,-1,-1;Z002SCD_1 "Z002SCD_1" true true false 2 Short 0 4 ,First,#,C:\Users\kleinja\AppData\Roaming\ESRI\ArcCatalog\Connection to eisenhower.sde\SDE.boe\SDE.BOEPRECINCTPOLYGONS2010,Z002SCD_1,-1,-1;DUPS "DUPS" true true false 2 Short 0 4 ,First,#,C:\Users\kleinja\AppData\Roaming\ESRI\ArcCatalog\Connection to eisenhower.sde\SDE.boe\SDE.BOEPRECINCTPOLYGONS2010,DUPS,-1,-1;D_R "D_R" true true false 15 Text 0 0 ,First,#,C:\Users\kleinja\AppData\Roaming\ESRI\ArcCatalog\Connection to eisenhower.sde\SDE.boe\SDE.BOEPRECINCTPOLYGONS2010,D_R,-1,-1;STATECODE "STATECODE" true true false 3 Text 0 0 ,First,#,C:\Users\kleinja\AppData\Roaming\ESRI\ArcCatalog\Connection to eisenhower.sde\SDE.boe\SDE.BOEPRECINCTPOLYGONS2010,STATECODE,-1,-1;SHAPE_AREA "SHAPE_AREA" false false true 0 Double 0 0 ,First,#,C:\Users\kleinja\AppData\Roaming\ESRI\ArcCatalog\Connection to eisenhower.sde\SDE.boe\SDE.BOEPRECINCTPOLYGONS2010,SHAPE.AREA,-1,-1;SHAPE_LEN "SHAPE_LEN" false false true 0 Double 0 0 ,First,#,C:\Users\kleinja\AppData\Roaming\ESRI\ArcCatalog\Connection to eisenhower.sde\SDE.boe\SDE.BOEPRECINCTPOLYGONS2010,SHAPE.LEN,-1,-1;FID_BCEO_C "FID_BCEO_C" true true false 9 Long 0 9 ,First,#,C:\Users\CHAMBERSRJ\Desktop\TwpCorp_Union.shp,FID_BCEO_C,-1,-1;OBJECTID "OBJECTID" true true false 19 Double 8 18 ,First,#,C:\Users\CHAMBERSRJ\Desktop\TwpCorp_Union.shp,OBJECTID,-1,-1;NAME "NAME" true true false 50 Text 0 0 ,First,#,C:\Users\CHAMBERSRJ\Desktop\TwpCorp_Union.shp,NAME,-1,-1;SHAPE_AREA_1 "SHAPE_AREA_1" true true false 19 Double 0 0 ,First,#,C:\Users\CHAMBERSRJ\Desktop\TwpCorp_Union.shp,SHAPE_AREA,-1,-1;SHAPE_LEN_1 "SHAPE_LEN_1" true true false 19 Double 0 0 ,First,#,C:\Users\CHAMBERSRJ\Desktop\TwpCorp_Union.shp,SHAPE_LEN,-1,-1;FID_BCEO_T "FID_BCEO_T" true true false 9 Long 0 9 ,First,#,C:\Users\CHAMBERSRJ\Desktop\TwpCorp_Union.shp,FID_BCEO_T,-1,-1;NAME_1 "NAME_1" true true false 50 Text 0 0 ,First,#,C:\Users\CHAMBERSRJ\Desktop\TwpCorp_Union.shp,NAME_1,-1,-1;INCORPORAT "INCORPORAT" true true false 50 Text 0 0 ,First,#,C:\Users\CHAMBERSRJ\Desktop\TwpCorp_Union.shp,INCORPORAT,-1,-1;TOWN "TOWN" true true false 5 Long 0 5 ,First,#,C:\Users\CHAMBERSRJ\Desktop\TwpCorp_Union.shp,TOWN,-1,-1;RANGE "RANGE" true true false 5 Long 0 5 ,First,#,C:\Users\CHAMBERSRJ\Desktop\TwpCorp_Union.shp,RANGE,-1,-1;SHAPE_AR_1 "SHAPE_AR_1" true true false 19 Double 0 0 ,First,#,C:\Users\CHAMBERSRJ\Desktop\TwpCorp_Union.shp,SHAPE_AR_1,-1,-1;SHAPE_LE_1 "SHAPE_LE_1" true true false 19 Double 0 0 ,First,#,C:\Users\CHAMBERSRJ\Desktop\TwpCorp_Union.shp,SHAPE_LE_1,-1,-1" HAVE_THEIR_CENTER_IN # #</Process><Process ToolSource="c:\program files (x86)\arcgis\desktop10.1\ArcToolbox\Toolboxes\Analysis Tools.tbx\Select" Date="20130520" Time="151007">Select Precinct2010Corp1 C:\Users\CHAMBERSRJ\Desktop\Precinct2010Corp1Sel4.shp ""NAME" = 'City of Fairfield' OR "NAME" = 'City of Middletown' OR "NAME" = 'College Corner' OR "NAME" = 'Fairfield' OR "NAME" = 'Hanover' OR "NAME" = 'Lemon' OR "NAME" = 'Millville' OR "NAME" = 'Monroe' OR "NAME" = 'Morgan' OR "NAME" = 'Oxford' OR "NAME" = 'Oxford Corp.' OR "NAME" = 'Reily' OR "NAME" = 'Ross'"</Process><Process ToolSource="c:\program files (x86)\arcgis\desktop10.1\ArcToolbox\Toolboxes\Analysis Tools.tbx\Update" Date="20130520" Time="151657">Update Precinct2010Corp1Sel4 Precinct2013R1Corp1Sel2 C:\Users\CHAMBERSRJ\Desktop\Precinct2013R2upd1.shp BORDERS #</Process></lineage><itemProps><itemName Sync="TRUE">Precinct2013R2upd1</itemName><imsContentType Sync="TRUE">002</imsContentType><itemSize Sync="TRUE">0.000</itemSize><itemLocation><linkage Sync="TRUE">file://\\NEW2011\REDISTRICTING WORK FILES\MAX Files\BUT_PREC</linkage><protocol Sync="TRUE">Local Area Network</protocol></itemLocation></itemProps><coordRef><type Sync="TRUE">Projected</type><geogcsn Sync="TRUE">GCS_North_American_1983</geogcsn><csUnits Sync="TRUE">Linear Unit: Foot_US (0.304801)</csUnits><projcsn Sync="TRUE">NAD_1983_StatePlane_Ohio_South_FIPS_3402_Feet</projcsn><peXml Sync="TRUE">&lt;ProjectedCoordinateSystem xsi:type='typens:ProjectedCoordinateSystem' xmlns:xsi='http://www.w3.org/2001/XMLSchema-instance' xmlns:xs='http://www.w3.org/2001/XMLSchema' xmlns:typens='http://www.esri.com/schemas/ArcGIS/10.1'&gt;&lt;WKT&gt;PROJCS[&amp;quot;NAD_1983_StatePlane_Ohio_South_FIPS_3402_Feet&amp;quot;,GEOGCS[&amp;quot;GCS_North_American_1983&amp;quot;,DATUM[&amp;quot;D_North_American_1983&amp;quot;,SPHEROID[&amp;quot;GRS_1980&amp;quot;,6378137.0,298.257222101]],PRIMEM[&amp;quot;Greenwich&amp;quot;,0.0],UNIT[&amp;quot;Degree&amp;quot;,0.0174532925199433]],PROJECTION[&amp;quot;Lambert_Conformal_Conic&amp;quot;],PARAMETER[&amp;quot;False_Easting&amp;quot;,1968500.0],PARAMETER[&amp;quot;False_Northing&amp;quot;,0.0],PARAMETER[&amp;quot;Central_Meridian&amp;quot;,-82.5],PARAMETER[&amp;quot;Standard_Parallel_1&amp;quot;,38.73333333333333],PARAMETER[&amp;quot;Standard_Parallel_2&amp;quot;,40.03333333333333],PARAMETER[&amp;quot;Latitude_Of_Origin&amp;quot;,38.0],UNIT[&amp;quot;Foot_US&amp;quot;,0.3048006096012192],AUTHORITY[&amp;quot;EPSG&amp;quot;,3735]]&lt;/WKT&gt;&lt;XOrigin&gt;-119670700&lt;/XOrigin&gt;&lt;YOrigin&gt;-95612900&lt;/YOrigin&gt;&lt;XYScale&gt;37024245.698512442&lt;/XYScale&gt;&lt;ZOrigin&gt;-100000&lt;/ZOrigin&gt;&lt;ZScale&gt;10000&lt;/ZScale&gt;&lt;MOrigin&gt;-100000&lt;/MOrigin&gt;&lt;MScale&gt;10000&lt;/MScale&gt;&lt;XYTolerance&gt;0.0032808333333333331&lt;/XYTolerance&gt;&lt;ZTolerance&gt;0.001&lt;/ZTolerance&gt;&lt;MTolerance&gt;0.001&lt;/MTolerance&gt;&lt;HighPrecision&gt;true&lt;/HighPrecision&gt;&lt;WKID&gt;102723&lt;/WKID&gt;&lt;LatestWKID&gt;3735&lt;/LatestWKID&gt;&lt;/ProjectedCoordinateSystem&gt;</peXml></coordRef><copyHistory><copy source="G:\REDISTRICTING WORK FILES\Butler_017\BUT_PREC\BUT_PREC" dest="\\NEW2011\REDISTRICTING WORK FILES\MAX Files\BUT_PREC" date="20170420" time="13245000"></copy></copyHistory></DataProperties><SyncDate>20130520</SyncDate><SyncTime>15165600</SyncTime><ModDate>20130520</ModDate><ModTime>15165600</ModTime><ArcGISFormat>1.0</ArcGISFormat><ArcGISstyle>XTools Pro Metadata</ArcGISstyle></Esri><idinfo><native Sync="TRUE">Microsoft Windows XP Version 5.1 (Build 2600) Service Pack 3; ESRI ArcCatalog 9.1.0.780</native><descript><langdata Sync="TRUE">en</langdata><abstract>REQUIRED: A brief narrative summary of the data set.</abstract><purpose>REQUIRED: A summary of the intentions with which the data set was developed.</purpose></descript><citation><citeinfo><origin>REQUIRED: The name of an organization or individual that developed the data set.</origin><pubdate>REQUIRED: The date when the data set is published or otherwise made available for release.</pubdate><title Sync="TRUE">SDE.BOEPRECINCTPOLYGONS2009</title><ftname Sync="TRUE">SDE.BOEPRECINCTPOLYGONS2009</ftname><geoform Sync="TRUE">vector digital data</geoform><onlink Sync="TRUE">Server=NEWYORK; Service=sde:oracle10g:/;LOCAL=GISTEST; User=sde; Version=SDE.DEFAULT</onlink></citeinfo></citation><timeperd><current>REQUIRED: The basis on which the time period of content information is determined.</current><timeinfo><sngdate><caldate>REQUIRED: The year (and optionally month, or month and day) for which the data set corresponds to the ground.</caldate></sngdate></timeinfo></timeperd><status><progress>REQUIRED: The state of the data set.</progress><update>REQUIRED: The frequency with which changes and additions are made to the data set after the initial data set is completed.</update></status><spdom><bounding><westbc Sync="TRUE">REQUIRED: Western-most coordinate of the limit of coverage expressed in longitude.</westbc><eastbc Sync="TRUE">REQUIRED: Eastern-most coordinate of the limit of coverage expressed in longitude.</eastbc><northbc Sync="TRUE">REQUIRED: Northern-most coordinate of the limit of coverage expressed in latitude.</northbc><southbc Sync="TRUE">REQUIRED: Southern-most coordinate of the limit of coverage expressed in latitude.</southbc></bounding></spdom><keywords><theme><themekt>REQUIRED: Reference to a formally registered thesaurus or a similar authoritative source of theme keywords.</themekt><themekey>REQUIRED: Common-use word or phrase used to describe the subject of the data set.</themekey></theme></keywords><accconst>REQUIRED: Restrictions and legal prerequisites for accessing the data set.</accconst><useconst>REQUIRED: Restrictions and legal prerequisites for using the data set after access is granted.</useconst><natvform Sync="TRUE">SDE Feature Class</natvform></idinfo><dataIdInfo><envirDesc Sync="TRUE">Microsoft Windows 7 Version 6.1 (Build 7601) Service Pack 1; Esri ArcGIS 10.1.0.3035</envirDesc><dataLang><languageCode Sync="TRUE" value="eng"></languageCode><countryCode value="USA" Sync="TRUE"></countryCode></dataLang><idCitation><resTitle Sync="TRUE">Precinct2013R2upd1</resTitle><presForm><PresFormCd Sync="TRUE" value="005"></PresFormCd></presForm></idCitation><spatRpType><SpatRepTypCd Sync="TRUE" value="001"></SpatRepTypCd></spatRpType></dataIdInfo><metainfo><langmeta Sync="TRUE">en</langmeta><metstdn Sync="TRUE">FGDC Content Standards for Digital Geospatial Metadata</metstdn><metstdv Sync="TRUE">FGDC-STD-001-1998</metstdv><mettc Sync="TRUE">local time</mettc><metc><cntinfo><cntorgp><cntper>REQUIRED: The person responsible for the metadata information.</cntper><cntorg>REQUIRED: The organization responsible for the metadata information.</cntorg></cntorgp><cntaddr><addrtype>REQUIRED: The mailing and/or physical address for the organization or individual.</addrtype><city>REQUIRED: The city of the address.</city><state>REQUIRED: The state or province of the address.</state><postal>REQUIRED: The ZIP or other postal code of the address.</postal></cntaddr><cntvoice>REQUIRED: The telephone number by which individuals can speak to the organization or individual.</cntvoice></cntinfo></metc><metd Sync="TRUE">20090729</metd></metainfo><mdLang><languageCode Sync="TRUE" value="eng"></languageCode><countryCode value="USA" Sync="TRUE"></countryCode></mdLang><mdStanName Sync="TRUE">ISO 19115 Geographic Information - Metadata</mdStanName><mdStanVer Sync="TRUE">DIS_ESRI1.0</mdStanVer><mdChar><CharSetCd Sync="TRUE" value="004"></CharSetCd></mdChar><mdHrLv><ScopeCd Sync="TRUE" value="005"></ScopeCd></mdHrLv><mdHrLvName Sync="TRUE">dataset</mdHrLvName><distinfo><resdesc Sync="TRUE">Downloadable Data</resdesc></distinfo><distInfo><distributor><distorTran><onLineSrc><orDesc Sync="TRUE">002</orDesc><linkage Sync="TRUE">Server=NEWYORK; Service=sde:oracle10g:/;LOCAL=GISTEST; User=sde; Version=SDE.DEFAULT</linkage><protocol Sync="TRUE">ArcSDE Connection</protocol></onLineSrc></distorTran><distorFormat><formatName Sync="TRUE">SDE Feature Class</formatName></distorFormat></distributor><distFormat><formatName Sync="TRUE">Shapefile</formatName></distFormat><distTranOps><transSize Sync="TRUE">0.000</transSize></distTranOps></distInfo><spdoinfo><direct Sync="TRUE">Vector</direct><ptvctinf><esriterm Name="Precinct2013R2upd1"><efeatyp Sync="TRUE">Simple</efeatyp><efeageom code="4" Sync="TRUE"></efeageom><esritopo Sync="TRUE">FALSE</esritopo><efeacnt Sync="TRUE">0</efeacnt><spindex Sync="TRUE">FALSE</spindex><linrefer Sync="TRUE">FALSE</linrefer></esriterm></ptvctinf></spdoinfo><spref><horizsys><cordsysn><geogcsn Sync="TRUE">GCS_North_American_1983</geogcsn><projcsn Sync="TRUE">NAD_1983_StatePlane_Ohio_South_FIPS_3402_Feet</projcsn></cordsysn><planar><planci><plance Sync="TRUE">coordinate pair</plance><plandu Sync="TRUE">survey feet</plandu><coordrep><absres Sync="TRUE">0.000256</absres><ordres Sync="TRUE">0.000256</ordres></coordrep></planci></planar><geodetic><horizdn Sync="TRUE">North American Datum of 1983</horizdn><ellips Sync="TRUE">Geodetic Reference System 80</ellips><semiaxis Sync="TRUE">6378137.000000</semiaxis><denflat Sync="TRUE">298.257222</denflat></geodetic></horizsys><vertdef><altsys><altenc Sync="TRUE">Explicit elevation coordinate included with horizontal coordinates</altenc><altres Sync="TRUE">1.000000</altres></altsys></vertdef></spref><refSysInfo><RefSystem><refSysID><identCode Sync="TRUE" value="3735">NAD_1983_StatePlane_Ohio_South_FIPS_3402_Feet</identCode><idCodeSpace Sync="TRUE">EPSG</idCodeSpace><idVersion Sync="TRUE">7.9.4</idVersion></refSysID></RefSystem></refSysInfo><spatRepInfo><VectSpatRep><geometObjs Name="Precinct2013R2upd1"><geoObjTyp><GeoObjTypCd value="002" Sync="TRUE"></GeoObjTypCd></geoObjTyp><geoObjCnt Sync="TRUE">0</geoObjCnt></geometObjs><topLvl><TopoLevCd value="001" Sync="TRUE"></TopoLevCd></topLvl></VectSpatRep></spatRepInfo><eainfo><detailed Name="Precinct2013R2upd1"><enttyp><enttypl Sync="TRUE">Precinct2013R2upd1</enttypl><enttypt Sync="TRUE">Feature Class</enttypt><enttypc Sync="TRUE">0</enttypc></enttyp><attr><attrlabl Sync="TRUE">FID</attrlabl><attalias Sync="TRUE">FID</attalias><attrtype Sync="TRUE">OID</attrtype><attwidth Sync="TRUE">4</attwidth><atprecis Sync="TRUE">0</atprecis><attscale Sync="TRUE">0</attscale><attrdef Sync="TRUE">Internal feature number.</attrdef><attrdefs Sync="TRUE">Esri</attrdefs><attrdomv><udom Sync="TRUE">Sequential unique whole numbers that are automatically generated.</udom></attrdomv></attr><attr><attrlabl Sync="TRUE">NEW_PREC_N</attrlabl><attalias Sync="TRUE">NEW_PREC_N</attalias><attrtype Sync="TRUE">String</attrtype><attwidth Sync="TRUE">50</attwidth><atprecis Sync="TRUE">0</atprecis><attscale Sync="TRUE">0</attscale></attr><attr><attrlabl Sync="TRUE">Join_Count</attrlabl><attalias Sync="TRUE">Join_Count</attalias><attrtype Sync="TRUE">Integer</attrtype><attwidth Sync="TRUE">9</attwidth><atprecis Sync="TRUE">9</atprecis><attscale Sync="TRUE">0</attscale></attr><attr><attrlabl Sync="TRUE">TARGET_FID</attrlabl><attalias Sync="TRUE">TARGET_FID</attalias><attrtype Sync="TRUE">Integer</attrtype><attwidth Sync="TRUE">9</attwidth><atprecis Sync="TRUE">9</atprecis><attscale Sync="TRUE">0</attscale></attr><attr><attrlabl Sync="TRUE">SDE_PREC_1</attrlabl><attalias Sync="TRUE">SDE_PREC_1</attalias><attrtype Sync="TRUE">Double</attrtype><attwidth Sync="TRUE">19</attwidth><atprecis Sync="TRUE">18</atprecis><attscale Sync="TRUE">5</attscale></attr><attr><attrlabl Sync="TRUE">PERIMETE_1</attrlabl><attalias Sync="TRUE">PERIMETE_1</attalias><attrtype Sync="TRUE">Double</attrtype><attwidth Sync="TRUE">19</attwidth><atprecis Sync="TRUE">18</atprecis><attscale Sync="TRUE">5</attscale></attr><attr><attrlabl Sync="TRUE">BUT017PC1</attrlabl><attalias Sync="TRUE">BUT017PC1</attalias><attrtype Sync="TRUE">Double</attrtype><attwidth Sync="TRUE">11</attwidth><atprecis Sync="TRUE">11</atprecis><attscale Sync="TRUE">0</attscale></attr><attr><attrlabl Sync="TRUE">BUT017PC_1</attrlabl><attalias Sync="TRUE">BUT017PC_1</attalias><attrtype Sync="TRUE">Double</attrtype><attwidth Sync="TRUE">11</attwidth><atprecis Sync="TRUE">11</atprecis><attscale Sync="TRUE">0</attscale></attr><attr><attrlabl Sync="TRUE">WARD_1</attrlabl><attalias Sync="TRUE">WARD_1</attalias><attrtype Sync="TRUE">String</attrtype><attwidth Sync="TRUE">25</attwidth><atprecis Sync="TRUE">0</atprecis><attscale Sync="TRUE">0</attscale></attr><attr><attrlabl Sync="TRUE">STATEP_1</attrlabl><attalias Sync="TRUE">STATEP_1</attalias><attrtype Sync="TRUE">String</attrtype><attwidth Sync="TRUE">3</attwidth><atprecis Sync="TRUE">0</atprecis><attscale Sync="TRUE">0</attscale></attr><attr><attrlabl Sync="TRUE">PRECNUM_1</attrlabl><attalias Sync="TRUE">PRECNUM_1</attalias><attrtype Sync="TRUE">Integer</attrtype><attwidth Sync="TRUE">6</attwidth><atprecis Sync="TRUE">6</atprecis><attscale Sync="TRUE">0</attscale></attr><attr><attrlabl Sync="TRUE">ID_1</attrlabl><attalias Sync="TRUE">ID_1</attalias><attrtype Sync="TRUE">Double</attrtype><attwidth Sync="TRUE">11</attwidth><atprecis Sync="TRUE">11</atprecis><attscale Sync="TRUE">0</attscale></attr><attr><attrlabl Sync="TRUE">TOTVOTER_1</attrlabl><attalias Sync="TRUE">TOTVOTER_1</attalias><attrtype Sync="TRUE">Integer</attrtype><attwidth Sync="TRUE">6</attwidth><atprecis Sync="TRUE">6</atprecis><attscale Sync="TRUE">0</attscale></attr><attr><attrlabl Sync="TRUE">FULLNAM2_1</attrlabl><attalias Sync="TRUE">FULLNAM2_1</attalias><attrtype Sync="TRUE">String</attrtype><attwidth Sync="TRUE">50</attwidth><atprecis Sync="TRUE">0</atprecis><attscale Sync="TRUE">0</attscale></attr><attr><attrlabl Sync="TRUE">SATLOC_1</attrlabl><attalias Sync="TRUE">SATLOC_1</attalias><attrtype Sync="TRUE">Double</attrtype><attwidth Sync="TRUE">16</attwidth><atprecis Sync="TRUE">16</atprecis><attscale Sync="TRUE">0</attscale></attr><attr><attrlabl Sync="TRUE">SCD_1</attrlabl><attalias Sync="TRUE">SCD_1</attalias><attrtype Sync="TRUE">SmallInteger</attrtype><attwidth Sync="TRUE">2</attwidth><atprecis Sync="TRUE">2</atprecis><attscale Sync="TRUE">0</attscale></attr><attr><attrlabl Sync="TRUE">Z002SCD_1</attrlabl><attalias Sync="TRUE">Z002SCD_1</attalias><attrtype Sync="TRUE">SmallInteger</attrtype><attwidth Sync="TRUE">4</attwidth><atprecis Sync="TRUE">4</atprecis><attscale Sync="TRUE">0</attscale></attr><attr><attrlabl Sync="TRUE">DUPS</attrlabl><attalias Sync="TRUE">DUPS</attalias><attrtype Sync="TRUE">SmallInteger</attrtype><attwidth Sync="TRUE">4</attwidth><atprecis Sync="TRUE">4</atprecis><attscale Sync="TRUE">0</attscale></attr><attr><attrlabl Sync="TRUE">D_R</attrlabl><attalias Sync="TRUE">D_R</attalias><attrtype Sync="TRUE">String</attrtype><attwidth Sync="TRUE">15</attwidth><atprecis Sync="TRUE">0</atprecis><attscale Sync="TRUE">0</attscale></attr><attr><attrlabl Sync="TRUE">STATECODE</attrlabl><attalias Sync="TRUE">STATECODE</attalias><attrtype Sync="TRUE">String</attrtype><attwidth Sync="TRUE">3</attwidth><atprecis Sync="TRUE">0</atprecis><attscale Sync="TRUE">0</attscale></attr><attr><attrlabl Sync="TRUE">SHAPE</attrlabl><attalias Sync="TRUE">Shape</attalias><attrtype Sync="TRUE">Geometry</attrtype><attwidth Sync="TRUE">0</attwidth><atprecis Sync="TRUE">0</atprecis><attscale Sync="TRUE">0</attscale><attrdef Sync="TRUE">Feature geometry.</attrdef><attrdefs Sync="TRUE">ESRI</attrdefs><attrdomv><udom Sync="TRUE">Coordinates defining the features.</udom></attrdomv></attr><attr><attrlabl Sync="TRUE">SHAPE_AREA</attrlabl><attalias Sync="TRUE">SHAPE_AREA</attalias><attrtype Sync="TRUE">Double</attrtype><attwidth Sync="TRUE">19</attwidth><atprecis Sync="TRUE">0</atprecis><attscale Sync="TRUE">0</attscale><attrdef Sync="TRUE">Area of feature in internal units squared.</attrdef><attrdefs Sync="TRUE">Esri</attrdefs><attrdomv><udom Sync="TRUE">Positive real numbers that are automatically generated.</udom></attrdomv></attr><attr><attrlabl Sync="TRUE">SHAPE_LEN</attrlabl><attalias Sync="TRUE">SHAPE_LEN</attalias><attrtype Sync="TRUE">Double</attrtype><attwidth Sync="TRUE">19</attwidth><atprecis Sync="TRUE">0</atprecis><attscale Sync="TRUE">0</attscale></attr><attr><attrlabl Sync="TRUE">FID_BCEO_C</attrlabl><attalias Sync="TRUE">FID_BCEO_C</attalias><attrtype Sync="TRUE">Integer</attrtype><attwidth Sync="TRUE">9</attwidth><atprecis Sync="TRUE">9</atprecis><attscale Sync="TRUE">0</attscale></attr><attr><attrlabl Sync="TRUE">OBJECTID_1</attrlabl><attalias Sync="TRUE">OBJECTID_1</attalias><attrtype Sync="TRUE">Double</attrtype><attwidth Sync="TRUE">19</attwidth><atprecis Sync="TRUE">18</atprecis><attscale Sync="TRUE">8</attscale></attr><attr><attrlabl Sync="TRUE">NAME</attrlabl><attalias Sync="TRUE">NAME</attalias><attrtype Sync="TRUE">String</attrtype><attwidth Sync="TRUE">50</attwidth><atprecis Sync="TRUE">0</atprecis><attscale Sync="TRUE">0</attscale></attr><attr><attrlabl Sync="TRUE">SHAPE_AR_1</attrlabl><attalias Sync="TRUE">SHAPE_AR_1</attalias><attrtype Sync="TRUE">Double</attrtype><attwidth Sync="TRUE">19</attwidth><atprecis Sync="TRUE">0</atprecis><attscale Sync="TRUE">0</attscale></attr><attr><attrlabl Sync="TRUE">SHAPE_LEN_</attrlabl><attalias Sync="TRUE">SHAPE_LEN_</attalias><attrtype Sync="TRUE">Double</attrtype><attwidth Sync="TRUE">19</attwidth><atprecis Sync="TRUE">0</atprecis><attscale Sync="TRUE">0</attscale></attr><attr><attrlabl Sync="TRUE">FID_BCEO_T</attrlabl><attalias Sync="TRUE">FID_BCEO_T</attalias><attrtype Sync="TRUE">Integer</attrtype><attwidth Sync="TRUE">9</attwidth><atprecis Sync="TRUE">9</atprecis><attscale Sync="TRUE">0</attscale></attr><attr><attrlabl Sync="TRUE">NAME_1</attrlabl><attalias Sync="TRUE">NAME_1</attalias><attrtype Sync="TRUE">String</attrtype><attwidth Sync="TRUE">50</attwidth><atprecis Sync="TRUE">0</atprecis><attscale Sync="TRUE">0</attscale></attr><attr><attrlabl Sync="TRUE">INCORPORAT</attrlabl><attalias Sync="TRUE">INCORPORAT</attalias><attrtype Sync="TRUE">String</attrtype><attwidth Sync="TRUE">50</attwidth><atprecis Sync="TRUE">0</atprecis><attscale Sync="TRUE">0</attscale></attr><attr><attrlabl Sync="TRUE">TOWN</attrlabl><attalias Sync="TRUE">TOWN</attalias><attrtype Sync="TRUE">Integer</attrtype><attwidth Sync="TRUE">5</attwidth><atprecis Sync="TRUE">5</atprecis><attscale Sync="TRUE">0</attscale></attr><attr><attrlabl Sync="TRUE">RANGE</attrlabl><attalias Sync="TRUE">RANGE</attalias><attrtype Sync="TRUE">Integer</attrtype><attwidth Sync="TRUE">5</attwidth><atprecis Sync="TRUE">5</atprecis><attscale Sync="TRUE">0</attscale></attr><attr><attrlabl Sync="TRUE">SHAPE_AR_2</attrlabl><attalias Sync="TRUE">SHAPE_AR_2</attalias><attrtype Sync="TRUE">Double</attrtype><attwidth Sync="TRUE">19</attwidth><atprecis Sync="TRUE">0</atprecis><attscale Sync="TRUE">0</attscale></attr><attr><attrlabl Sync="TRUE">SHAPE_LE_1</attrlabl><attalias Sync="TRUE">SHAPE_LE_1</attalias><attrtype Sync="TRUE">Double</attrtype><attwidth Sync="TRUE">19</attwidth><atprecis Sync="TRUE">0</atprecis><attscale Sync="TRUE">0</attscale></attr></detailed></eainfo><mdDateSt Sync="TRUE">20130520</mdDateSt><dataqual><lineage><procstep><procdesc Sync="TRUE">Dataset copied.</procdesc><srcused Sync="TRUE">Server=NEWYORK; Service=sde:oracle10g:/;LOCAL=GISTEST; User=sde; Version=SDE.DEFAULT</srcused><procdate Sync="TRUE">20100820</procdate><proctime Sync="TRUE">10205800</proctime></procstep></lineage></dataqual></metadata>
