<?xml version="1.0" encoding="UTF-8"?>
<metadata>
	<idinfo>
		<citation>
			<citeinfo>
				<origin>Minnesota Office of the Secretary of State</origin>
				<pubdate>12/28/2010</pubdate>
				<title>2010 General Election Results</title>
				<geoform>vector digital data</geoform>
				<ftname Sync="TRUE">elec2010</ftname><onlink Sync="TRUE">\\ELECT11\C\GIS\Data\Results\2010\General\elec2010.shp</onlink></citeinfo>
		</citation>
		<descript>
			<abstract>2010 General Election Results with 2010 Minnesota Precincts</abstract>
			<purpose>2010 General Election Results for the State of Minnesota, Federal and Statewide Legislative and Executive races</purpose>
			<langdata Sync="TRUE">en</langdata></descript>
		<timeperd>
			<timeinfo>
				<sngdate>
					<caldate>12/28/2010</caldate>
				</sngdate>
			</timeinfo>
			<current>publication date</current>
		</timeperd>
		<status>
			<progress>Complete</progress>
			<update>None planned</update>
		</status>
		<spdom>
			<bounding>
				<westbc>-97.269853</westbc>
				<eastbc>-89.397028</eastbc>
				<northbc>49.404414</northbc>
				<southbc>43.435244</southbc>
			</bounding>
			<lboundng><leftbc Sync="TRUE">189775.379950</leftbc><rightbc Sync="TRUE">761662.354535</rightbc><bottombc Sync="TRUE">4816289.746171</bottombc><topbc Sync="TRUE">5472414.143295</topbc></lboundng></spdom>
		<keywords>
			<theme>
				<themekt>REQUIRED: Reference to a formally registered thesaurus or a similar authoritative source of theme keywords.</themekt>
				<themekey>Precincts</themekey>
				<themekey>Vote Tabulation Districts</themekey>
				<themekey>Election Results</themekey>
			</theme>
			<place>
				<placekey>Minnesota</placekey>
			</place>
			<stratum>
				<stratkey>Elections</stratkey>
			</stratum>
			<temporal>
				<tempkey>2010</tempkey>
			</temporal>
		</keywords>
		<accconst>Public data</accconst>
		<useconst>Election results are those certified by the State Canvassing Board.  Election statistics are those certified by County Canvassing Boards and reported to the Office of the Secretary of State.  Precinct data is maintained by OSS as accurately as possible, but cannot assure 100% accuracy.  For definitive precinct lines, please contact the jurisdiction (city, township, or county for unorganized territory) in question.  To find polling places, use the Secretary of State's Polling Place Finder: http://pollfinder.sos.state.mn.us</useconst>
		<ptcontac>
			<cntinfo>
				<cntperp>
					<cntper>Brad Neuhauser</cntper>
					<cntorg>Office of the Minnesota Secretary of State</cntorg>
				</cntperp>
				<cntpos>GIS Specialist</cntpos>
				<cntaddr>
					<addrtype>mailing address</addrtype>
					<address>180 State Office Building</address>
					<city>Saint Paul</city>
					<state>MN</state>
					<postal>55155</postal>
					<country>United States</country>
					<address>55 Rev. Dr. Martin Luther King, Jr. Blvd.</address></cntaddr>
				<cntvoice>651-556-0648</cntvoice>
				<cntfax>651-296-9073</cntfax>
				<cntemail>brad.neuhauser@state.mn.us</cntemail>
				<hours>8:00 - 4:30</hours>
			</cntinfo>
		</ptcontac>
		<datacred>US Census Bureau, The Lawrence Group, The Office of the Minnesota Secretary of State</datacred>
		<native>Microsoft Windows XP Version 5.1 (Build 2600) Service Pack 2; ESRI ArcCatalog 9.2.6.1500</native>
		<natvform Sync="TRUE">Shapefile</natvform></idinfo>
	<dataqual>
		<attracc>
			<attraccr>Election attributes are those certified by State and County Canvassing Boards.</attraccr>
		</attracc>
		<logic>Precincts represented as interlocking, non overlapping multi-polygons covering the state of Minnesota.  Topology has not been checked, however, so some small slivers/overlaps may occur.</logic>
		<complete>Precinct boundaries are those as recorded by the Office of Secretary of State prior to the November 2, 2010 general election.  Continually updated as precinct boundaries are modified.</complete>
		<posacc>
			<horizpa>
				<horizpar>Changes to precinct data are recorded based on a variety of sources, including GIS files, legal descriptions, official maps, and hand-drawn maps.  No determination of spatial accuracy has been made.  County where precincts are drawn to follow Lawrence Group data are generally more spatially accurate.  Municipalities that have had no boundary changes since the 2000 redistricting cycle may still have 2002 TIGER boundaries.</horizpar>
			</horizpa>
		</posacc>
		<lineage>
			<srcinfo>
				<srctime>
					<srccurr>publication date</srccurr>
				</srctime>
			</srcinfo>
			<procstep>
			</procstep>
			<procstep><date Sync="TRUE">20101228</date><time Sync="TRUE">08595000</time></procstep></lineage>
	</dataqual>
	<spdoinfo>
		<direct>Vector</direct>
		<ptvctinf>
			<sdtsterm Name="elec2010">
				<sdtstype>G-polygon</sdtstype>
				<ptvctcnt>4168</ptvctcnt>
			</sdtsterm>
			<esriterm Name="elec2010"><efeatyp Sync="TRUE">Simple</efeatyp><efeageom Sync="TRUE">Polygon</efeageom><esritopo Sync="TRUE">FALSE</esritopo><efeacnt Sync="TRUE">4136</efeacnt><spindex Sync="TRUE">FALSE</spindex><linrefer Sync="TRUE">FALSE</linrefer></esriterm></ptvctinf>
	</spdoinfo>
	<spref>
		<horizsys>
			<planar>
				<planci>
					<plance>coordinate pair</plance>
					<coordrep>
						<absres>0.000000</absres>
						<ordres>0.000000</ordres>
					</coordrep>
					<plandu>meters</plandu>
				</planci>
				<gridsys><gridsysn Sync="TRUE">Universal Transverse Mercator</gridsysn><utm><utmzone Sync="TRUE">15</utmzone><transmer><sfctrmer Sync="TRUE">0.999600</sfctrmer><longcm Sync="TRUE">-93.000000</longcm><latprjo Sync="TRUE">0.000000</latprjo><feast Sync="TRUE">500000.000000</feast><fnorth Sync="TRUE">0.000000</fnorth></transmer></utm></gridsys></planar>
			<geodetic>
				<horizdn>North American Datum of 1983</horizdn>
				<ellips>Geodetic Reference System 80</ellips>
				<semiaxis>6378137.000000</semiaxis>
				<denflat>298.257222</denflat>
			</geodetic>
			<cordsysn><geogcsn Sync="TRUE">GCS_North_American_1983</geogcsn><projcsn Sync="TRUE">NAD_1983_UTM_Zone_15N</projcsn></cordsysn></horizsys>
		<vertdef>
			<altsys>
				<altres>0.000010</altres>
				<altenc>Explicit elevation coordinate included with horizontal coordinates</altenc>
			</altsys>
		</vertdef>
	</spref>
	<eainfo>
		<detailed Name="elec2010">
			<enttyp>
				<enttypl>elec2010</enttypl>
				<enttypd>2010 General Election Results</enttypd>
				<enttypt Sync="TRUE">Feature Class</enttypt><enttypc Sync="TRUE">4136</enttypc></enttyp>
			<attr>
				<attrlabl>Shape</attrlabl>
				<attrdef>Feature geometry.</attrdef>
				<attrdefs>ESRI</attrdefs>
				<attrdomv>
					<udom>Coordinates defining the features.</udom>
				</attrdomv>
			</attr>
			<attr>
				<attrlabl>DISTRICT</attrlabl>
				<attrdef>Combined county fips and precinct code</attrdef>
			</attr>
			<attr>
				<attrlabl>Precinct_N</attrlabl>
				<attrtype Sync="TRUE">String</attrtype><attwidth Sync="TRUE">254</attwidth><attrdef>Precinct Code used by the county</attrdef></attr>
			<attr>
				<attrlabl>Number_</attrlabl>
				<attrdef>Combined county FIPS and precinct code</attrdef>
				<attrtype Sync="TRUE">Number</attrtype><attwidth Sync="TRUE">9</attwidth></attr>
			<attr>
				<attrlabl>Precinct</attrlabl>
				<attrdef>Precinct standard name</attrdef>
				<attrtype Sync="TRUE">String</attrtype><attwidth Sync="TRUE">254</attwidth></attr>
			<attr>
				<attrlabl>MCD</attrlabl>
				<attrdef>Minor Civil Division name</attrdef>
				<attrtype Sync="TRUE">String</attrtype><attwidth Sync="TRUE">254</attwidth><attrdefs>Usually but not always aligns with Census MCD</attrdefs></attr>
			<attr>
				<attrlabl>LongLabel</attrlabl>
				<attrdef>Full precinct name for labeling purposes</attrdef>
				<attrtype Sync="TRUE">String</attrtype><attwidth Sync="TRUE">254</attwidth></attr>
			<attr>
				<attrlabl>LEG</attrlabl>
				<attrdef>Legislative district</attrdef>
				<attrtype Sync="TRUE">String</attrtype><attwidth Sync="TRUE">254</attwidth></attr>
			<attr>
				<attrlabl>CNG</attrlabl>
				<attrdef>Congressional district</attrdef>
				<attrtype Sync="TRUE">String</attrtype><attwidth Sync="TRUE">30</attwidth></attr>
			<attr>
				<attrlabl>COM</attrlabl>
				<attrdef>County Commissioner district</attrdef>
				<attrtype Sync="TRUE">String</attrtype><attwidth Sync="TRUE">5</attwidth></attr>
			<attr>
				<attrlabl>FID</attrlabl>
				<attrdef>Internal feature number.</attrdef>
				<attrdefs>ESRI</attrdefs>
				<attrdomv>
					<udom>Sequential unique whole numbers that are automatically generated.</udom>
				</attrdomv>
				<attrtype Sync="TRUE">Number</attrtype><attwidth Sync="TRUE">4</attwidth></attr>
			<attr>
				<attrlabl>VR_MCD</attrlabl>
				<attrdef>Minor Civil Division code</attrdef>
				<attrtype Sync="TRUE">Number</attrtype><attwidth Sync="TRUE">4</attwidth><attrdefs>Usually but not always aligns with Census MCD</attrdefs></attr>
			<attr>
				<attrlabl>Shape_Leng</attrlabl>
				<attrtype Sync="TRUE">Number</attrtype><attwidth Sync="TRUE">4</attwidth></attr>
			<attr>
				<attrlabl>WD</attrlabl>
				<attrdef>City Ward (if applicable)</attrdef>
				<attrtype Sync="TRUE">Number</attrtype><attwidth Sync="TRUE">4</attwidth></attr>
			<attr>
				<attrlabl>7AM</attrlabl>
				<attrdef>Voters Registered as of 7 AM election day.</attrdef>
				<attrtype Sync="TRUE">Number</attrtype><attwidth Sync="TRUE">4</attwidth></attr>
			<attr>
				<attrlabl>EDR</attrlabl>
				<attrdef>Voters Registered on Election Day</attrdef>
				<attrtype Sync="TRUE">Number</attrtype><attwidth Sync="TRUE">9</attwidth></attr>
			<attr>
				<attrlabl>SIGNATURES</attrlabl>
				<attrdef>Signatures on the Polling Place Roster on Election Day</attrdef>
				<attrtype Sync="TRUE">Number</attrtype><attwidth Sync="TRUE">9</attwidth></attr>
			<attr>
				<attrlabl>FEDAB</attrlabl>
				<attrdef>Federal-only Absentee Ballots</attrdef>
				<attrtype Sync="TRUE">Float</attrtype><attwidth Sync="TRUE">19</attwidth><atnumdec Sync="TRUE">11</atnumdec></attr>
			<attr>
				<attrlabl>PRESAB</attrlabl>
				<attrdef>Presidential-only Absentee Ballots</attrdef>
				<attrtype Sync="TRUE">Float</attrtype><attwidth Sync="TRUE">19</attwidth><atnumdec Sync="TRUE">11</atnumdec></attr>
			<attr>
				<attrlabl>VSCODE</attrlabl>
				<attrdef>Voting System Code (same as VOTINGSYS)</attrdef>
				<attrdomv>
					<edom>
						<edomv>1</edomv>
						<edomvd>Central Count</edomvd>
					</edom>
				</attrdomv>
				<attrdomv>
					<edom>
						<edomv>2</edomv>
						<edomvd>Precinct Tabulator</edomvd>
					</edom>
				</attrdomv>
				<attrdomv>
					<edom>
						<edomv>3</edomv>
						<edomvd>Hand Count</edomvd>
					</edom>
				</attrdomv>
				<attrtype Sync="TRUE">String</attrtype><attwidth Sync="TRUE">3</attwidth></attr>
			<attr>
				<attrlabl>CONGIP</attrlabl>
				<attrdef>US Representative Independence Party candidate votes</attrdef>
				<attrtype Sync="TRUE">Number</attrtype><attwidth Sync="TRUE">11</attwidth></attr>
			<attr>
				<attrlabl>CONGR</attrlabl>
				<attrdef>US Representative Republican Party candidate votes</attrdef>
				<attrtype Sync="TRUE">String</attrtype><attwidth Sync="TRUE">21</attwidth></attr>
			<attr>
				<attrlabl>CONGDFL</attrlabl>
				<attrdef>US Representative Democratic-Farmer-Labor Party candidate votes</attrdef>
				<attrtype Sync="TRUE">Number</attrtype><attwidth Sync="TRUE">14</attwidth></attr>
			<attr>
				<attrlabl>CONGWI</attrlabl>
				<attrdef>US Representative Write-in candidate votes--includes registered and non-registered write-ins</attrdef>
				<attrtype Sync="TRUE">String</attrtype><attwidth Sync="TRUE">22</attwidth></attr>
			<attr>
				<attrlabl>CONGTOT</attrlabl>
				<attrdef>US Representative total votes</attrdef>
				<attrtype Sync="TRUE">String</attrtype><attwidth Sync="TRUE">19</attwidth></attr>
			<attr>
				<attrlabl>MNSENR</attrlabl>
				<attrdef>MN Senator Republican Party candidate votes</attrdef>
				<attrtype Sync="TRUE">Number</attrtype><attwidth Sync="TRUE">5</attwidth></attr>
			<attr>
				<attrlabl>MNSENDFL</attrlabl>
				<attrdef>MN Senator Democratic-Farmer-Labor Party candidate votes</attrdef>
				<attrtype Sync="TRUE">Number</attrtype><attwidth Sync="TRUE">5</attwidth></attr>
			<attr>
				<attrlabl>MNSENWI</attrlabl>
				<attrdef>MN Senator Write-in candidate votes--includes registered and non-registered write-ins</attrdef>
				<attrtype Sync="TRUE">Number</attrtype><attwidth Sync="TRUE">13</attwidth></attr>
			<attr>
				<attrlabl>MNSENTOT</attrlabl>
				<attrdef>MN Senator total votes</attrdef>
				<attrtype Sync="TRUE">Number</attrtype><attwidth Sync="TRUE">7</attwidth></attr>
			<attr>
				<attrlabl>MNLEGIP</attrlabl>
				<attrdef>MN Representative Independence Party candidate votes</attrdef>
				<attrtype Sync="TRUE">Number</attrtype><attwidth Sync="TRUE">7</attwidth></attr>
			<attr>
				<attrlabl>MNLEGR</attrlabl>
				<attrdef>MN Representative Republican Party candidate votes</attrdef>
				<attrtype Sync="TRUE">Number</attrtype><attwidth Sync="TRUE">8</attwidth></attr>
			<attr>
				<attrlabl>MNLEGDFL</attrlabl>
				<attrdef>MN Representative Democratic-Farmer-Labor Party candidate votes</attrdef>
				<attrtype Sync="TRUE">Number</attrtype><attwidth Sync="TRUE">14</attwidth></attr>
			<attr>
				<attrlabl>MNLEGWI</attrlabl>
				<attrdef>MN Representative Write-in candidate votes--includes registered and non-registered write-ins</attrdef>
				<attrtype Sync="TRUE">Number</attrtype><attwidth Sync="TRUE">10</attwidth></attr>
			<attr>
				<attrlabl>MNLEGTOT</attrlabl>
				<attrdef>MN Representative total votes</attrdef>
				<attrtype Sync="TRUE">Number</attrtype><attwidth Sync="TRUE">10</attwidth></attr>
			<attr><attrlabl Sync="TRUE">COUNTYCODE</attrlabl><attalias Sync="TRUE">COUNTYCODE</attalias><attrtype Sync="TRUE">Number</attrtype><attwidth Sync="TRUE">10</attwidth><attrdef>County ID Number</attrdef></attr><attr>
				<attrlabl>ShortLabel</attrlabl>
				<attrdef>Shortened precinct name for labeling purposes</attrdef>
				<attrtype Sync="TRUE">Number</attrtype><attwidth Sync="TRUE">10</attwidth></attr>
			<attr><attrlabl Sync="TRUE">COUNTY_NAM</attrlabl><attalias Sync="TRUE">COUNTY_NAM</attalias><attrtype Sync="TRUE">Number</attrtype><attwidth Sync="TRUE">10</attwidth><attrdef>County Name</attrdef></attr><attr>
				<attrlabl>County</attrlabl>
				<attrdef>County name</attrdef>
				<attrtype Sync="TRUE">Number</attrtype><attwidth Sync="TRUE">10</attwidth></attr>
			<attr><attrlabl Sync="TRUE">VOTINGSYST</attrlabl><attalias Sync="TRUE">VOTINGSYST</attalias><attrtype Sync="TRUE">Number</attrtype><attwidth Sync="TRUE">10</attwidth><attrdef>Voting System used for the precinct</attrdef></attr><attr>
				<attrlabl>SEN</attrlabl>
				<attrdef>State Senate district</attrdef>
				<attrtype Sync="TRUE">Number</attrtype><attwidth Sync="TRUE">10</attwidth></attr>
			<attr><attrlabl Sync="TRUE">EQUIPMODEL</attrlabl><attalias Sync="TRUE">EQUIPMODEL</attalias><attrtype Sync="TRUE">Number</attrtype><attwidth Sync="TRUE">10</attwidth><attrdef>Type of equipment used to count that precinct's votes</attrdef></attr><attr>
				<attrlabl>Shape_Area</attrlabl>
				<attrdef>Area of feature in internal units squared.</attrdef>
				<attrdefs>ESRI</attrdefs>
				<attrdomv>
					<udom>Positive real numbers that are automatically generated.</udom>
				</attrdomv>
				<attrtype Sync="TRUE">Number</attrtype><attwidth Sync="TRUE">10</attwidth></attr>
			<attr><attrlabl Sync="TRUE">REGAB</attrlabl><attalias Sync="TRUE">REGAB</attalias><attrtype Sync="TRUE">Number</attrtype><attwidth Sync="TRUE">10</attwidth><attrdef>Regular domestic and UOCAVA absentee ballots accepted</attrdef></attr><attr>
				<attrlabl>JUD</attrlabl>
				<attrdef>State judicial district</attrdef>
				<attrtype Sync="TRUE">Number</attrtype><attwidth Sync="TRUE">10</attwidth></attr>
			<attr><attrlabl Sync="TRUE">TOTALVOTER</attrlabl><attalias Sync="TRUE">TOTALVOTER</attalias><attrtype Sync="TRUE">Number</attrtype><attwidth Sync="TRUE">10</attwidth><attrdef>Total votes cast</attrdef></attr><attr>
				<attrlabl>CTU_Code</attrlabl>
				<attrdef>Municipality FIPS code</attrdef>
				<attrtype Sync="TRUE">Number</attrtype><attwidth Sync="TRUE">10</attwidth></attr>
			<attr><attrlabl Sync="TRUE">MNSENIP</attrlabl><attalias Sync="TRUE">MNSENIP</attalias><attrtype Sync="TRUE">Number</attrtype><attwidth Sync="TRUE">10</attwidth><attrdef>MN Senate Independence Party votes</attrdef></attr><attr><attrlabl Sync="TRUE">GOVIP</attrlabl><attalias Sync="TRUE">GOVIP</attalias><attrtype Sync="TRUE">Number</attrtype><attwidth Sync="TRUE">10</attwidth><attrdef>Governor Independence Party votes</attrdef></attr><attr><attrlabl Sync="TRUE">GOVR</attrlabl><attalias Sync="TRUE">GOVR</attalias><attrtype Sync="TRUE">Number</attrtype><attwidth Sync="TRUE">10</attwidth><attrdef>Governor Republican Party votes</attrdef></attr><attr><attrlabl Sync="TRUE">GOVDFL</attrlabl><attalias Sync="TRUE">GOVDFL</attalias><attrtype Sync="TRUE">Number</attrtype><attwidth Sync="TRUE">10</attwidth><attrdef>Governor Democratic-Farmer-Labor Party votes</attrdef></attr><attr><attrlabl Sync="TRUE">GOVGP</attrlabl><attalias Sync="TRUE">GOVGP</attalias><attrtype Sync="TRUE">Number</attrtype><attwidth Sync="TRUE">10</attwidth><attrdef>Governor Green Party votes</attrdef></attr><attr><attrlabl Sync="TRUE">GOVTRP</attrlabl><attalias Sync="TRUE">GOVTRP</attalias><attrtype Sync="TRUE">Number</attrtype><attwidth Sync="TRUE">10</attwidth><attrdef>Governor The Resource Party votes</attrdef></attr><attr><attrlabl Sync="TRUE">GOVGR</attrlabl><attalias Sync="TRUE">GOVGR</attalias><attrtype Sync="TRUE">Number</attrtype><attwidth Sync="TRUE">10</attwidth><attrdef>Governor Grassroots Party votes</attrdef></attr><attr><attrlabl Sync="TRUE">GOVEDP</attrlabl><attalias Sync="TRUE">GOVEDP</attalias><attrtype Sync="TRUE">Number</attrtype><attwidth Sync="TRUE">10</attwidth><attrdef>Governor Ecology Democracy Party votes</attrdef></attr><attr><attrlabl Sync="TRUE">GOVWI</attrlabl><attalias Sync="TRUE">GOVWI</attalias><attrtype Sync="TRUE">Number</attrtype><attwidth Sync="TRUE">10</attwidth><attrdef>Governor Write-in canddiate votes--includes registered and non-registered write-ins</attrdef></attr><attr><attrlabl Sync="TRUE">GOVTOT</attrlabl><attalias Sync="TRUE">GOVTOT</attalias><attrtype Sync="TRUE">Number</attrtype><attwidth Sync="TRUE">10</attwidth><attrdef>Governor total votes</attrdef></attr><attr><attrlabl Sync="TRUE">SOSIP</attrlabl><attalias Sync="TRUE">SOSIP</attalias><attrtype Sync="TRUE">Number</attrtype><attwidth Sync="TRUE">10</attwidth><attrdef>Secretary of State Independence Party votes</attrdef></attr><attr><attrlabl Sync="TRUE">SOSR</attrlabl><attalias Sync="TRUE">SOSR</attalias><attrtype Sync="TRUE">Number</attrtype><attwidth Sync="TRUE">10</attwidth><attrdef>Secretary of State Republican Party votes</attrdef></attr><attr><attrlabl Sync="TRUE">SOSDFL</attrlabl><attalias Sync="TRUE">SOSDFL</attalias><attrtype Sync="TRUE">Number</attrtype><attwidth Sync="TRUE">10</attwidth><attrdef>Secretary of State Democratic-Farmer-Labor Party votes</attrdef></attr><attr><attrlabl Sync="TRUE">SOSWI</attrlabl><attalias Sync="TRUE">SOSWI</attalias><attrtype Sync="TRUE">Number</attrtype><attwidth Sync="TRUE">10</attwidth><attrdef>Secretary of State Write-in candidate votes--includes registered and non-registered write-ins</attrdef></attr><attr><attrlabl Sync="TRUE">SOSTOT</attrlabl><attalias Sync="TRUE">SOSTOT</attalias><attrtype Sync="TRUE">Number</attrtype><attwidth Sync="TRUE">10</attwidth><attrdef>Secretary of State total votes</attrdef></attr><attr><attrlabl Sync="TRUE">STAUDR</attrlabl><attalias Sync="TRUE">STAUDR</attalias><attrtype Sync="TRUE">Number</attrtype><attwidth Sync="TRUE">10</attwidth><attrdef>State Auditor Republican Party votes</attrdef></attr><attr><attrlabl Sync="TRUE">STAUDDFL</attrlabl><attalias Sync="TRUE">STAUDDFL</attalias><attrtype Sync="TRUE">Number</attrtype><attwidth Sync="TRUE">10</attwidth><attrdef>State Auditor Democratic-Farmer-Labor Party votes</attrdef></attr><attr><attrlabl Sync="TRUE">STAUDGP</attrlabl><attalias Sync="TRUE">STAUDGP</attalias><attrtype Sync="TRUE">Number</attrtype><attwidth Sync="TRUE">10</attwidth><attrdef>State Auditor Green Party votes</attrdef></attr><attr><attrlabl Sync="TRUE">STAUDGR</attrlabl><attalias Sync="TRUE">STAUDGR</attalias><attrtype Sync="TRUE">Number</attrtype><attwidth Sync="TRUE">10</attwidth><attrdef>State Auditor Grassroots Party votes</attrdef></attr><attr><attrlabl Sync="TRUE">STAUDWI</attrlabl><attalias Sync="TRUE">STAUDWI</attalias><attrtype Sync="TRUE">Number</attrtype><attwidth Sync="TRUE">10</attwidth><attrdef>State Auditor Write-in candidate votes--includes registered and non-registered write-ins</attrdef></attr><attr><attrlabl Sync="TRUE">STAUDTOT</attrlabl><attalias Sync="TRUE">STAUDTOT</attalias><attrtype Sync="TRUE">Number</attrtype><attwidth Sync="TRUE">10</attwidth><attrdef>State Auditor total votes</attrdef></attr><attr><attrlabl Sync="TRUE">ATGENIP</attrlabl><attalias Sync="TRUE">ATGENIP</attalias><attrtype Sync="TRUE">Number</attrtype><attwidth Sync="TRUE">10</attwidth><attrdef>Attorney General Independence Party votes</attrdef></attr><attr><attrlabl Sync="TRUE">ATGENR</attrlabl><attalias Sync="TRUE">ATGENR</attalias><attrtype Sync="TRUE">Number</attrtype><attwidth Sync="TRUE">10</attwidth><attrdef>Attorney General Republican Party votes</attrdef></attr><attr><attrlabl Sync="TRUE">ATGENDFL</attrlabl><attalias Sync="TRUE">ATGENDFL</attalias><attrtype Sync="TRUE">Number</attrtype><attwidth Sync="TRUE">10</attwidth><attrdef>Attorney General Democratic-Farmer-Labor Party votes</attrdef></attr><attr><attrlabl Sync="TRUE">ATGENTRP</attrlabl><attalias Sync="TRUE">ATGENTRP</attalias><attrtype Sync="TRUE">Number</attrtype><attwidth Sync="TRUE">10</attwidth><attrdef>Attorney General The Resource Party votes</attrdef></attr><attr><attrlabl Sync="TRUE">ATGENWI</attrlabl><attalias Sync="TRUE">ATGENWI</attalias><attrtype Sync="TRUE">Number</attrtype><attwidth Sync="TRUE">10</attwidth><attrdef>Attorney General Write-in candidate votes--includes registered and non-registered write-ins</attrdef></attr><attr><attrlabl Sync="TRUE">ATGENTOT</attrlabl><attalias Sync="TRUE">ATGENTOT</attalias><attrtype Sync="TRUE">Number</attrtype><attwidth Sync="TRUE">10</attwidth><attrdef>Attorney General total votes</attrdef></attr></detailed>
		<overview><eaover>Note: MCD and CTU_Code fields are based on Census designations, but do not always align with Census MCD names and FIPS codes, especially in unorganized territories.</eaover></overview>
	</eainfo>
	<distinfo>
		<resdesc>Downloadable Data</resdesc>
		<stdorder>
			<digform>
				<digtinfo>
					<transize>7.063</transize>
					<dssize Sync="TRUE">7.068</dssize></digtinfo>
			</digform>
		</stdorder>
	</distinfo>
	<metainfo>
		<metd>20101228</metd>
		<metc>
			<cntinfo>
				<cntaddr>
					<addrtype>mailing and physical address</addrtype>
					<city>Saint Paul</city>
					<state>MN</state>
					<postal>55155</postal>
					<address>180 State Office Building</address><address>55 Rev. Dr. Martin Luther King, Jr. Blvd.</address></cntaddr>
				<cntvoice>651-556-0648</cntvoice>
				<cntperp><cntper>Brad Neuhauser</cntper><cntorg>Office of the Minnesota Secretary of State</cntorg></cntperp><cntpos>GIS Specialist</cntpos><cntfax>651-296-9073</cntfax><cntemail>brad.neuhauser@state.mn.us</cntemail><hours>8:00-4:30</hours></cntinfo>
		</metc>
		<metstdn>FGDC Content Standards for Digital Geospatial Metadata</metstdn>
		<metstdv>FGDC-STD-001-1998</metstdv>
		<mettc>local time</mettc>
		<metextns>
			<onlink>http://www.esri.com/metadata/esriprof80.html</onlink>
			<metprof>ESRI Metadata Profile</metprof>
		</metextns>
		<metextns>
			<onlink>http://www.esri.com/metadata/esriprof80.html</onlink>
			<metprof>ESRI Metadata Profile</metprof>
		</metextns>
		<langmeta Sync="TRUE">en</langmeta><metextns><onlink Sync="TRUE">http://www.esri.com/metadata/esriprof80.html</onlink><metprof Sync="TRUE">ESRI Metadata Profile</metprof></metextns></metainfo>
	<Esri><MetaID>{36040993-C236-4E4F-AD57-135FF2F70721}</MetaID><CreaDate>20101228</CreaDate><CreaTime>08595000</CreaTime><SyncOnce>FALSE</SyncOnce><SyncDate>20101228</SyncDate><SyncTime>10022200</SyncTime><ModDate>20101228</ModDate><ModTime>10101500</ModTime></Esri><dataIdInfo><envirDesc Sync="TRUE">Microsoft Windows XP Version 5.1 (Build 2600) Service Pack 3; ESRI ArcCatalog 9.2.6.1500</envirDesc><dataLang><languageCode Sync="TRUE" value="en"></languageCode></dataLang><idCitation><resTitle Sync="TRUE">elec2010</resTitle><presForm><PresFormCd Sync="TRUE" value="005"></PresFormCd></presForm></idCitation><spatRpType><SpatRepTypCd Sync="TRUE" value="001"></SpatRepTypCd></spatRpType><dataExt><geoEle><GeoBndBox esriExtentType="native"><westBL Sync="TRUE">189775.37995</westBL><eastBL Sync="TRUE">761662.354535</eastBL><northBL Sync="TRUE">5472414.143295</northBL><southBL Sync="TRUE">4816289.746171</southBL><exTypeCode Sync="TRUE">1</exTypeCode></GeoBndBox></geoEle></dataExt><geoBox esriExtentType="decdegrees"><westBL Sync="TRUE">-97.269853</westBL><eastBL Sync="TRUE">-89.397028</eastBL><northBL Sync="TRUE">49.404414</northBL><southBL Sync="TRUE">43.435244</southBL><exTypeCode Sync="TRUE">1</exTypeCode></geoBox></dataIdInfo><mdLang><languageCode Sync="TRUE" value="en"></languageCode></mdLang><mdStanName Sync="TRUE">ISO 19115 Geographic Information - Metadata</mdStanName><mdStanVer Sync="TRUE">DIS_ESRI1.0</mdStanVer><mdChar><CharSetCd Sync="TRUE" value="004"></CharSetCd></mdChar><mdHrLv><ScopeCd Sync="TRUE" value="005"></ScopeCd></mdHrLv><mdHrLvName Sync="TRUE">dataset</mdHrLvName><distInfo><distributor><distorTran><onLineSrc><orDesc Sync="TRUE">002</orDesc><linkage Sync="TRUE">file://\\ELECT11\C\GIS\Data\Results\2010\General\elec2010.shp</linkage><protocol Sync="TRUE">Local Area Network</protocol></onLineSrc><transSize Sync="TRUE">7.068</transSize></distorTran><distorFormat><formatName Sync="TRUE">Shapefile</formatName></distorFormat></distributor></distInfo><refSysInfo><RefSystem><refSysID><identCode Sync="TRUE">NAD_1983_UTM_Zone_15N</identCode></refSysID></RefSystem></refSysInfo><spatRepInfo><VectSpatRep><topLvl><TopoLevCd Sync="TRUE" value="001"></TopoLevCd></topLvl><geometObjs Name="elec2010"><geoObjTyp><GeoObjTypCd Sync="TRUE" value="001"></GeoObjTypCd></geoObjTyp><geoObjCnt Sync="TRUE">4136</geoObjCnt></geometObjs></VectSpatRep></spatRepInfo><mdDateSt Sync="TRUE">20101228</mdDateSt></metadata>
