<?xml version="1.0" encoding="ISO-8859-1"?>
<metadata>
	<idinfo>
		<citation>
			<citeinfo>
				<origin>Warren County GIS Department</origin>
				<pubdate>Unknown</pubdate>
				<title Sync="TRUE">Warren_County_Voting_Precincts</title>
				<geoform Sync="TRUE">vector digital data</geoform>
				<onlink>\\w2kgis1\_working$\G-I-S\Dawn_work\parcel0303.shp</onlink>
				<ftname Sync="TRUE">Warren_County_Voting_Precincts</ftname></citeinfo>
		</citation>
		<descript>
			<abstract>Warren County Voting Precincts</abstract>
			<purpose>Developed to provide Waren County with accurate voting areas</purpose>
			<langdata Sync="TRUE">en</langdata></descript>
		<timeperd>
			<timeinfo>
				<mdattim><sngdate><caldate>14oct2011</caldate></sngdate><sngdate><caldate>7DEC2011</caldate></sngdate></mdattim></timeinfo>
			<current>publication date</current>
		</timeperd>
		<status>
			<progress>In work</progress>
			<update>As needed</update>
		</status>
		<spdom>
			<bounding>
				<westbc Sync="TRUE">-84.365515</westbc>
				<eastbc Sync="TRUE">-83.970328</eastbc>
				<northbc Sync="TRUE">39.595047</northbc>
				<southbc Sync="TRUE">39.249922</southbc>
			</bounding>
			<lboundng><leftbc Sync="TRUE">1442803.250000</leftbc><rightbc Sync="TRUE">1552173.624900</rightbc><bottombc Sync="TRUE">460645.031300</bottombc><topbc Sync="TRUE">584350.812500</topbc></lboundng></spdom>
		<keywords>
			<theme>
				<themekey>Voting Precincts</themekey>
			</theme>
		</keywords>
		<accconst>None</accconst>
		<ptcontac>
			<cntinfo>
				<cntperp>
					<cntper>Dawn Johnson</cntper>
					<cntorg>Warren County GIS Department</cntorg>
				</cntperp>
				<cntvoice>513-695-2511</cntvoice>
				<cntfax>513-695-2972</cntfax>
				<cntemail>johndm@co.warren.oh.us</cntemail>
				<hours>8-4</hours>
				<cntpos>GIS Coordinator</cntpos><cntaddr><addrtype>physical address</addrtype><address>406 Justice Dr.</address><city>Lebanon</city><state>Ohio</state><postal>45036</postal><country>United States</country></cntaddr></cntinfo>
		</ptcontac>
		<native Sync="TRUE">Microsoft Windows XP Version 5.1 (Build 2600) Service Pack 2; ESRI ArcCatalog 9.3.1.1850</native>
		<natvform Sync="TRUE">Shapefile</natvform></idinfo>
	<spdoinfo>
		<direct Sync="TRUE">Vector</direct>
		<ptvctinf>
			<sdtsterm Name="Warren_County_Voting_Precincts">
				<sdtstype Sync="TRUE">G-polygon</sdtstype>
				<ptvctcnt Sync="TRUE">175</ptvctcnt>
			</sdtsterm>
			<esriterm Name="Warren_County_Voting_Precincts"><efeatyp Sync="TRUE">Simple</efeatyp><efeageom Sync="TRUE">Polygon</efeageom><esritopo Sync="TRUE">FALSE</esritopo><efeacnt Sync="TRUE">175</efeacnt><spindex Sync="TRUE">FALSE</spindex><linrefer Sync="TRUE">FALSE</linrefer><XYRank Sync="TRUE">1</XYRank><ZRank Sync="TRUE">1</ZRank><topoWeight Sync="TRUE">5.000000</topoWeight><validateEvents Sync="TRUE">FALSE</validateEvents></esriterm></ptvctinf>
	</spdoinfo>
	<eainfo>
		<detailed Name="Warren_County_Voting_Precincts">
			<enttyp>
				<enttypl Sync="TRUE">Warren_County_Voting_Precincts</enttypl>
				<enttypt Sync="TRUE">Feature Class</enttypt><enttypc Sync="TRUE">175</enttypc></enttyp>
			<attr><attrlabl Sync="TRUE">FID</attrlabl><attalias Sync="TRUE">FID</attalias><attrtype Sync="TRUE">OID</attrtype><attwidth Sync="TRUE">4</attwidth><atprecis Sync="TRUE">0</atprecis><attscale Sync="TRUE">0</attscale><attrdef Sync="TRUE">Internal feature number.</attrdef><attrdefs Sync="TRUE">ESRI</attrdefs><attrdomv><udom Sync="TRUE">Sequential unique whole numbers that are automatically generated.</udom></attrdomv></attr><attr>
				<attrlabl Sync="TRUE">OBJECTID_1</attrlabl>
				<attrdef Sync="TRUE">Internal feature number.</attrdef>
				<attrdefs Sync="TRUE">ESRI</attrdefs>
				<attrdomv>
					<udom Sync="TRUE">Sequential unique whole numbers that are automatically generated.</udom>
				</attrdomv>
				<attalias Sync="TRUE">OBJECTID_1</attalias><attrtype Sync="TRUE">Number</attrtype><attwidth Sync="TRUE">9</attwidth></attr>
			<attr>
				<attrlabl Sync="TRUE">Shape</attrlabl>
				<attrdef Sync="TRUE">Feature geometry.</attrdef>
				<attrdefs Sync="TRUE">ESRI</attrdefs>
				<attrdomv>
					<udom Sync="TRUE">Coordinates defining the features.</udom>
				</attrdomv>
				<attalias Sync="TRUE">Shape</attalias><attrtype Sync="TRUE">Geometry</attrtype><attwidth Sync="TRUE">0</attwidth><atprecis Sync="TRUE">0</atprecis><attscale Sync="TRUE">0</attscale></attr>
			<attr>
				<attrlabl Sync="TRUE">OBJECTID</attrlabl>
				<attalias Sync="TRUE">OBJECTID</attalias><attrtype Sync="TRUE">Number</attrtype><attwidth Sync="TRUE">9</attwidth></attr>
			<attr>
				<attrlabl Sync="TRUE">AREA</attrlabl>
				<attalias Sync="TRUE">AREA</attalias><attrtype Sync="TRUE">Float</attrtype><attwidth Sync="TRUE">19</attwidth><atnumdec Sync="TRUE">11</atnumdec></attr>
			<attr>
				<attrlabl Sync="TRUE">PERIMETER</attrlabl>
				<attalias Sync="TRUE">PERIMETER</attalias><attrtype Sync="TRUE">Float</attrtype><attwidth Sync="TRUE">19</attwidth><atnumdec Sync="TRUE">11</atnumdec></attr>
			<attr>
				<attrlabl Sync="TRUE">PRECINCT</attrlabl>
				<attalias Sync="TRUE">PRECINCT</attalias><attrtype Sync="TRUE">Number</attrtype><attwidth Sync="TRUE">9</attwidth><attrdef>Voting Precincts</attrdef><attrdefs>Warren County Precincts</attrdefs></attr>
			<attr>
				<attrlabl Sync="TRUE">FIRST_BND</attrlabl>
				<attalias Sync="TRUE">FIRST_BND</attalias><attrtype Sync="TRUE">String</attrtype><attwidth Sync="TRUE">30</attwidth><attrdef>Warren County Political Boundaries</attrdef><attrdefs>Warren County GIS</attrdefs></attr>
			<attr>
				<attrlabl Sync="TRUE">FULLNAM2</attrlabl>
				<attalias Sync="TRUE">FULLNAM2</attalias><attrtype Sync="TRUE">Number</attrtype><attwidth Sync="TRUE">9</attwidth><attrdef>Warren County Voting Precincts</attrdef><attrdefs>Warren County BOE</attrdefs></attr>
			<attr>
				<attrlabl Sync="TRUE">OHHOUSE</attrlabl>
				<attalias Sync="TRUE">OHHOUSE</attalias><attrtype Sync="TRUE">Number</attrtype><attwidth Sync="TRUE">9</attwidth><attrdef>Ohio House Districts</attrdef><attrdefs>Warren County Board of Elections</attrdefs></attr>
			<attr>
				<attrlabl Sync="TRUE">USCONGRESS</attrlabl>
				<attalias Sync="TRUE">USCONGRESS</attalias><attrtype Sync="TRUE">Number</attrtype><attwidth Sync="TRUE">4</attwidth><attrdef>U S Congressional Districts</attrdef><attrdefs>Warren County Board of Elections</attrdefs></attr>
			<attr>
				<attrlabl Sync="TRUE">SHAPE_LENG</attrlabl>
				<attalias Sync="TRUE">SHAPE_LENG</attalias><attrtype Sync="TRUE">Float</attrtype><attwidth Sync="TRUE">19</attwidth><atnumdec Sync="TRUE">11</atnumdec></attr>
			<attr><attrlabl Sync="TRUE">Shape_Le_1</attrlabl><attalias Sync="TRUE">Shape_Le_1</attalias><attrtype Sync="TRUE">Float</attrtype><attwidth Sync="TRUE">19</attwidth><atnumdec Sync="TRUE">11</atnumdec></attr><attr><attrlabl Sync="TRUE">Shape_Area</attrlabl><attalias Sync="TRUE">Shape_Area</attalias><attrtype Sync="TRUE">Float</attrtype><attwidth Sync="TRUE">19</attwidth><attrdef Sync="TRUE">Area of feature in internal units squared.</attrdef><attrdefs Sync="TRUE">ESRI</attrdefs><attrdomv><udom Sync="TRUE">Positive real numbers that are automatically generated.</udom></attrdomv><atnumdec Sync="TRUE">11</atnumdec></attr><attr><attrlabl Sync="TRUE">precNEW</attrlabl><attalias Sync="TRUE">precNEW</attalias><attrtype Sync="TRUE">Number</attrtype><attwidth Sync="TRUE">4</attwidth></attr><attr><attrlabl Sync="TRUE">fullnamtxt</attrlabl><attalias Sync="TRUE">fullnamtxt</attalias><attrtype Sync="TRUE">String</attrtype><attwidth Sync="TRUE">4</attwidth><attrdef>precinct name in text for mapbook</attrdef><attrdefs>Warren County GIS</attrdefs></attr><attr><attrlabl Sync="TRUE">prec_name</attrlabl><attalias Sync="TRUE">prec_name</attalias><attrtype Sync="TRUE">String</attrtype><attwidth Sync="TRUE">50</attwidth><attrdef>precinct name</attrdef><attrdefs>Warren County BOE</attrdefs></attr></detailed>
	</eainfo>
	<distinfo>
		<resdesc>Downloadable Data</resdesc>
		<distliab>
Warren County makes no warranty or representation with respect to this information, its quality, or suitability for a particular purpose. This information is provided as-is and the requester assumes all risk as to its quality and suitability.

The County will not be responsible for any direct, indirect, incidential, or consequential damages resulting from any defect in the information. The county shall have no liability for any other information programs or data used with or combined with teh requested information, including the cost of recovering information, programs, or data.
</distliab>
		<stdorder>
			<digform>
				<digtinfo>
					<transize>187.596</transize>
					<dssize Sync="TRUE">1.797</dssize></digtinfo>
			</digform>
		</stdorder>
	</distinfo>
	<metainfo>
		<metd Sync="TRUE">20121101</metd>
		<metc>
			<cntinfo>
				<cntorgp>
					<cntorg>Warren County GIS Department</cntorg>
					<cntper>Dawn Johnson</cntper>
				</cntorgp>
				<cntaddr>
					<addrtype>physical address</addrtype>
					<city>Lebanon</city>
					<state>Ohio</state>
					<postal>45036</postal>
					<address>406 Justice Dr.</address><country>United States</country></cntaddr>
				<cntvoice>513-695-2511</cntvoice>
				<cntpos>GIS Coordinator</cntpos><cntfax>513-695-2972</cntfax><cntemail>jihndm@co.warren.oh.us</cntemail></cntinfo>
		</metc>
		<metstdn Sync="TRUE">FGDC Content Standards for Digital Geospatial Metadata</metstdn>
		<metstdv Sync="TRUE">FGDC-STD-001-1998</metstdv>
		<mettc Sync="TRUE">local time</mettc>
		<metextns>
			<onlink>http://www.esri.com/metadata/esriprof80.html</onlink>
			<metprof>ESRI Metadata Profile</metprof>
		</metextns>
		<langmeta Sync="TRUE">en</langmeta><metextns><onlink Sync="TRUE">http://www.esri.com/metadata/esriprof80.html</onlink><metprof Sync="TRUE">ESRI Metadata Profile</metprof></metextns></metainfo>
	<Esri><CreaDate>20160815</CreaDate><CreaTime>07402900</CreaTime><SyncOnce>FALSE</SyncOnce><SyncDate>20121101</SyncDate><SyncTime>10475500</SyncTime><ModDate>20121101</ModDate><ModTime>10475500</ModTime><ArcGISFormat>1.0</ArcGISFormat></Esri><dataqual><lineage><procstep><procdesc Sync="TRUE">Metadata imported.</procdesc><srcused Sync="TRUE">C:\DOCUME~1\fusors\LOCALS~1\Temp\xml1DB.tmp</srcused><date Sync="TRUE">20030325</date><time Sync="TRUE">10565900</time></procstep><procstep><procdesc Sync="TRUE">Dataset copied.</procdesc><srcused Sync="TRUE"></srcused><date Sync="TRUE">20050107</date><time Sync="TRUE">10295100</time></procstep><procstep><procdesc Sync="TRUE">Dataset copied.</procdesc><srcused Sync="TRUE">\\w2kgis1\_working$\G-I-S\corpworking\wc_bnd.mdb</srcused><date Sync="TRUE">20050107</date><time Sync="TRUE">15570900</time></procstep><procstep><procdesc Sync="TRUE">Dataset copied.</procdesc><srcused Sync="TRUE">\\w2kgis1\_working$\G-I-S\corpworking\wc_bnd_1705.mdb</srcused><date Sync="TRUE">20050309</date><time Sync="TRUE">09185500</time></procstep><procstep><procdesc Sync="TRUE">Dataset copied.</procdesc><srcused Sync="TRUE">\\wcvfs7\_working$\G-I-S\Land_Records\Randy\Copy of RSFusonCheckOut.mdb</srcused><date Sync="TRUE">20090901</date><time Sync="TRUE">08023400</time></procstep><procstep><procdesc Sync="TRUE">Dataset copied.</procdesc><srcused Sync="TRUE"></srcused><procdate Sync="TRUE">20110912</procdate><proctime Sync="TRUE">07432100</proctime></procstep><procstep><procdesc Sync="TRUE">Dataset copied.</procdesc><srcused Sync="TRUE"></srcused><procdate Sync="TRUE">20110912</procdate><proctime Sync="TRUE">10524000</proctime></procstep></lineage></dataqual><dataIdInfo><envirDesc Sync="TRUE">Microsoft Windows XP Version 5.1 (Build 2600) Service Pack 2; ESRI ArcCatalog 9.3.1.1850</envirDesc><dataLang><languageCode Sync="TRUE" value="en"></languageCode></dataLang><idCitation><resTitle Sync="TRUE">Warren_County_Voting_Precincts</resTitle><presForm><PresFormCd Sync="TRUE" value="005"></PresFormCd></presForm></idCitation><spatRpType><SpatRepTypCd Sync="TRUE" value="001"></SpatRepTypCd></spatRpType><geoBox esriExtentType="decdegrees"><westBL Sync="TRUE">-84.365515</westBL><eastBL Sync="TRUE">-83.970328</eastBL><northBL Sync="TRUE">39.595047</northBL><southBL Sync="TRUE">39.249922</southBL><exTypeCode Sync="TRUE">1</exTypeCode></geoBox><dataExt><geoEle><GeoBndBox esriExtentType="native"><westBL Sync="TRUE">1442803.25</westBL><eastBL Sync="TRUE">1552173.6249</eastBL><northBL Sync="TRUE">584350.8125</northBL><southBL Sync="TRUE">460645.0313</southBL><exTypeCode Sync="TRUE">1</exTypeCode></GeoBndBox></geoEle></dataExt></dataIdInfo><mdLang><languageCode Sync="TRUE" value="en"></languageCode></mdLang><mdStanName Sync="TRUE">ISO 19115 Geographic Information - Metadata</mdStanName><mdStanVer Sync="TRUE">DIS_ESRI1.0</mdStanVer><mdChar><CharSetCd Sync="TRUE" value="004"></CharSetCd></mdChar><mdHrLv><ScopeCd Sync="TRUE" value="005"></ScopeCd></mdHrLv><mdHrLvName Sync="TRUE">dataset</mdHrLvName><distInfo><distributor><distorTran><onLineSrc><orDesc Sync="TRUE">002</orDesc><linkage Sync="TRUE">file://\\wcvfs7\_public$\Boundary\Boundary_Jurisdiction\Voting_Districts_Area\Warren_County_Voting_Precincts.shp</linkage><protocol Sync="TRUE">Local Area Network</protocol></onLineSrc><transSize Sync="TRUE">1.797</transSize></distorTran><distorFormat><formatName Sync="TRUE">Shapefile</formatName></distorFormat></distributor></distInfo><spref><horizsys><cordsysn><geogcsn Sync="TRUE">GCS_North_American_1983</geogcsn><projcsn Sync="TRUE">NAD_1983_StatePlane_Ohio_South_FIPS_3402_Feet</projcsn></cordsysn><planar><planci><plance Sync="TRUE">coordinate pair</plance><plandu Sync="TRUE">survey feet</plandu><coordrep><absres Sync="TRUE">0.000000</absres><ordres Sync="TRUE">0.000000</ordres></coordrep></planci><mapproj><mapprojn Sync="TRUE">Lambert Conformal Conic</mapprojn><lambertc><stdparll Sync="TRUE">38.733333</stdparll><stdparll Sync="TRUE">40.033333</stdparll><longcm Sync="TRUE">-82.500000</longcm><latprjo Sync="TRUE">38.000000</latprjo><feast Sync="TRUE">1968500.000000</feast><fnorth Sync="TRUE">0.000000</fnorth></lambertc></mapproj></planar><geodetic><horizdn Sync="TRUE">North American Datum of 1983</horizdn><ellips Sync="TRUE">Geodetic Reference System 80</ellips><semiaxis Sync="TRUE">6378137.000000</semiaxis><denflat Sync="TRUE">298.257222</denflat></geodetic></horizsys><vertdef><altsys><altenc Sync="TRUE">Explicit elevation coordinate included with horizontal coordinates</altenc><altres Sync="TRUE">0.000010</altres></altsys></vertdef></spref><refSysInfo><RefSystem><refSysID><identCode Sync="TRUE">NAD_1983_StatePlane_Ohio_South_FIPS_3402_Feet</identCode></refSysID></RefSystem></refSysInfo><spatRepInfo><VectSpatRep><topLvl><TopoLevCd Sync="TRUE" value="001"></TopoLevCd></topLvl><geometObjs Name="Warren_County_Voting_Precincts"><geoObjTyp><GeoObjTypCd Sync="TRUE" value="001"></GeoObjTypCd></geoObjTyp><geoObjCnt Sync="TRUE">175</geoObjCnt></geometObjs></VectSpatRep></spatRepInfo><mdDateSt Sync="TRUE">20121101</mdDateSt></metadata>
